spearman,jaccard5,url_id,group,model,family,severity,kind
0.5723703066781314,1.0,132045,flipped,xgb,path_strip,2.0,evasion
0.4376612209802236,0.6666666666666666,54952,flipped,xgb,path_strip,2.0,evasion
0.4261966179421038,1.0,42239,flipped,xgb,path_strip,2.0,evasion
0.415878475207796,1.0,134821,flipped,xgb,path_strip,2.0,evasion
0.48753224419604474,0.6666666666666666,174035,flipped,xgb,path_strip,2.0,evasion
0.4611636572083692,1.0,43811,flipped,xgb,path_strip,2.0,evasion
0.5849813700200631,0.6666666666666666,210171,flipped,xgb,path_strip,2.0,evasion
0.43422184006878767,1.0,33756,flipped,xgb,path_strip,2.0,evasion
0.5030094582975065,0.6666666666666666,123459,flipped,xgb,path_strip,2.0,evasion
0.40842648323301806,1.0,110177,flipped,xgb,path_strip,2.0,evasion
0.43422184006878767,1.0,158967,flipped,xgb,path_strip,2.0,evasion
0.28002292920607624,0.6666666666666666,80254,flipped,xgb,path_strip,2.0,evasion
0.41530524505589,1.0,141634,flipped,xgb,path_strip,2.0,evasion
0.5568930925766695,1.0,121918,flipped,xgb,path_strip,2.0,evasion
0.40556033247348816,1.0,32527,flipped,xgb,path_strip,2.0,evasion
0.5993121238177129,0.6666666666666666,116523,flipped,xgb,path_strip,2.0,evasion
0.28575523072513614,1.0,171959,flipped,xgb,path_strip,2.0,evasion
0.44683290341071946,0.6666666666666666,75778,flipped,xgb,path_strip,2.0,evasion
0.43364860991688164,1.0,140887,flipped,xgb,path_strip,2.0,evasion
0.4909716251074807,1.0,125511,flipped,xgb,path_strip,2.0,evasion
0.4989968472341646,1.0,76648,flipped,xgb,path_strip,2.0,evasion
0.49957007738607057,1.0,142594,flipped,xgb,path_strip,2.0,evasion
0.4256233877901978,0.6666666666666666,16323,flipped,xgb,path_strip,2.0,evasion
0.353396388650043,1.0,134978,flipped,xgb,path_strip,2.0,evasion
0.4571510461450272,0.6666666666666666,162075,flipped,xgb,path_strip,2.0,evasion
0.36256807108053885,1.0,68001,flipped,xgb,path_strip,2.0,evasion
0.5190599025508742,0.6666666666666666,74421,flipped,xgb,path_strip,2.0,evasion
0.5775293780452853,1.0,143044,flipped,xgb,path_strip,2.0,evasion
0.530524505588994,0.6666666666666666,160948,flipped,xgb,path_strip,2.0,evasion
0.3018056749785039,0.6666666666666666,62360,flipped,xgb,path_strip,2.0,evasion
0.5586127830323875,0.6666666666666666,89667,flipped,xgb,path_strip,2.0,evasion
0.3774720550300946,0.6666666666666666,211341,flipped,xgb,path_strip,2.0,evasion
0.37173975351103467,1.0,119543,flipped,xgb,path_strip,2.0,evasion
0.5798222986529092,1.0,178298,flipped,xgb,path_strip,2.0,evasion
0.4869590140441387,0.6666666666666666,198334,flipped,xgb,path_strip,2.0,evasion
0.35740899971338497,1.0,173890,flipped,xgb,path_strip,2.0,evasion
0.4967039266265405,0.6666666666666666,16176,flipped,xgb,path_strip,2.0,evasion
0.5981656635139009,0.6666666666666666,146739,flipped,xgb,path_strip,2.0,evasion
0.4204643164230438,0.6666666666666666,50276,flipped,xgb,path_strip,2.0,evasion
0.3333333333333333,0.6666666666666666,122403,flipped,xgb,path_strip,2.0,evasion
0.5116079105760963,1.0,213748,flipped,xgb,path_strip,2.0,evasion
0.41071940384064204,1.0,87980,flipped,xgb,path_strip,2.0,evasion
0.532244196044712,1.0,122289,flipped,xgb,path_strip,2.0,evasion
0.5505875609057037,1.0,139561,flipped,xgb,path_strip,2.0,evasion
0.4978503869303526,1.0,189072,flipped,xgb,path_strip,2.0,evasion
0.34021209515620526,0.6666666666666666,144673,flipped,xgb,path_strip,2.0,evasion
0.07194038406420179,0.42857142857142855,181453,flipped,xgb,path_strip,2.0,evasion
0.4078532530811121,1.0,78972,flipped,xgb,path_strip,2.0,evasion
0.6044711951848667,1.0,227996,flipped,xgb,path_strip,2.0,evasion
0.5110346804241904,1.0,183616,flipped,xgb,path_strip,2.0,evasion
0.32817426196617944,1.0,152594,flipped,xgb,path_strip,2.0,evasion
0.5471481799942677,0.6666666666666666,30321,flipped,xgb,path_strip,2.0,evasion
0.33104041272570944,1.0,114397,flipped,xgb,path_strip,2.0,evasion
0.4393809114359415,1.0,66992,flipped,xgb,path_strip,2.0,evasion
0.5374032674118658,1.0,24225,flipped,xgb,path_strip,2.0,evasion
0.46918887933505304,1.0,24849,flipped,xgb,path_strip,2.0,evasion
0.6073373459443967,0.6666666666666666,57443,flipped,xgb,path_strip,2.0,evasion
0.5316709658928059,1.0,125239,flipped,xgb,path_strip,2.0,evasion
0.5511607910576096,1.0,110316,flipped,xgb,path_strip,2.0,evasion
0.38435081685296646,0.6666666666666666,95741,flipped,xgb,path_strip,2.0,evasion
0.6102034967039267,1.0,61672,flipped,xgb,path_strip,2.0,evasion
0.5093149899684724,1.0,127954,flipped,xgb,path_strip,2.0,evasion
0.5001433075379765,1.0,63682,flipped,xgb,path_strip,2.0,evasion
0.4651762682717111,0.6666666666666666,17530,flipped,xgb,path_strip,2.0,evasion
0.5781026081971912,0.6666666666666666,164936,flipped,xgb,path_strip,2.0,evasion
0.5769561478933792,0.6666666666666666,37108,flipped,xgb,path_strip,2.0,evasion
0.5465749498423617,1.0,86130,flipped,xgb,path_strip,2.0,evasion
0.4537116652335913,0.6666666666666666,209085,flipped,xgb,path_strip,2.0,evasion
0.4502722843221554,1.0,146864,flipped,xgb,path_strip,2.0,evasion
0.5270851246775582,0.6666666666666666,180020,flipped,xgb,path_strip,2.0,evasion
0.5081685296646603,0.6666666666666666,153121,flipped,xgb,path_strip,2.0,evasion
0.4032674118658641,1.0,166837,flipped,xgb,path_strip,2.0,evasion
0.41358555460017205,0.6666666666666666,201685,flipped,xgb,path_strip,2.0,evasion
0.43823445113212955,1.0,23619,flipped,xgb,path_strip,2.0,evasion
0.5580395528804815,1.0,232671,flipped,xgb,path_strip,2.0,evasion
0.45141874462596737,1.0,10628,flipped,xgb,path_strip,2.0,evasion
0.4967039266265405,1.0,119043,flipped,xgb,path_strip,2.0,evasion
0.5093149899684724,1.0,36439,flipped,xgb,path_strip,2.0,evasion
0.3746059042705646,0.42857142857142855,19205,flipped,xgb,path_strip,2.0,evasion
0.4537116652335913,1.0,125491,flipped,xgb,path_strip,2.0,evasion
0.4846660934365148,1.0,179466,flipped,xgb,path_strip,2.0,evasion
0.353396388650043,1.0,71645,flipped,xgb,path_strip,2.0,evasion
0.46689595872742906,1.0,25617,flipped,xgb,path_strip,2.0,evasion
0.5144740613356263,1.0,182251,flipped,xgb,path_strip,2.0,evasion
0.4067067927773001,1.0,201001,flipped,xgb,path_strip,2.0,evasion
0.5001433075379765,1.0,80068,flipped,xgb,path_strip,2.0,evasion
0.5035826884494125,1.0,172777,flipped,xgb,path_strip,2.0,evasion
0.5402694181713958,1.0,214445,flipped,xgb,path_strip,2.0,evasion
0.43192891946116363,0.42857142857142855,68972,flipped,xgb,path_strip,2.0,evasion
0.47090856979077106,1.0,112743,flipped,xgb,path_strip,2.0,evasion
0.4256233877901978,1.0,161412,flipped,xgb,path_strip,2.0,evasion
0.45772427629693324,1.0,178711,flipped,xgb,path_strip,2.0,evasion
0.4216107767268559,0.6666666666666666,132693,flipped,xgb,path_strip,2.0,evasion
0.3711665233591287,0.6666666666666666,18363,flipped,xgb,path_strip,2.0,evasion
0.3654342218400688,1.0,69211,flipped,xgb,path_strip,2.0,evasion
0.5058756090570364,1.0,169686,flipped,xgb,path_strip,2.0,evasion
0.5035826884494125,0.6666666666666666,52451,flipped,xgb,path_strip,2.0,evasion
0.5356835769561479,0.6666666666666666,107544,flipped,xgb,path_strip,2.0,evasion
0.4325021496130697,1.0,202869,flipped,xgb,path_strip,2.0,evasion
0.4989968472341646,1.0,182628,flipped,xgb,path_strip,2.0,evasion
0.0765262252794497,0.42857142857142855,44233,flipped,xgb,path_strip,2.0,evasion
0.4181713958154199,1.0,230002,flipped,xgb,path_strip,2.0,evasion
0.5139008311837203,1.0,18767,flipped,xgb,path_strip,2.0,evasion
0.4955574663227286,1.0,223000,flipped,xgb,path_strip,2.0,evasion
0.44511321295500145,0.6666666666666666,132969,flipped,xgb,path_strip,2.0,evasion
0.34823731728288915,1.0,175951,flipped,xgb,path_strip,2.0,evasion
0.40269418171395815,1.0,19088,flipped,xgb,path_strip,2.0,evasion
0.32817426196617944,0.6666666666666666,26877,flipped,xgb,path_strip,2.0,evasion
0.3459443966752651,1.0,187151,flipped,xgb,path_strip,2.0,evasion
0.5190599025508742,0.6666666666666666,227382,flipped,xgb,path_strip,2.0,evasion
0.39810834049871024,0.6666666666666666,32914,flipped,xgb,path_strip,2.0,evasion
0.6090570364001147,1.0,169338,flipped,xgb,path_strip,2.0,evasion
0.3774720550300946,0.6666666666666666,227328,flipped,xgb,path_strip,2.0,evasion
0.5316709658928059,0.6666666666666666,161240,flipped,xgb,path_strip,2.0,evasion
0.42505015763829185,0.6666666666666666,185082,flipped,xgb,path_strip,2.0,evasion
0.3975351103468043,0.6666666666666666,114089,flipped,xgb,path_strip,2.0,evasion
0.5775293780452853,0.6666666666666666,98022,flipped,xgb,path_strip,2.0,evasion
0.44224706219547155,0.6666666666666666,152152,flipped,xgb,path_strip,2.0,evasion
0.4313556893092577,1.0,89289,flipped,xgb,path_strip,2.0,evasion
0.5316709658928059,1.0,134823,flipped,xgb,path_strip,2.0,evasion
0.5253654342218401,1.0,97008,flipped,xgb,path_strip,2.0,evasion
0.48409286328460877,0.42857142857142855,61415,flipped,xgb,path_strip,2.0,evasion
0.37517913442247064,1.0,229436,flipped,xgb,path_strip,2.0,evasion
0.5798222986529092,1.0,87452,flipped,xgb,path_strip,2.0,evasion
0.45829750644883926,1.0,111194,flipped,xgb,path_strip,2.0,evasion
0.5007165376898824,1.0,130228,flipped,xgb,path_strip,2.0,evasion
0.3447979363714531,1.0,167027,flipped,xgb,path_strip,2.0,evasion
0.5729435368300373,1.0,68770,flipped,xgb,path_strip,2.0,evasion
0.5179134422470622,1.0,144585,flipped,xgb,path_strip,2.0,evasion
0.414732014903984,1.0,96696,flipped,xgb,path_strip,2.0,evasion
0.532244196044712,1.0,78882,flipped,xgb,path_strip,2.0,evasion
0.35740899971338497,1.0,116626,flipped,xgb,path_strip,2.0,evasion
0.43422184006878767,1.0,176124,flipped,xgb,path_strip,2.0,evasion
0.5202063628546861,1.0,190215,flipped,xgb,path_strip,2.0,evasion
0.4296359988535397,0.6666666666666666,66319,flipped,xgb,path_strip,2.0,evasion
0.40842648323301806,1.0,201037,flipped,xgb,path_strip,2.0,evasion
0.6256807108053885,1.0,147677,flipped,xgb,path_strip,2.0,evasion
0.473201490398395,0.6666666666666666,59416,flipped,xgb,path_strip,2.0,evasion
0.40269418171395815,1.0,137123,flipped,xgb,path_strip,2.0,evasion
0.48122671252507887,1.0,189662,flipped,xgb,path_strip,2.0,evasion
0.48925193465176275,1.0,120276,flipped,xgb,path_strip,2.0,evasion
0.4502722843221554,0.6666666666666666,45494,flipped,xgb,path_strip,2.0,evasion
0.40154772141014616,1.0,225285,flipped,xgb,path_strip,2.0,evasion
0.4089997133849241,1.0,186865,flipped,xgb,path_strip,2.0,evasion
0.5597592433361995,1.0,85133,flipped,xgb,path_strip,2.0,evasion
0.40556033247348816,0.6666666666666666,177738,flipped,xgb,path_strip,2.0,evasion
0.48925193465176275,1.0,166710,flipped,xgb,path_strip,2.0,evasion
0.16652335912869018,0.42857142857142855,140701,flipped,xgb,path_strip,2.0,evasion
0.41071940384064204,1.0,150180,flipped,xgb,path_strip,2.0,evasion
0.3562625394095729,0.6666666666666666,169156,flipped,xgb,path_strip,2.0,evasion
0.4021209515620522,1.0,51597,flipped,xgb,path_strip,2.0,evasion
0.5402694181713958,1.0,114487,flipped,xgb,path_strip,2.0,evasion
0.4571510461450272,1.0,60145,flipped,xgb,path_strip,2.0,evasion
0.3476640871309831,1.0,40989,flipped,xgb,path_strip,2.0,evasion
0.49326454571510464,1.0,208350,flipped,xgb,path_strip,2.0,evasion
0.6182287188306105,1.0,185199,flipped,xgb,path_strip,2.0,evasion
0.4789337919174549,1.0,220206,flipped,xgb,path_strip,2.0,evasion
0.527658354829464,1.0,170555,flipped,xgb,path_strip,2.0,evasion
0.43364860991688164,0.6666666666666666,68433,flipped,xgb,path_strip,2.0,evasion
0.47090856979077106,0.6666666666666666,142342,flipped,xgb,path_strip,2.0,evasion
0.4261966179421038,1.0,142326,flipped,xgb,path_strip,2.0,evasion
0.4221840068787618,1.0,134624,flipped,xgb,path_strip,2.0,evasion
0.5568930925766695,1.0,61705,flipped,xgb,path_strip,2.0,evasion
0.5213528231584982,0.6666666666666666,146687,flipped,xgb,path_strip,2.0,evasion
0.3591286901691029,1.0,187081,flipped,xgb,path_strip,2.0,evasion
0.3780452851820006,0.6666666666666666,66804,flipped,xgb,path_strip,2.0,evasion
0.47836056176554886,0.6666666666666666,86310,flipped,xgb,path_strip,2.0,evasion
0.4359415305245056,1.0,176650,flipped,xgb,path_strip,2.0,evasion
0.45829750644883926,0.6666666666666666,37980,flipped,xgb,path_strip,2.0,evasion
0.4588707366007452,0.6666666666666666,142469,flipped,xgb,path_strip,2.0,evasion
0.472628260246489,1.0,49757,flipped,xgb,path_strip,2.0,evasion
0.5500143307537977,0.6666666666666666,169089,flipped,xgb,path_strip,2.0,evasion
0.39696188019489825,1.0,70367,flipped,xgb,path_strip,2.0,evasion
0.353969618801949,0.6666666666666666,42681,flipped,xgb,path_strip,2.0,evasion
0.4777873316136429,1.0,38808,flipped,xgb,path_strip,2.0,evasion
0.4949842361708226,1.0,143605,flipped,xgb,path_strip,2.0,evasion
0.44511321295500145,1.0,83354,flipped,xgb,path_strip,2.0,evasion
0.5660647750071653,0.6666666666666666,220646,flipped,xgb,path_strip,2.0,evasion
0.41014617368873607,0.6666666666666666,130026,flipped,xgb,path_strip,2.0,evasion
0.35683576956147894,1.0,153480,flipped,xgb,path_strip,2.0,evasion
0.4989968472341646,1.0,124025,flipped,xgb,path_strip,2.0,evasion
0.47033533963886504,1.0,74291,flipped,xgb,path_strip,2.0,evasion
0.35454284895385496,0.6666666666666666,220177,flipped,xgb,path_strip,2.0,evasion
0.4766408713098309,1.0,177490,flipped,xgb,path_strip,2.0,evasion
0.41530524505589,1.0,59162,flipped,xgb,path_strip,2.0,evasion
0.3654342218400688,1.0,91070,flipped,xgb,path_strip,2.0,evasion
0.5568930925766695,1.0,49029,flipped,xgb,path_strip,2.0,evasion
0.6222413298939525,1.0,54600,flipped,xgb,path_strip,2.0,evasion
0.5202063628546861,1.0,47018,flipped,xgb,path_strip,2.0,evasion
0.5310977357409,1.0,232810,flipped,xgb,path_strip,2.0,evasion
0.46632272857552304,1.0,211905,flipped,xgb,path_strip,2.0,evasion
0.45543135568930926,1.0,43379,flipped,xgb,path_strip,2.0,evasion
0.5196331327027801,0.6666666666666666,88407,flipped,xgb,path_strip,2.0,evasion
0.5098882201203784,1.0,185766,flipped,xgb,path_strip,2.0,evasion
0.5236457437661222,0.6666666666666666,42302,flipped,xgb,path_strip,2.0,evasion
0.32301519059902556,1.0,71599,flipped,xgb,path_strip,2.0,evasion
0.2983662940670679,1.0,148500,flipped,xgb,path_strip,2.0,evasion
0.4261966179421038,1.0,74907,flipped,xgb,path_strip,2.0,evasion
0.5408426483233019,1.0,129122,flipped,xgb,path_strip,2.0,evasion
0.5035826884494125,0.6666666666666666,50286,flipped,xgb,path_strip,2.0,evasion
0.5637718543995415,1.0,65631,flipped,xgb,path_strip,2.0,evasion
0.5207795930065922,1.0,228911,flipped,xgb,path_strip,2.0,evasion
0.45141874462596737,1.0,93863,flipped,xgb,path_strip,2.0,evasion
0.45256520492977936,0.6666666666666666,67987,flipped,xgb,path_strip,2.0,evasion
0.5517340212095156,0.6666666666666666,115500,flipped,xgb,path_strip,2.0,evasion
0.29779306391516197,0.6666666666666666,198375,flipped,xgb,path_strip,2.0,evasion
0.5505875609057037,1.0,70317,flipped,xgb,path_strip,2.0,evasion
0.5219260533104042,1.0,209431,flipped,xgb,path_strip,2.0,evasion
0.3241616509028375,1.0,51933,flipped,xgb,path_strip,2.0,evasion
0.4972771567784465,1.0,120388,flipped,xgb,path_strip,2.0,evasion
0.40957294353683005,1.0,114085,flipped,xgb,path_strip,2.0,evasion
0.43536830037259966,1.0,224684,flipped,xgb,path_strip,2.0,evasion
0.4089997133849241,1.0,75099,flipped,xgb,path_strip,2.0,evasion
0.5156205216394382,1.0,73449,flipped,xgb,path_strip,2.0,evasion
0.2989395242189739,1.0,192619,flipped,xgb,path_strip,2.0,evasion
0.5012897678417885,1.0,119409,flipped,xgb,path_strip,2.0,evasion
0.5351103468042419,1.0,234280,flipped,xgb,path_strip,2.0,evasion
0.39638865004299234,1.0,108545,flipped,xgb,path_strip,2.0,evasion
0.47492118085411295,1.0,28824,flipped,xgb,path_strip,2.0,evasion
0.4370879908283176,1.0,133298,flipped,xgb,path_strip,2.0,evasion
0.3132702780166237,0.42857142857142855,207927,flipped,xgb,path_strip,2.0,evasion
0.4399541415878475,0.6666666666666666,45940,flipped,xgb,path_strip,2.0,evasion
0.3023789051304099,1.0,12266,flipped,xgb,path_strip,2.0,evasion
0.4388076812840356,1.0,59420,flipped,xgb,path_strip,2.0,evasion
0.4388076812840356,1.0,170345,flipped,xgb,path_strip,2.0,evasion
0.41186586414445403,1.0,88740,flipped,xgb,path_strip,2.0,evasion
0.5161937517913443,1.0,84558,flipped,xgb,path_strip,2.0,evasion
0.6038979650329608,0.6666666666666666,102541,flipped,xgb,path_strip,2.0,evasion
0.45141874462596737,0.6666666666666666,150010,flipped,xgb,path_strip,2.0,evasion
0.3447979363714531,1.0,57249,flipped,xgb,path_strip,2.0,evasion
0.3906563485239324,0.6666666666666666,70674,flipped,xgb,path_strip,2.0,evasion
0.6079105760963028,1.0,27091,flipped,xgb,path_strip,2.0,evasion
0.4571510461450272,1.0,196947,flipped,xgb,path_strip,2.0,evasion
0.6073373459443967,1.0,67191,flipped,xgb,path_strip,2.0,evasion
0.42275723703066787,1.0,122801,flipped,xgb,path_strip,2.0,evasion
0.3648609916881628,1.0,77542,flipped,xgb,path_strip,2.0,evasion
0.5127543708799084,1.0,205540,flipped,xgb,path_strip,2.0,evasion
0.4611636572083692,1.0,70822,flipped,xgb,path_strip,2.0,evasion
0.5161937517913443,1.0,142384,flipped,xgb,path_strip,2.0,evasion
0.48409286328460877,1.0,225380,flipped,xgb,path_strip,2.0,evasion
0.4760676411579249,0.6666666666666666,121869,flipped,xgb,path_strip,2.0,evasion
0.5098882201203784,1.0,109362,flipped,xgb,path_strip,2.0,evasion
0.6107767268558326,1.0,233046,flipped,xgb,path_strip,2.0,evasion
0.5729435368300373,1.0,101297,flipped,xgb,path_strip,2.0,evasion
0.41702493551160796,0.6666666666666666,76881,flipped,xgb,path_strip,2.0,evasion
0.4611636572083692,1.0,119562,flipped,xgb,path_strip,2.0,evasion
0.5213528231584982,1.0,204934,flipped,xgb,path_strip,2.0,evasion
0.41014617368873607,1.0,4275,flipped,xgb,path_strip,2.0,evasion
0.5161937517913443,1.0,105753,flipped,xgb,path_strip,2.0,evasion
0.6067641157924908,0.6666666666666666,88309,flipped,xgb,path_strip,2.0,evasion
0.3591286901691029,1.0,231904,flipped,xgb,path_strip,2.0,evasion
0.34537116652335914,1.0,19334,flipped,xgb,path_strip,2.0,evasion
0.4869590140441387,0.6666666666666666,208876,flipped,xgb,path_strip,2.0,evasion
0.4393809114359415,0.6666666666666666,20957,flipped,xgb,path_strip,2.0,evasion
0.4221840068787618,1.0,99403,flipped,xgb,path_strip,2.0,evasion
0.6073373459443967,0.6666666666666666,88967,flipped,xgb,path_strip,2.0,evasion
0.5740899971338492,0.6666666666666666,142580,flipped,xgb,path_strip,2.0,evasion
0.24505588993981084,0.6666666666666666,135394,flipped,xgb,path_strip,2.0,evasion
0.5310977357409,1.0,68987,flipped,xgb,path_strip,2.0,evasion
0.4399541415878475,1.0,228326,flipped,xgb,path_strip,2.0,evasion
0.4399541415878475,0.6666666666666666,150354,flipped,xgb,path_strip,2.0,evasion
0.5460017196904557,1.0,76826,flipped,xgb,path_strip,2.0,evasion
0.4445399828030955,1.0,227909,flipped,xgb,path_strip,2.0,evasion
0.37517913442247064,0.6666666666666666,63873,flipped,xgb,path_strip,2.0,evasion
0.35683576956147894,1.0,127179,flipped,xgb,path_strip,2.0,evasion
0.4909716251074807,1.0,26190,flipped,xgb,path_strip,2.0,evasion
0.6050444253367727,1.0,37265,flipped,xgb,path_strip,2.0,evasion
0.4067067927773001,1.0,210196,flipped,xgb,path_strip,2.0,evasion
0.4926913155631987,1.0,231849,flipped,xgb,path_strip,2.0,evasion
0.43479507022069364,1.0,179389,flipped,xgb,path_strip,2.0,evasion
0.4261966179421038,1.0,94396,flipped,xgb,path_strip,2.0,evasion
0.5574663227285757,1.0,61476,flipped,xgb,path_strip,2.0,evasion
0.5488678704499858,1.0,113643,flipped,xgb,path_strip,2.0,evasion
0.48122671252507887,1.0,118742,flipped,xgb,path_strip,2.0,evasion
0.6050444253367727,1.0,175283,flipped,xgb,path_strip,2.0,evasion
0.5706506162224133,1.0,225257,flipped,xgb,path_strip,2.0,evasion
0.5414158784752079,0.6666666666666666,38726,flipped,xgb,path_strip,2.0,evasion
0.5121811407280022,0.6666666666666666,184050,flipped,xgb,path_strip,2.0,evasion
0.34823731728288915,0.6666666666666666,38914,flipped,xgb,path_strip,2.0,evasion
0.3562625394095729,1.0,115575,flipped,xgb,path_strip,2.0,evasion
0.5494411006018918,1.0,86031,flipped,xgb,path_strip,2.0,evasion
0.33104041272570944,0.6666666666666666,202619,flipped,xgb,path_strip,2.0,evasion
0.5603324734881056,1.0,38768,flipped,xgb,path_strip,2.0,evasion
0.4256233877901978,1.0,80486,flipped,xgb,path_strip,2.0,evasion
0.3900831183720264,1.0,166868,flipped,xgb,path_strip,2.0,evasion
0.45829750644883926,0.42857142857142855,56377,flipped,xgb,path_strip,2.0,evasion
0.1114932645457151,0.6666666666666666,72409,flipped,xgb,path_strip,2.0,evasion
0.5454284895385498,1.0,63463,flipped,xgb,path_strip,2.0,evasion
0.473201490398395,0.6666666666666666,67746,flipped,xgb,path_strip,2.0,evasion
0.5517340212095156,1.0,85937,flipped,xgb,path_strip,2.0,evasion
0.5482946402980796,1.0,122239,flipped,xgb,path_strip,2.0,evasion
0.4571510461450272,1.0,182691,flipped,xgb,path_strip,2.0,evasion
0.4428202923473775,1.0,219908,flipped,xgb,path_strip,2.0,evasion
0.5374032674118658,0.6666666666666666,208067,flipped,xgb,path_strip,2.0,evasion
0.48065348237317285,1.0,136527,flipped,xgb,path_strip,2.0,evasion
0.44511321295500145,1.0,150584,flipped,xgb,path_strip,2.0,evasion
0.4284895385497277,0.6666666666666666,192889,flipped,xgb,path_strip,2.0,evasion
0.5580395528804815,1.0,122662,flipped,xgb,path_strip,2.0,evasion
0.47836056176554886,0.6666666666666666,102925,flipped,xgb,path_strip,2.0,evasion
0.4038406420177702,1.0,102031,flipped,xgb,path_strip,2.0,evasion
0.5643450845514474,1.0,124525,flipped,xgb,path_strip,2.0,evasion
0.5672112353109774,0.6666666666666666,86075,flipped,xgb,path_strip,2.0,evasion
0.532244196044712,0.6666666666666666,203394,flipped,xgb,path_strip,2.0,evasion
0.5769561478933792,1.0,166985,flipped,xgb,path_strip,2.0,evasion
0.34823731728288915,0.6666666666666666,172878,flipped,xgb,path_strip,2.0,evasion
0.5156205216394382,0.6666666666666666,14201,flipped,xgb,path_strip,2.0,evasion
0.36314130123244487,1.0,12104,flipped,xgb,path_strip,2.0,evasion
0.5746632272857553,0.6666666666666666,59316,flipped,xgb,path_strip,2.0,evasion
0.5064488392089425,0.6666666666666666,96710,flipped,xgb,path_strip,2.0,evasion
0.4239036973344798,1.0,38397,flipped,xgb,path_strip,2.0,evasion
0.5024362281456005,1.0,201020,flipped,xgb,path_strip,2.0,evasion
0.48065348237317285,1.0,109966,flipped,xgb,path_strip,2.0,evasion
0.4239036973344798,1.0,2215,flipped,xgb,path_strip,2.0,evasion
0.4244769274863858,1.0,158609,flipped,xgb,path_strip,2.0,evasion
0.5609057036400115,1.0,126738,flipped,xgb,path_strip,2.0,evasion
0.48294640298079683,1.0,216561,flipped,xgb,path_strip,2.0,evasion
0.43823445113212955,0.6666666666666666,219184,flipped,xgb,path_strip,2.0,evasion
0.4296359988535397,0.6666666666666666,192057,flipped,xgb,path_strip,2.0,evasion
0.46689595872742906,1.0,149463,flipped,xgb,path_strip,2.0,evasion
0.5614789337919176,1.0,102243,flipped,xgb,path_strip,2.0,evasion
0.5402694181713958,1.0,69748,flipped,xgb,path_strip,2.0,evasion
0.353396388650043,1.0,182158,flipped,xgb,path_strip,2.0,evasion
0.43536830037259966,0.6666666666666666,70212,flipped,xgb,path_strip,2.0,evasion
0.49441100601891663,0.6666666666666666,90284,flipped,xgb,path_strip,2.0,evasion
0.5202063628546861,1.0,145164,flipped,xgb,path_strip,2.0,evasion
0.40269418171395815,1.0,2740,flipped,xgb,path_strip,2.0,evasion
0.5207795930065922,1.0,30147,flipped,xgb,path_strip,2.0,evasion
0.4433935224992835,1.0,138140,flipped,xgb,path_strip,2.0,evasion
0.4244769274863858,1.0,108471,flipped,xgb,path_strip,2.0,evasion
0.39810834049871024,1.0,213842,flipped,xgb,path_strip,2.0,evasion
0.4485525938664374,1.0,160699,flipped,xgb,path_strip,2.0,evasion
0.32932072226999143,1.0,71670,flipped,xgb,path_strip,2.0,evasion
0.35224992834623103,1.0,141177,flipped,xgb,path_strip,2.0,evasion
0.44052737173975354,1.0,90787,flipped,xgb,path_strip,2.0,evasion
0.4198910862711379,0.6666666666666666,56693,flipped,xgb,path_strip,2.0,evasion
0.473201490398395,1.0,76249,flipped,xgb,path_strip,2.0,evasion
0.3333333333333333,1.0,111676,flipped,xgb,path_strip,2.0,evasion
0.42906276870163373,1.0,223716,flipped,xgb,path_strip,2.0,evasion
0.5035826884494125,1.0,142466,flipped,xgb,path_strip,2.0,evasion
0.4365147606764116,1.0,22211,flipped,xgb,path_strip,2.0,evasion
0.41759816566351393,0.6666666666666666,22426,flipped,xgb,path_strip,2.0,evasion
0.5242189739180281,0.6666666666666666,141273,flipped,xgb,path_strip,2.0,evasion
0.4359415305245056,1.0,52489,flipped,xgb,path_strip,2.0,evasion
0.4456864431069074,1.0,5089,flipped,xgb,path_strip,2.0,evasion
0.4038406420177702,1.0,108426,flipped,xgb,path_strip,2.0,evasion
0.4594439667526512,1.0,133307,flipped,xgb,path_strip,2.0,evasion
0.32817426196617944,1.0,68128,flipped,xgb,path_strip,2.0,evasion
0.6222413298939525,0.6666666666666666,92470,flipped,xgb,path_strip,2.0,evasion
0.28002292920607624,1.0,158328,flipped,xgb,path_strip,2.0,evasion
0.44167383204356553,0.6666666666666666,211306,flipped,xgb,path_strip,2.0,evasion
0.4628833476640872,1.0,189433,flipped,xgb,path_strip,2.0,evasion
0.36314130123244487,1.0,124689,flipped,xgb,path_strip,2.0,evasion
0.5121811407280022,0.6666666666666666,223054,flipped,xgb,path_strip,2.0,evasion
0.5763829177414732,0.6666666666666666,160551,flipped,xgb,path_strip,2.0,evasion
0.45256520492977936,1.0,111920,flipped,xgb,path_strip,2.0,evasion
0.5184866723989683,1.0,101427,flipped,xgb,path_strip,2.0,evasion
0.34422470621954715,1.0,220343,flipped,xgb,path_strip,2.0,evasion
0.3895098882201204,1.0,120782,flipped,xgb,path_strip,2.0,evasion
0.3895098882201204,0.6666666666666666,99422,flipped,xgb,path_strip,2.0,evasion
0.4743479507022069,1.0,63432,flipped,xgb,path_strip,2.0,evasion
0.24047004872456293,1.0,83627,flipped,xgb,path_strip,2.0,evasion
0.5597592433361995,1.0,58344,flipped,xgb,path_strip,2.0,evasion
0.3837775867010605,1.0,91285,flipped,xgb,path_strip,2.0,evasion
0.4428202923473775,0.6666666666666666,897,flipped,xgb,path_strip,2.0,evasion
0.31155058756090576,1.0,3204,flipped,xgb,path_strip,2.0,evasion
0.533390656348524,1.0,69364,flipped,xgb,path_strip,2.0,evasion
0.5156205216394382,1.0,220001,flipped,xgb,path_strip,2.0,evasion
0.46632272857552304,0.6666666666666666,160523,flipped,xgb,path_strip,2.0,evasion
0.530524505588994,1.0,105714,flipped,xgb,path_strip,2.0,evasion
0.4216107767268559,1.0,127594,flipped,xgb,path_strip,2.0,evasion
0.3889366580682144,1.0,54311,flipped,xgb,path_strip,2.0,evasion
0.4021209515620522,0.6666666666666666,218392,flipped,xgb,path_strip,2.0,evasion
0.4542848953854973,1.0,11688,flipped,xgb,path_strip,2.0,evasion
0.4439667526511895,0.6666666666666666,225748,flipped,xgb,path_strip,2.0,evasion
0.5402694181713958,1.0,197478,flipped,xgb,path_strip,2.0,evasion
0.43479507022069364,1.0,209092,flipped,xgb,path_strip,2.0,evasion
0.4571510461450272,1.0,156316,flipped,xgb,path_strip,2.0,evasion
0.4537116652335913,0.6666666666666666,102515,flipped,xgb,path_strip,2.0,evasion
0.5202063628546861,0.6666666666666666,129961,flipped,xgb,path_strip,2.0,evasion
0.5224992834623102,0.42857142857142855,148269,flipped,xgb,path_strip,2.0,evasion
0.5035826884494125,1.0,210330,flipped,xgb,path_strip,2.0,evasion
0.4193178561192319,1.0,74866,flipped,xgb,path_strip,2.0,evasion
0.46976210948695907,1.0,208277,flipped,xgb,path_strip,2.0,evasion
0.6073373459443967,1.0,192720,flipped,xgb,path_strip,2.0,evasion
0.4972771567784465,1.0,61223,flipped,xgb,path_strip,2.0,evasion
0.4067067927773001,1.0,66833,flipped,xgb,path_strip,2.0,evasion
0.4594439667526512,1.0,10787,flipped,xgb,path_strip,2.0,evasion
0.4256233877901978,1.0,72025,flipped,xgb,path_strip,2.0,evasion
0.47090856979077106,1.0,87562,flipped,xgb,path_strip,2.0,evasion
0.2651189452565205,0.42857142857142855,17246,flipped,xgb,path_strip,2.0,evasion
0.529951275437088,1.0,70178,flipped,xgb,path_strip,2.0,evasion
0.3958154198910863,0.6666666666666666,32523,flipped,xgb,path_strip,2.0,evasion
0.47549441100601897,1.0,233332,flipped,xgb,path_strip,2.0,evasion
0.44511321295500145,1.0,18834,flipped,xgb,path_strip,2.0,evasion
0.52823158498137,0.6666666666666666,111535,flipped,xgb,path_strip,2.0,evasion
0.4313556893092577,1.0,52960,flipped,xgb,path_strip,2.0,evasion
0.4823731728288908,0.6666666666666666,35158,flipped,xgb,path_strip,2.0,evasion
0.3906563485239324,1.0,196416,flipped,xgb,path_strip,2.0,evasion
0.5133276010318143,1.0,168761,flipped,xgb,path_strip,2.0,evasion
0.3889366580682144,1.0,111016,flipped,xgb,path_strip,2.0,evasion
0.415878475207796,1.0,23786,flipped,xgb,path_strip,2.0,evasion
0.4955574663227286,1.0,126922,flipped,xgb,path_strip,2.0,evasion
0.4766408713098309,1.0,225598,flipped,xgb,path_strip,2.0,evasion
0.4313556893092577,1.0,151752,flipped,xgb,path_strip,2.0,evasion
0.3654342218400688,1.0,93774,flipped,xgb,path_strip,2.0,evasion
0.4898251648036687,1.0,178558,flipped,xgb,path_strip,2.0,evasion
0.5557466322728576,0.6666666666666666,168188,flipped,xgb,path_strip,2.0,evasion
0.5431355689309258,1.0,116825,flipped,xgb,path_strip,2.0,evasion
0.40154772141014616,0.6666666666666666,119608,flipped,xgb,path_strip,2.0,evasion
0.5563198624247636,1.0,95446,flipped,xgb,path_strip,2.0,evasion
0.4399541415878475,1.0,107418,flipped,xgb,path_strip,2.0,evasion
0.23015190599025512,0.42857142857142855,70534,flipped,xgb,path_strip,2.0,evasion
0.39868157065061627,0.6666666666666666,109308,flipped,xgb,path_strip,2.0,evasion
0.5184866723989683,1.0,185015,flipped,xgb,path_strip,2.0,evasion
0.43422184006878767,1.0,69855,flipped,xgb,path_strip,2.0,evasion
0.32817426196617944,0.6666666666666666,129191,flipped,xgb,path_strip,2.0,evasion
0.5631986242476354,0.6666666666666666,165285,flipped,xgb,path_strip,2.0,evasion
0.46804241903124105,1.0,112043,flipped,xgb,path_strip,2.0,evasion
0.5213528231584982,0.6666666666666666,140684,flipped,xgb,path_strip,2.0,evasion
0.3212955001433076,0.6666666666666666,202940,flipped,xgb,path_strip,2.0,evasion
0.44052737173975354,1.0,203941,flipped,xgb,path_strip,2.0,evasion
0.32186873029521357,1.0,193602,flipped,xgb,path_strip,2.0,evasion
0.6056176554886786,0.6666666666666666,19886,flipped,xgb,path_strip,2.0,evasion
0.40842648323301806,1.0,155842,flipped,xgb,path_strip,2.0,evasion
0.5482946402980796,1.0,27516,flipped,xgb,path_strip,2.0,evasion
0.44511321295500145,1.0,214317,flipped,xgb,path_strip,2.0,evasion
0.48294640298079683,0.42857142857142855,88749,flipped,xgb,path_strip,2.0,evasion
0.5631986242476354,1.0,74406,flipped,xgb,path_strip,2.0,evasion
0.415878475207796,1.0,186466,flipped,xgb,path_strip,2.0,evasion
0.10977357408999715,0.42857142857142855,64188,flipped,xgb,path_strip,2.0,evasion
0.5219260533104042,1.0,108476,flipped,xgb,path_strip,2.0,evasion
0.3889366580682144,1.0,90012,flipped,xgb,path_strip,2.0,evasion
0.5654915448552594,1.0,75334,flipped,xgb,path_strip,2.0,evasion
0.33104041272570944,1.0,185513,flipped,xgb,path_strip,2.0,evasion
0.2823158498137002,1.0,116299,flipped,xgb,path_strip,2.0,evasion
0.4869590140441387,1.0,166753,flipped,xgb,path_strip,2.0,evasion
0.5488678704499858,0.6666666666666666,139499,flipped,xgb,path_strip,2.0,evasion
0.6371453138435083,1.0,146807,flipped,xgb,path_strip,2.0,evasion
0.4777873316136429,1.0,146725,flipped,xgb,path_strip,2.0,evasion
0.38435081685296646,0.6666666666666666,46764,flipped,xgb,path_strip,2.0,evasion
0.4261966179421038,0.6666666666666666,132790,flipped,xgb,path_strip,2.0,evasion
0.3671539122957868,1.0,185173,flipped,xgb,path_strip,2.0,evasion
0.3614216107767269,1.0,33131,flipped,xgb,path_strip,2.0,evasion
0.6359988535396962,0.6666666666666666,77242,flipped,xgb,path_strip,2.0,evasion
0.6021782745772427,1.0,59060,flipped,xgb,path_strip,2.0,evasion
0.4067067927773001,1.0,144223,flipped,xgb,path_strip,2.0,evasion
0.5087417598165663,0.6666666666666666,130387,flipped,xgb,path_strip,2.0,evasion
0.5740899971338492,0.6666666666666666,124679,flipped,xgb,path_strip,2.0,evasion
0.5259386643737461,1.0,50738,flipped,xgb,path_strip,2.0,evasion
0.5070220693608484,1.0,227035,flipped,xgb,path_strip,2.0,evasion
0.532817426196618,1.0,61484,flipped,xgb,path_strip,2.0,evasion
0.5723703066781314,1.0,109146,flipped,xgb,path_strip,2.0,evasion
0.3241616509028375,1.0,145429,flipped,xgb,path_strip,2.0,evasion
0.5007165376898824,1.0,72300,flipped,xgb,path_strip,2.0,evasion
0.46976210948695907,1.0,136624,flipped,xgb,path_strip,2.0,evasion
0.5717970765262252,1.0,229901,flipped,xgb,path_strip,2.0,evasion
0.4926913155631987,1.0,204633,flipped,xgb,path_strip,2.0,evasion
0.3470908569790771,1.0,46924,flipped,xgb,path_strip,2.0,evasion
0.3591286901691029,0.6666666666666666,38624,flipped,xgb,path_strip,2.0,evasion
0.4657494984236171,1.0,226431,flipped,xgb,path_strip,2.0,evasion
0.40957294353683005,1.0,173636,flipped,xgb,path_strip,2.0,evasion
0.4433935224992835,0.6666666666666666,130938,flipped,xgb,path_strip,2.0,evasion
0.5654915448552594,0.6666666666666666,25268,flipped,xgb,path_strip,2.0,evasion
0.5477214101461737,1.0,148179,flipped,xgb,path_strip,2.0,evasion
0.5121811407280022,0.6666666666666666,158533,flipped,xgb,path_strip,2.0,evasion
0.48179994267698484,1.0,172505,flipped,xgb,path_strip,2.0,evasion
0.48867870449985673,1.0,11992,flipped,xgb,path_strip,2.0,evasion
0.530524505588994,0.6666666666666666,234559,flipped,xgb,path_strip,2.0,evasion
0.3900831183720264,1.0,43632,flipped,xgb,path_strip,2.0,evasion
0.47492118085411295,1.0,60193,flipped,xgb,path_strip,2.0,evasion
0.4852393235884208,1.0,68943,flipped,xgb,path_strip,2.0,evasion
0.4502722843221554,1.0,213012,flipped,xgb,path_strip,2.0,evasion
0.46976210948695907,1.0,101614,flipped,xgb,path_strip,2.0,evasion
0.45829750644883926,1.0,74059,flipped,xgb,path_strip,2.0,evasion
0.6113499570077388,1.0,71809,flipped,xgb,path_strip,2.0,evasion
0.4984236170822585,1.0,65542,flipped,xgb,path_strip,2.0,evasion
0.41358555460017205,0.6666666666666666,190777,flipped,xgb,path_strip,2.0,evasion
0.5207795930065922,1.0,29246,flipped,xgb,path_strip,2.0,evasion
0.42505015763829185,0.6666666666666666,104919,flipped,xgb,path_strip,2.0,evasion
0.3671539122957868,1.0,210570,flipped,xgb,path_strip,2.0,evasion
0.5408426483233019,1.0,182835,flipped,xgb,path_strip,2.0,evasion
0.5116079105760963,1.0,141538,flipped,xgb,path_strip,2.0,evasion
0.48351963313270285,1.0,139673,flipped,xgb,path_strip,2.0,evasion
0.6056176554886786,0.6666666666666666,155265,flipped,xgb,path_strip,2.0,evasion
0.5465749498423617,1.0,159865,flipped,xgb,path_strip,2.0,evasion
0.5391229578675838,1.0,151958,flipped,xgb,path_strip,2.0,evasion
0.4537116652335913,0.6666666666666666,141200,flipped,xgb,path_strip,2.0,evasion
0.44511321295500145,0.6666666666666666,21815,flipped,xgb,path_strip,2.0,evasion
0.2874749211808541,0.6666666666666666,131887,flipped,xgb,path_strip,2.0,evasion
0.5207795930065922,0.6666666666666666,159567,flipped,xgb,path_strip,2.0,evasion
0.4560045858412153,0.6666666666666666,121079,flipped,xgb,path_strip,2.0,evasion
0.37575236457437666,1.0,212197,flipped,xgb,path_strip,2.0,evasion
0.4852393235884208,1.0,215631,flipped,xgb,path_strip,2.0,evasion
0.5987388936658068,0.6666666666666666,68167,flipped,xgb,path_strip,2.0,evasion
0.5247922040699341,1.0,61058,flipped,xgb,path_strip,2.0,evasion
0.4233304671825739,1.0,193165,flipped,xgb,path_strip,2.0,evasion
0.39810834049871024,1.0,186393,flipped,xgb,path_strip,2.0,evasion
0.411292633992548,1.0,69504,flipped,xgb,path_strip,2.0,evasion
0.468615649183147,1.0,149837,flipped,xgb,path_strip,2.0,evasion
0.4439667526511895,1.0,55303,flipped,xgb,path_strip,2.0,evasion
0.590140441387217,1.0,99355,flipped,xgb,path_strip,2.0,evasion
0.3241616509028375,1.0,82715,flipped,xgb,path_strip,2.0,evasion
0.6233877901977645,1.0,57838,flipped,xgb,path_strip,2.0,evasion
0.5385497277156779,0.6666666666666666,160992,flipped,xgb,path_strip,2.0,evasion
0.5414158784752079,0.6666666666666666,106254,flipped,xgb,path_strip,2.0,evasion
0.35740899971338497,1.0,157307,flipped,xgb,path_strip,2.0,evasion
0.473774720550301,1.0,68690,flipped,xgb,path_strip,2.0,evasion
0.6079105760963028,1.0,218871,flipped,xgb,path_strip,2.0,evasion
0.4978503869303526,1.0,210516,flipped,xgb,path_strip,2.0,evasion
0.4560045858412153,1.0,155034,flipped,xgb,path_strip,2.0,evasion
0.4869590140441387,0.6666666666666666,228123,flipped,xgb,path_strip,2.0,evasion
0.534537116652336,0.6666666666666666,223224,flipped,xgb,path_strip,2.0,evasion
0.45829750644883926,1.0,60299,flipped,xgb,path_strip,2.0,evasion
0.4984236170822585,1.0,173656,flipped,xgb,path_strip,2.0,evasion
0.415878475207796,1.0,23641,flipped,xgb,path_strip,2.0,evasion
0.4456864431069074,1.0,28263,flipped,xgb,path_strip,2.0,evasion
0.4089997133849241,0.6666666666666666,132622,flipped,xgb,path_strip,2.0,evasion
0.5316709658928059,1.0,12647,flipped,xgb,path_strip,2.0,evasion
0.49957007738607057,1.0,164590,flipped,xgb,path_strip,2.0,evasion
0.43536830037259966,1.0,92531,flipped,xgb,path_strip,2.0,evasion
0.3447979363714531,1.0,91898,flipped,xgb,path_strip,2.0,evasion
0.3023789051304099,1.0,163243,flipped,xgb,path_strip,2.0,evasion
0.4989968472341646,0.6666666666666666,123949,flipped,xgb,path_strip,2.0,evasion
0.5597592433361995,1.0,140150,flipped,xgb,path_strip,2.0,evasion
0.5609057036400115,1.0,24633,flipped,xgb,path_strip,2.0,evasion
0.38091143594153054,1.0,26294,flipped,xgb,path_strip,2.0,evasion
0.6050444253367727,1.0,114535,flipped,xgb,path_strip,2.0,evasion
0.5001433075379765,1.0,25960,flipped,xgb,path_strip,2.0,evasion
0.5041559186013185,1.0,94214,flipped,xgb,path_strip,2.0,evasion
-0.05130409859558613,0.6666666666666666,205424,flipped,xgb,path_strip,2.0,evasion
0.5133276010318143,1.0,90367,flipped,xgb,path_strip,2.0,evasion
0.5551734021209516,1.0,144909,flipped,xgb,path_strip,2.0,evasion
0.5075952995127545,1.0,178470,flipped,xgb,path_strip,2.0,evasion
0.5173402120951562,1.0,85010,flipped,xgb,path_strip,2.0,evasion
0.5339638865004299,1.0,207051,flipped,xgb,path_strip,2.0,evasion
0.21524792204069937,0.42857142857142855,127425,flipped,xgb,path_strip,2.0,evasion
0.21639438234451133,1.0,134464,flipped,xgb,path_strip,2.0,evasion
0.5574663227285757,0.6666666666666666,31942,flipped,xgb,path_strip,2.0,evasion
0.4502722843221554,1.0,231643,flipped,xgb,path_strip,2.0,evasion
0.4239036973344798,1.0,127036,flipped,xgb,path_strip,2.0,evasion
0.3241616509028375,1.0,20943,flipped,xgb,path_strip,2.0,evasion
0.3619948409286329,1.0,64345,flipped,xgb,path_strip,2.0,evasion
0.37976497563771855,1.0,185729,flipped,xgb,path_strip,2.0,evasion
0.4021209515620522,1.0,58982,flipped,xgb,path_strip,2.0,evasion
0.5775293780452853,1.0,56360,flipped,xgb,path_strip,2.0,evasion
0.47836056176554886,1.0,39483,flipped,xgb,path_strip,2.0,evasion
0.5591860131842935,1.0,220219,flipped,xgb,path_strip,2.0,evasion
0.3900831183720264,1.0,77908,flipped,xgb,path_strip,2.0,evasion
0.5637718543995415,1.0,35062,flipped,xgb,path_strip,2.0,evasion
0.5626253940957294,0.6666666666666666,161157,flipped,xgb,path_strip,2.0,evasion
0.5574663227285757,1.0,60327,flipped,xgb,path_strip,2.0,evasion
0.5024362281456005,1.0,225669,flipped,xgb,path_strip,2.0,evasion
0.48409286328460877,0.42857142857142855,4260,flipped,xgb,path_strip,2.0,evasion
0.6079105760963028,0.6666666666666666,92678,flipped,xgb,path_strip,2.0,evasion
0.5184866723989683,1.0,223032,flipped,xgb,path_strip,2.0,evasion
0.46460303811980513,0.6666666666666666,83279,flipped,xgb,path_strip,2.0,evasion
0.5775293780452853,0.6666666666666666,129833,flipped,xgb,path_strip,2.0,evasion
0.3665806821438808,0.6666666666666666,180373,flipped,xgb,path_strip,2.0,evasion
0.5104614502722843,0.6666666666666666,114340,flipped,xgb,path_strip,2.0,evasion
0.46632272857552304,1.0,94968,flipped,xgb,path_strip,2.0,evasion
0.4869590140441387,0.6666666666666666,217420,flipped,xgb,path_strip,2.0,evasion
0.46345657781599314,1.0,39152,flipped,xgb,path_strip,2.0,evasion
0.32817426196617944,0.6666666666666666,103531,flipped,xgb,path_strip,2.0,evasion
0.4548581255374033,0.6666666666666666,234473,flipped,xgb,path_strip,2.0,evasion
0.4628833476640872,1.0,110707,flipped,xgb,path_strip,2.0,evasion
0.34651762682717113,1.0,45740,flipped,xgb,path_strip,2.0,evasion
0.3470908569790771,1.0,225794,flipped,xgb,path_strip,2.0,evasion
0.42275723703066787,0.6666666666666666,215032,flipped,xgb,path_strip,2.0,evasion
0.5677844654628833,1.0,203248,flipped,xgb,path_strip,2.0,evasion
0.3459443966752651,1.0,233164,flipped,xgb,path_strip,2.0,evasion
0.5695041559186014,0.6666666666666666,3387,flipped,xgb,path_strip,2.0,evasion
0.41358555460017205,0.6666666666666666,189260,flipped,xgb,path_strip,2.0,evasion
0.35683576956147894,0.6666666666666666,201018,flipped,xgb,path_strip,2.0,evasion
0.4955574663227286,0.6666666666666666,75085,flipped,xgb,path_strip,2.0,evasion
0.39638865004299234,1.0,71487,flipped,xgb,path_strip,2.0,evasion
0.21639438234451133,1.0,143638,flipped,xgb,path_strip,2.0,evasion
0.5723703066781314,0.6666666666666666,165970,flipped,xgb,path_strip,2.0,evasion
0.5351103468042419,1.0,61304,flipped,xgb,path_strip,2.0,evasion
0.4502722843221554,1.0,173505,flipped,xgb,path_strip,2.0,evasion
0.43823445113212955,1.0,178550,flipped,xgb,path_strip,2.0,evasion
0.350530237890513,1.0,156098,flipped,xgb,path_strip,2.0,evasion
0.36027515047291486,0.42857142857142855,196205,flipped,xgb,path_strip,2.0,evasion
0.4571510461450272,1.0,196066,flipped,xgb,path_strip,2.0,evasion
0.4537116652335913,0.6666666666666666,108413,flipped,xgb,path_strip,2.0,evasion
0.4560045858412153,0.6666666666666666,161491,flipped,xgb,path_strip,2.0,evasion
0.3900831183720264,1.0,208858,flipped,xgb,path_strip,2.0,evasion
0.02780166236744053,0.42857142857142855,150688,flipped,xgb,path_strip,2.0,evasion
0.47033533963886504,0.6666666666666666,223714,flipped,xgb,path_strip,2.0,evasion
0.42906276870163373,0.6666666666666666,91126,flipped,xgb,path_strip,2.0,evasion
0.35683576956147894,0.6666666666666666,109142,flipped,xgb,path_strip,2.0,evasion
0.5477214101461737,1.0,193260,flipped,xgb,path_strip,2.0,evasion
0.3671539122957868,1.0,56890,flipped,xgb,path_strip,2.0,evasion
0.5116079105760963,1.0,205570,flipped,xgb,path_strip,2.0,evasion
0.6084838062482086,0.6666666666666666,52579,flipped,xgb,path_strip,2.0,evasion
0.4004012611063342,1.0,25015,flipped,xgb,path_strip,2.0,evasion
0.473774720550301,1.0,41018,flipped,xgb,path_strip,2.0,evasion
0.3998280309544282,1.0,124529,flipped,xgb,path_strip,2.0,evasion
0.36256807108053885,0.6666666666666666,144216,flipped,xgb,path_strip,2.0,evasion
0.4795070220693609,1.0,124503,flipped,xgb,path_strip,2.0,evasion
0.22098022355975924,0.42857142857142855,37910,flipped,xgb,path_strip,2.0,evasion
0.4852393235884208,1.0,156717,flipped,xgb,path_strip,2.0,evasion
0.49613069647463465,1.0,85708,flipped,xgb,path_strip,2.0,evasion
0.3889366580682144,1.0,208300,flipped,xgb,path_strip,2.0,evasion
0.5156205216394382,1.0,104979,flipped,xgb,path_strip,2.0,evasion
0.46402980796789917,0.6666666666666666,175763,flipped,xgb,path_strip,2.0,evasion
0.47836056176554886,1.0,104340,flipped,xgb,path_strip,2.0,evasion
0.4261966179421038,1.0,138000,flipped,xgb,path_strip,2.0,evasion
0.40498710232158214,1.0,74076,flipped,xgb,path_strip,2.0,evasion
0.5425623387790198,1.0,82137,flipped,xgb,path_strip,2.0,evasion
0.3918028088277443,1.0,108,flipped,xgb,path_strip,2.0,evasion
0.5998853539696188,0.6666666666666666,75443,flipped,xgb,path_strip,2.0,evasion
0.4393809114359415,0.6666666666666666,222764,flipped,xgb,path_strip,2.0,evasion
0.40957294353683005,1.0,98906,flipped,xgb,path_strip,2.0,evasion
0.3470908569790771,1.0,156188,flipped,xgb,path_strip,2.0,evasion
0.4370879908283176,1.0,151008,flipped,xgb,path_strip,2.0,evasion
0.4456864431069074,1.0,45080,flipped,xgb,path_strip,2.0,evasion
0.36772714244769283,0.6666666666666666,93468,flipped,xgb,path_strip,2.0,evasion
0.41071940384064204,1.0,36626,flipped,xgb,path_strip,2.0,evasion
0.6073373459443967,0.6666666666666666,163083,flipped,xgb,path_strip,2.0,evasion
0.3774720550300946,1.0,108704,flipped,xgb,path_strip,2.0,evasion
0.44224706219547155,0.6666666666666666,27387,flipped,xgb,path_strip,2.0,evasion
0.5408426483233019,0.6666666666666666,230545,flipped,xgb,path_strip,2.0,evasion
-0.043852106620808254,0.42857142857142855,46599,flipped,xgb,path_strip,2.0,evasion
0.6107767268558326,1.0,166971,flipped,xgb,path_strip,2.0,evasion
0.061622241329893954,0.42857142857142855,86288,flipped,xgb,path_strip,2.0,evasion
0.3671539122957868,1.0,60451,flipped,xgb,path_strip,2.0,evasion
0.5041559186013185,1.0,23030,flipped,xgb,path_strip,2.0,evasion
0.4617368873602752,1.0,37380,flipped,xgb,path_strip,2.0,evasion
0.5597592433361995,1.0,68130,flipped,xgb,path_strip,2.0,evasion
0.3459443966752651,1.0,163069,flipped,xgb,path_strip,2.0,evasion
0.3654342218400688,1.0,70585,flipped,xgb,path_strip,2.0,evasion
0.4072800229292061,1.0,229335,flipped,xgb,path_strip,2.0,evasion
0.40957294353683005,1.0,103190,flipped,xgb,path_strip,2.0,evasion
0.532817426196618,0.6666666666666666,145019,flipped,xgb,path_strip,2.0,evasion
0.5775293780452853,0.6666666666666666,184012,flipped,xgb,path_strip,2.0,evasion
0.468615649183147,1.0,102566,flipped,xgb,path_strip,2.0,evasion
0.47549441100601897,1.0,72196,flipped,xgb,path_strip,2.0,evasion
0.5007165376898824,1.0,194435,flipped,xgb,path_strip,2.0,evasion
0.46632272857552304,1.0,43495,flipped,xgb,path_strip,2.0,evasion
0.4239036973344798,0.6666666666666666,11849,flipped,xgb,path_strip,2.0,evasion
0.40957294353683005,1.0,105914,flipped,xgb,path_strip,2.0,evasion
0.33104041272570944,1.0,49277,flipped,xgb,path_strip,2.0,evasion
0.4881054743479507,1.0,147308,flipped,xgb,path_strip,2.0,evasion
0.4261966179421038,1.0,156246,flipped,xgb,path_strip,2.0,evasion
0.5316709658928059,1.0,44053,flipped,xgb,path_strip,2.0,evasion
0.3476640871309831,0.6666666666666666,144566,flipped,xgb,path_strip,2.0,evasion
0.6256807108053885,0.6666666666666666,45370,flipped,xgb,path_strip,2.0,evasion
0.5396961880194898,0.6666666666666666,106129,flipped,xgb,path_strip,2.0,evasion
0.4072800229292061,0.6666666666666666,214842,flipped,xgb,path_strip,2.0,evasion
0.48179994267698484,1.0,206944,flipped,xgb,path_strip,2.0,evasion
0.40957294353683005,1.0,102420,flipped,xgb,path_strip,2.0,evasion
0.5775293780452853,0.6666666666666666,23890,flipped,xgb,path_strip,2.0,evasion
0.5047291487532244,0.6666666666666666,199254,flipped,xgb,path_strip,2.0,evasion
0.6016050444253368,0.6666666666666666,119872,flipped,xgb,path_strip,2.0,evasion
0.46976210948695907,1.0,57781,flipped,xgb,path_strip,2.0,evasion
0.5316709658928059,1.0,53951,flipped,xgb,path_strip,2.0,evasion
0.5144740613356263,1.0,189732,flipped,xgb,path_strip,2.0,evasion
0.4766408713098309,1.0,37533,flipped,xgb,path_strip,2.0,evasion
0.6044711951848667,1.0,156122,flipped,xgb,path_strip,2.0,evasion
0.411292633992548,0.6666666666666666,147350,flipped,xgb,path_strip,2.0,evasion
0.5184866723989683,1.0,188710,flipped,xgb,path_strip,2.0,evasion
0.6056176554886786,0.6666666666666666,47070,flipped,xgb,path_strip,2.0,evasion
0.529951275437088,0.6666666666666666,16043,flipped,xgb,path_strip,2.0,evasion
0.21352823158498138,1.0,32731,flipped,xgb,path_strip,2.0,evasion
0.45829750644883926,1.0,169146,flipped,xgb,path_strip,2.0,evasion
0.529951275437088,1.0,115604,flipped,xgb,path_strip,2.0,evasion
0.41759816566351393,1.0,140617,flipped,xgb,path_strip,2.0,evasion
0.4313556893092577,0.6666666666666666,202114,flipped,xgb,path_strip,2.0,evasion
0.40498710232158214,1.0,225457,flipped,xgb,path_strip,2.0,evasion
0.5224992834623102,1.0,101546,flipped,xgb,path_strip,2.0,evasion
0.5093149899684724,1.0,97261,flipped,xgb,path_strip,2.0,evasion
0.4571510461450272,1.0,10665,flipped,xgb,path_strip,2.0,evasion
0.5196331327027801,1.0,172593,flipped,xgb,path_strip,2.0,evasion
0.5351103468042419,1.0,190462,flipped,xgb,path_strip,2.0,evasion
0.4823731728288908,1.0,161102,flipped,xgb,path_strip,2.0,evasion
0.4072800229292061,1.0,201430,flipped,xgb,path_strip,2.0,evasion
0.5213528231584982,1.0,76835,flipped,xgb,path_strip,2.0,evasion
0.473774720550301,1.0,191009,flipped,xgb,path_strip,2.0,evasion
0.3895098882201204,1.0,208416,flipped,xgb,path_strip,2.0,evasion
0.4359415305245056,0.6666666666666666,80510,flipped,xgb,path_strip,2.0,evasion
0.5993121238177129,0.6666666666666666,93992,flipped,xgb,path_strip,2.0,evasion
0.48351963313270285,0.6666666666666666,61642,flipped,xgb,path_strip,2.0,evasion
0.472628260246489,1.0,156642,flipped,xgb,path_strip,2.0,evasion
0.49326454571510464,0.6666666666666666,199118,flipped,xgb,path_strip,2.0,evasion
0.5912869016910289,1.0,91701,flipped,xgb,path_strip,2.0,evasion
0.3895098882201204,0.6666666666666666,83641,flipped,xgb,path_strip,2.0,evasion
0.5563198624247636,0.6666666666666666,149756,flipped,xgb,path_strip,2.0,evasion
0.4823731728288908,1.0,45689,flipped,xgb,path_strip,2.0,evasion
0.5385497277156779,0.6666666666666666,8684,flipped,xgb,path_strip,2.0,evasion
0.4411006018916595,0.6666666666666666,148996,flipped,xgb,path_strip,2.0,evasion
0.4313556893092577,1.0,161617,flipped,xgb,path_strip,2.0,evasion
0.5763829177414732,1.0,122203,flipped,xgb,path_strip,2.0,evasion
0.4067067927773001,1.0,20871,flipped,xgb,path_strip,2.0,evasion
0.532817426196618,1.0,62658,flipped,xgb,path_strip,2.0,evasion
0.3447979363714531,1.0,220899,flipped,xgb,path_strip,2.0,evasion
0.27543708799082833,1.0,63898,flipped,xgb,path_strip,2.0,evasion
0.3350530237890513,0.6666666666666666,167466,flipped,xgb,path_strip,2.0,evasion
0.5740899971338492,0.6666666666666666,136947,flipped,xgb,path_strip,2.0,evasion
0.5609057036400115,0.6666666666666666,77102,flipped,xgb,path_strip,2.0,evasion
0.49613069647463465,1.0,177788,flipped,xgb,path_strip,2.0,evasion
0.6188019489825166,1.0,162743,flipped,xgb,path_strip,2.0,evasion
0.4244769274863858,1.0,171735,flipped,xgb,path_strip,2.0,evasion
0.4846660934365148,1.0,211305,flipped,xgb,path_strip,2.0,evasion
0.411292633992548,1.0,215613,flipped,xgb,path_strip,2.0,evasion
0.5265118945256521,0.6666666666666666,111778,flipped,xgb,path_strip,2.0,evasion
0.4674691888793351,1.0,210322,flipped,xgb,path_strip,2.0,evasion
0.472628260246489,0.6666666666666666,135764,flipped,xgb,path_strip,2.0,evasion
0.5763829177414732,1.0,180032,flipped,xgb,path_strip,2.0,evasion
0.38435081685296646,0.6666666666666666,94174,flipped,xgb,path_strip,2.0,evasion
0.4433935224992835,1.0,83599,flipped,xgb,path_strip,2.0,evasion
0.5161937517913443,1.0,134615,flipped,xgb,path_strip,2.0,evasion
0.5047291487532244,1.0,182792,flipped,xgb,path_strip,2.0,evasion
0.5098882201203784,0.6666666666666666,194912,flipped,xgb,path_strip,2.0,evasion
0.4760676411579249,0.42857142857142855,78426,flipped,xgb,path_strip,2.0,evasion
0.4972771567784465,1.0,86078,flipped,xgb,path_strip,2.0,evasion
0.43536830037259966,1.0,23918,flipped,xgb,path_strip,2.0,evasion
0.3562625394095729,1.0,220436,flipped,xgb,path_strip,2.0,evasion
0.5391229578675838,0.6666666666666666,172328,flipped,xgb,path_strip,2.0,evasion
0.36314130123244487,1.0,103429,flipped,xgb,path_strip,2.0,evasion
0.49441100601891663,1.0,220383,flipped,xgb,path_strip,2.0,evasion
0.5047291487532244,1.0,124666,flipped,xgb,path_strip,2.0,evasion
0.45829750644883926,1.0,33801,flipped,xgb,path_strip,2.0,evasion
0.5310977357409,1.0,86374,flipped,xgb,path_strip,2.0,evasion
0.5758096875895673,1.0,122784,flipped,xgb,path_strip,2.0,evasion
0.4032674118658641,0.6666666666666666,123442,flipped,xgb,path_strip,2.0,evasion
0.5116079105760963,1.0,27309,flipped,xgb,path_strip,2.0,evasion
0.3694468329034108,1.0,164557,flipped,xgb,path_strip,2.0,evasion
0.34651762682717113,1.0,224867,flipped,xgb,path_strip,2.0,evasion
0.5116079105760963,1.0,103114,flipped,xgb,path_strip,2.0,evasion
0.36371453138435084,0.6666666666666666,187639,flipped,xgb,path_strip,2.0,evasion
0.46001719690455717,0.6666666666666666,177288,flipped,xgb,path_strip,2.0,evasion
0.5104614502722843,0.6666666666666666,176374,flipped,xgb,path_strip,2.0,evasion
0.4078532530811121,1.0,4734,flipped,xgb,path_strip,2.0,evasion
0.5717970765262252,1.0,84107,flipped,xgb,path_strip,2.0,evasion
0.48409286328460877,0.6666666666666666,170532,flipped,xgb,path_strip,2.0,evasion
0.40154772141014616,1.0,114152,flipped,xgb,path_strip,2.0,evasion
0.5775293780452853,0.6666666666666666,16081,flipped,xgb,path_strip,2.0,evasion
0.4359415305245056,1.0,43743,flipped,xgb,path_strip,2.0,evasion
0.5207795930065922,1.0,86320,flipped,xgb,path_strip,2.0,evasion
0.5053023789051304,0.6666666666666666,118321,flipped,xgb,path_strip,2.0,evasion
0.5116079105760963,1.0,61836,flipped,xgb,path_strip,2.0,evasion
0.4949842361708226,1.0,160741,flipped,xgb,path_strip,2.0,evasion
0.30639151619375177,0.6666666666666666,88451,flipped,xgb,path_strip,2.0,evasion
0.4044138721696762,1.0,136337,flipped,xgb,path_strip,2.0,evasion
0.5058756090570364,0.6666666666666666,111586,flipped,xgb,path_strip,2.0,evasion
0.4273430782459158,0.6666666666666666,220582,flipped,xgb,path_strip,2.0,evasion
0.43422184006878767,1.0,134582,flipped,xgb,path_strip,2.0,evasion
0.48753224419604474,1.0,135886,flipped,xgb,path_strip,2.0,evasion
0.530524505588994,1.0,208515,flipped,xgb,path_strip,2.0,evasion
0.41645170535970194,1.0,229643,flipped,xgb,path_strip,2.0,evasion
0.41759816566351393,1.0,42878,flipped,xgb,path_strip,2.0,evasion
0.5717970765262252,0.6666666666666666,177414,flipped,xgb,path_strip,2.0,evasion
0.52823158498137,1.0,61295,flipped,xgb,path_strip,2.0,evasion
0.471481799942677,1.0,71955,flipped,xgb,path_strip,2.0,evasion
0.4508455144740614,1.0,5669,flipped,xgb,path_strip,2.0,evasion
0.48294640298079683,1.0,180456,flipped,xgb,path_strip,2.0,evasion
0.41759816566351393,1.0,70458,flipped,xgb,path_strip,2.0,evasion
0.4330753797649757,1.0,123633,flipped,xgb,path_strip,2.0,evasion
0.48867870449985673,1.0,221292,flipped,xgb,path_strip,2.0,evasion
0.35568930925766695,1.0,158399,flipped,xgb,path_strip,2.0,evasion
0.4955574663227286,1.0,56156,flipped,xgb,path_strip,2.0,evasion
0.39696188019489825,0.6666666666666666,45978,flipped,xgb,path_strip,2.0,evasion
0.4989968472341646,1.0,29918,flipped,xgb,path_strip,2.0,evasion
0.4542848953854973,0.6666666666666666,147056,flipped,xgb,path_strip,2.0,evasion
0.48867870449985673,1.0,107179,flipped,xgb,path_strip,2.0,evasion
0.4313556893092577,1.0,147452,flipped,xgb,path_strip,2.0,evasion
0.3619948409286329,1.0,9895,flipped,xgb,path_strip,2.0,evasion
0.39868157065061627,1.0,75033,flipped,xgb,path_strip,2.0,evasion
0.5396961880194898,1.0,143855,flipped,xgb,path_strip,2.0,evasion
0.5116079105760963,1.0,193365,flipped,xgb,path_strip,2.0,evasion
0.2834623101175122,1.0,219001,flipped,xgb,path_strip,2.0,evasion
0.5242189739180281,1.0,124469,flipped,xgb,path_strip,2.0,evasion
0.35568930925766695,0.6666666666666666,202543,flipped,xgb,path_strip,2.0,evasion
0.46632272857552304,0.6666666666666666,72310,flipped,xgb,path_strip,2.0,evasion
0.44511321295500145,1.0,89505,flipped,xgb,path_strip,2.0,evasion
0.6073373459443967,1.0,181386,flipped,xgb,path_strip,2.0,evasion
0.414158784752078,1.0,54545,flipped,xgb,path_strip,2.0,evasion
0.16652335912869018,0.42857142857142855,50694,flipped,xgb,path_strip,2.0,evasion
0.4388076812840356,1.0,181637,flipped,xgb,path_strip,2.0,evasion
0.46918887933505304,1.0,184808,flipped,xgb,path_strip,2.0,evasion
0.5385497277156779,0.6666666666666666,28111,flipped,xgb,path_strip,2.0,evasion
0.34537116652335914,1.0,159195,flipped,xgb,path_strip,2.0,evasion
0.4244769274863858,0.42857142857142855,22839,flipped,xgb,path_strip,2.0,evasion
0.5425623387790198,1.0,179221,flipped,xgb,path_strip,2.0,evasion
0.5098882201203784,0.6666666666666666,65059,flipped,xgb,path_strip,2.0,evasion
0.42906276870163373,1.0,137126,flipped,xgb,path_strip,2.0,evasion
0.49211808541129265,0.6666666666666666,26580,flipped,xgb,path_strip,2.0,evasion
0.4089997133849241,1.0,90237,flipped,xgb,path_strip,2.0,evasion
0.18773287474921183,0.6666666666666666,158880,flipped,xgb,path_strip,2.0,evasion
-0.004299226139294928,0.42857142857142855,42063,flipped,xgb,path_strip,2.0,evasion
0.3889366580682144,1.0,24070,flipped,xgb,path_strip,2.0,evasion
0.3780452851820006,1.0,206053,flipped,xgb,path_strip,2.0,evasion
0.5104614502722843,1.0,152212,flipped,xgb,path_strip,2.0,evasion
0.48638578389223275,1.0,119011,flipped,xgb,path_strip,2.0,evasion
0.48179994267698484,1.0,91962,flipped,xgb,path_strip,2.0,evasion
0.43192891946116363,1.0,139264,flipped,xgb,path_strip,2.0,evasion
0.5139008311837203,1.0,47882,flipped,xgb,path_strip,2.0,evasion
0.36256807108053885,0.6666666666666666,62516,flipped,xgb,path_strip,2.0,evasion
0.4881054743479507,1.0,57993,flipped,xgb,path_strip,2.0,evasion
0.44052737173975354,0.6666666666666666,102069,flipped,xgb,path_strip,2.0,evasion
0.5190599025508742,1.0,226251,flipped,xgb,path_strip,2.0,evasion
0.3918028088277443,1.0,114406,flipped,xgb,path_strip,2.0,evasion
0.47033533963886504,0.6666666666666666,34994,flipped,xgb,path_strip,2.0,evasion
0.33104041272570944,1.0,127960,flipped,xgb,path_strip,2.0,evasion
0.23015190599025512,1.0,211449,flipped,xgb,path_strip,2.0,evasion
0.45772427629693324,0.6666666666666666,154501,flipped,xgb,path_strip,2.0,evasion
0.5637718543995415,1.0,146432,flipped,xgb,path_strip,2.0,evasion
0.44625967325881344,1.0,105703,flipped,xgb,path_strip,2.0,evasion
0.5488678704499858,1.0,127546,flipped,xgb,path_strip,2.0,evasion
0.5047291487532244,1.0,157603,flipped,xgb,path_strip,2.0,evasion
0.6377185439954142,0.6666666666666666,212035,flipped,xgb,path_strip,2.0,evasion
0.3746059042705646,0.42857142857142855,202600,flipped,xgb,path_strip,2.0,evasion
0.527658354829464,1.0,36670,flipped,xgb,path_strip,2.0,evasion
0.4261966179421038,1.0,152272,flipped,xgb,path_strip,2.0,evasion
0.43192891946116363,1.0,34802,flipped,xgb,path_strip,2.0,evasion
0.39810834049871024,0.6666666666666666,98644,flipped,xgb,path_strip,2.0,evasion
0.468615649183147,1.0,144690,flipped,xgb,path_strip,2.0,evasion
0.39696188019489825,1.0,201156,flipped,xgb,path_strip,2.0,evasion
0.41645170535970194,1.0,19204,flipped,xgb,path_strip,2.0,evasion
0.48409286328460877,1.0,122979,flipped,xgb,path_strip,2.0,evasion
0.5139008311837203,1.0,151844,flipped,xgb,path_strip,2.0,evasion
0.48179994267698484,1.0,224567,flipped,xgb,path_strip,2.0,evasion
0.537976497563772,1.0,130578,flipped,xgb,path_strip,2.0,evasion
0.5012897678417885,0.6666666666666666,181240,flipped,xgb,path_strip,2.0,evasion
0.5012897678417885,1.0,184514,flipped,xgb,path_strip,2.0,evasion
0.4433935224992835,1.0,32355,flipped,xgb,path_strip,2.0,evasion
0.6256807108053885,0.6666666666666666,127688,flipped,xgb,path_strip,2.0,evasion
0.585554600171969,1.0,77150,flipped,xgb,path_strip,2.0,evasion
0.5414158784752079,1.0,62335,flipped,xgb,path_strip,2.0,evasion
0.41530524505589,1.0,130448,flipped,xgb,path_strip,2.0,evasion
0.3734594439667527,0.6666666666666666,157647,flipped,xgb,path_strip,2.0,evasion
0.6010318142734308,0.6666666666666666,158351,flipped,xgb,path_strip,2.0,evasion
0.4244769274863858,1.0,17160,flipped,xgb,path_strip,2.0,evasion
0.4313556893092577,1.0,74281,flipped,xgb,path_strip,2.0,evasion
0.5534537116652336,1.0,149947,flipped,xgb,path_strip,2.0,evasion
0.4433935224992835,1.0,49346,flipped,xgb,path_strip,2.0,evasion
0.40957294353683005,1.0,30744,flipped,xgb,path_strip,2.0,evasion
0.4433935224992835,1.0,2717,flipped,xgb,path_strip,2.0,evasion
0.44625967325881344,1.0,125234,flipped,xgb,path_strip,2.0,evasion
0.48294640298079683,1.0,116302,flipped,xgb,path_strip,2.0,evasion
0.49441100601891663,1.0,18476,flipped,xgb,path_strip,2.0,evasion
0.5637718543995415,1.0,61606,flipped,xgb,path_strip,2.0,evasion
0.41243909429635994,1.0,214595,flipped,xgb,path_strip,2.0,evasion
0.6107767268558326,0.6666666666666666,91360,flipped,xgb,path_strip,2.0,evasion
0.4795070220693609,1.0,197966,flipped,xgb,path_strip,2.0,evasion
0.3333333333333333,1.0,150924,flipped,xgb,path_strip,2.0,evasion
0.4456864431069074,1.0,160428,flipped,xgb,path_strip,2.0,evasion
0.5557466322728576,1.0,168849,flipped,xgb,path_strip,2.0,evasion
0.48638578389223275,1.0,136454,flipped,xgb,path_strip,2.0,evasion
0.3723129836629407,1.0,68575,flipped,xgb,path_strip,2.0,evasion
0.35970192032100895,0.6666666666666666,72313,flipped,xgb,path_strip,2.0,evasion
0.3889366580682144,1.0,173060,flipped,xgb,path_strip,2.0,evasion
0.48065348237317285,1.0,69677,flipped,xgb,path_strip,2.0,evasion
0.4388076812840356,1.0,41108,flipped,xgb,path_strip,2.0,evasion
0.47721410146173693,1.0,36584,flipped,xgb,path_strip,2.0,evasion
0.41702493551160796,1.0,209837,flipped,xgb,path_strip,2.0,evasion
0.4594439667526512,1.0,116631,flipped,xgb,path_strip,2.0,evasion
0.5740899971338492,1.0,137412,flipped,xgb,path_strip,2.0,evasion
0.4852393235884208,0.6666666666666666,132506,flipped,xgb,path_strip,2.0,evasion
0.4915448552593867,1.0,17778,flipped,xgb,path_strip,2.0,evasion
0.37632559472628263,1.0,171838,flipped,xgb,path_strip,2.0,evasion
0.3734594439667527,0.6666666666666666,142547,flipped,xgb,path_strip,2.0,evasion
0.3866437374605905,1.0,153650,flipped,xgb,path_strip,2.0,evasion
0.4439667526511895,1.0,159314,flipped,xgb,path_strip,2.0,evasion
0.3665806821438808,0.6666666666666666,74755,flipped,xgb,path_strip,2.0,evasion
0.5609057036400115,1.0,225301,flipped,xgb,path_strip,2.0,evasion
0.48409286328460877,0.6666666666666666,38932,flipped,xgb,path_strip,2.0,evasion
0.6113499570077388,1.0,97597,flipped,xgb,path_strip,2.0,evasion
0.5035826884494125,1.0,130341,flipped,xgb,path_strip,2.0,evasion
0.4181713958154199,1.0,84607,flipped,xgb,path_strip,2.0,evasion
0.45772427629693324,1.0,179668,flipped,xgb,path_strip,2.0,evasion
0.5081685296646603,0.6666666666666666,189591,flipped,xgb,path_strip,2.0,evasion
0.414732014903984,1.0,70225,flipped,xgb,path_strip,2.0,evasion
0.43823445113212955,1.0,8930,flipped,xgb,path_strip,2.0,evasion
0.47549441100601897,1.0,135530,flipped,xgb,path_strip,2.0,evasion
0.48925193465176275,0.6666666666666666,12872,flipped,xgb,path_strip,2.0,evasion
0.3470908569790771,1.0,158411,flipped,xgb,path_strip,2.0,evasion
0.23760389796503298,1.0,104359,flipped,xgb,path_strip,2.0,evasion
0.5213528231584982,1.0,158721,flipped,xgb,path_strip,2.0,evasion
0.4542848953854973,1.0,210544,flipped,xgb,path_strip,2.0,evasion
0.4233304671825739,1.0,85680,flipped,xgb,path_strip,2.0,evasion
0.20206362854686158,1.0,157469,flipped,xgb,path_strip,2.0,evasion
0.5253654342218401,1.0,165391,flipped,xgb,path_strip,2.0,evasion
0.5127543708799084,1.0,110206,flipped,xgb,path_strip,2.0,evasion
0.42505015763829185,0.6666666666666666,147173,flipped,xgb,path_strip,2.0,evasion
0.5224992834623102,0.6666666666666666,210491,flipped,xgb,path_strip,2.0,evasion
0.5116079105760963,1.0,178571,flipped,xgb,path_strip,2.0,evasion
0.3585554600171969,0.6666666666666666,13713,flipped,xgb,path_strip,2.0,evasion
0.5213528231584982,0.6666666666666666,45518,flipped,xgb,path_strip,2.0,evasion
0.4978503869303526,1.0,59928,flipped,xgb,path_strip,2.0,evasion
0.43422184006878767,1.0,156244,flipped,xgb,path_strip,2.0,evasion
0.5500143307537977,1.0,212593,flipped,xgb,path_strip,2.0,evasion
0.5104614502722843,0.6666666666666666,193908,flipped,xgb,path_strip,2.0,evasion
0.4239036973344798,0.6666666666666666,151481,flipped,xgb,path_strip,2.0,evasion
0.592433361994841,0.6666666666666666,231502,flipped,xgb,path_strip,2.0,evasion
0.3803382057896246,0.6666666666666666,102224,flipped,xgb,path_strip,2.0,evasion
0.3470908569790771,1.0,42128,flipped,xgb,path_strip,2.0,evasion
0.4261966179421038,1.0,128128,flipped,xgb,path_strip,2.0,evasion
0.3671539122957868,1.0,132087,flipped,xgb,path_strip,2.0,evasion
0.39696188019489825,1.0,162173,flipped,xgb,path_strip,2.0,evasion
0.3998280309544282,1.0,65848,flipped,xgb,path_strip,2.0,evasion
0.40269418171395815,1.0,126423,flipped,xgb,path_strip,2.0,evasion
0.40957294353683005,1.0,220911,flipped,xgb,path_strip,2.0,evasion
0.4989968472341646,1.0,135626,flipped,xgb,path_strip,2.0,evasion
0.537976497563772,0.42857142857142855,202157,flipped,xgb,path_strip,2.0,evasion
0.44052737173975354,1.0,174153,flipped,xgb,path_strip,2.0,evasion
0.5035826884494125,1.0,115922,flipped,xgb,path_strip,2.0,evasion
0.6256807108053885,0.6666666666666666,224379,flipped,xgb,path_strip,2.0,evasion
0.4909716251074807,1.0,143995,flipped,xgb,path_strip,2.0,evasion
0.6084838062482086,1.0,152415,flipped,xgb,path_strip,2.0,evasion
0.4244769274863858,1.0,8148,flipped,xgb,path_strip,2.0,evasion
0.4485525938664374,0.6666666666666666,36962,flipped,xgb,path_strip,2.0,evasion
0.6084838062482086,1.0,70354,flipped,xgb,path_strip,2.0,evasion
0.5139008311837203,1.0,61204,flipped,xgb,path_strip,2.0,evasion
0.5213528231584982,1.0,189317,flipped,xgb,path_strip,2.0,evasion
0.3665806821438808,0.6666666666666666,230427,flipped,xgb,path_strip,2.0,evasion
0.2169676124964173,0.42857142857142855,48396,flipped,xgb,path_strip,2.0,evasion
0.5740899971338492,1.0,33970,flipped,xgb,path_strip,2.0,evasion
0.3975351103468043,0.6666666666666666,229160,flipped,xgb,path_strip,2.0,evasion
0.5505875609057037,1.0,216838,flipped,xgb,path_strip,2.0,evasion
0.5116079105760963,1.0,123541,flipped,xgb,path_strip,2.0,evasion
0.16136428776153627,0.42857142857142855,46126,flipped,xgb,path_strip,2.0,evasion
0.4519919747778734,1.0,68163,flipped,xgb,path_strip,2.0,evasion
0.5758096875895673,0.6666666666666666,102690,flipped,xgb,path_strip,2.0,evasion
0.5116079105760963,1.0,74087,flipped,xgb,path_strip,2.0,evasion
0.5580395528804815,1.0,205285,flipped,xgb,path_strip,2.0,evasion
0.4239036973344798,1.0,13394,flipped,xgb,path_strip,2.0,evasion
0.473774720550301,1.0,145061,flipped,xgb,path_strip,2.0,evasion
0.47033533963886504,0.6666666666666666,224588,flipped,xgb,path_strip,2.0,evasion
0.5030094582975065,1.0,192623,flipped,xgb,path_strip,2.0,evasion
0.42275723703066787,1.0,106026,flipped,xgb,path_strip,2.0,evasion
0.46976210948695907,1.0,77655,flipped,xgb,path_strip,2.0,evasion
0.3786185153339066,0.6666666666666666,16659,flipped,xgb,path_strip,2.0,evasion
0.4330753797649757,1.0,99005,flipped,xgb,path_strip,2.0,evasion
0.3476640871309831,1.0,42588,flipped,xgb,path_strip,2.0,evasion
0.4021209515620522,1.0,208057,flipped,xgb,path_strip,2.0,evasion
0.5603324734881056,0.6666666666666666,44354,flipped,xgb,path_strip,2.0,evasion
0.45256520492977936,0.6666666666666666,6648,flipped,xgb,path_strip,2.0,evasion
0.49613069647463465,1.0,105661,flipped,xgb,path_strip,2.0,evasion
0.3866437374605905,0.6666666666666666,17326,flipped,xgb,path_strip,2.0,evasion
0.4009744912582402,1.0,48623,flipped,xgb,path_strip,2.0,evasion
0.3866437374605905,1.0,111755,flipped,xgb,path_strip,2.0,evasion
0.36256807108053885,0.6666666666666666,105901,flipped,xgb,path_strip,2.0,evasion
0.5087417598165663,1.0,224506,flipped,xgb,path_strip,2.0,evasion
0.44052737173975354,1.0,187801,flipped,xgb,path_strip,2.0,evasion
0.4411006018916595,0.6666666666666666,158729,flipped,xgb,path_strip,2.0,evasion
0.37632559472628263,1.0,199403,flipped,xgb,path_strip,2.0,evasion
0.5769561478933792,1.0,100999,flipped,xgb,path_strip,2.0,evasion
0.5161937517913443,1.0,222080,flipped,xgb,path_strip,2.0,evasion
0.5775293780452853,0.6666666666666666,64812,flipped,xgb,path_strip,2.0,evasion
0.4428202923473775,1.0,204262,flipped,xgb,path_strip,2.0,evasion
0.5093149899684724,0.6666666666666666,153366,flipped,xgb,path_strip,2.0,evasion
0.3849240470048725,1.0,204737,flipped,xgb,path_strip,2.0,evasion
0.592433361994841,1.0,56543,flipped,xgb,path_strip,2.0,evasion
0.3826311263972485,0.42857142857142855,11460,flipped,xgb,path_strip,2.0,evasion
0.414158784752078,0.42857142857142855,64485,flipped,xgb,path_strip,2.0,evasion
0.4204643164230438,0.6666666666666666,224896,flipped,xgb,path_strip,2.0,evasion
0.47033533963886504,0.6666666666666666,90676,flipped,xgb,path_strip,2.0,evasion
0.41071940384064204,1.0,228012,flipped,xgb,path_strip,2.0,evasion
0.532244196044712,1.0,76744,flipped,xgb,path_strip,2.0,evasion
0.37403267411865865,1.0,56911,flipped,xgb,path_strip,2.0,evasion
0.4428202923473775,0.6666666666666666,13642,flipped,xgb,path_strip,2.0,evasion
0.4261966179421038,1.0,133157,flipped,xgb,path_strip,2.0,evasion
0.46402980796789917,0.6666666666666666,146359,flipped,xgb,path_strip,2.0,evasion
0.4502722843221554,0.6666666666666666,230511,flipped,xgb,path_strip,2.0,evasion
0.4325021496130697,0.6666666666666666,78356,flipped,xgb,path_strip,2.0,evasion
0.4072800229292061,0.6666666666666666,97424,flipped,xgb,path_strip,2.0,evasion
0.5104614502722843,1.0,168296,flipped,xgb,path_strip,2.0,evasion
0.4823731728288908,1.0,202944,flipped,xgb,path_strip,2.0,evasion
0.5368300372599599,0.6666666666666666,230512,flipped,xgb,path_strip,2.0,evasion
0.4881054743479507,0.6666666666666666,135746,flipped,xgb,path_strip,2.0,evasion
0.41702493551160796,0.6666666666666666,12353,flipped,xgb,path_strip,2.0,evasion
0.6090570364001147,0.6666666666666666,128493,flipped,xgb,path_strip,2.0,evasion
0.5769561478933792,0.6666666666666666,205442,flipped,xgb,path_strip,2.0,evasion
0.4067067927773001,1.0,49337,flipped,xgb,path_strip,2.0,evasion
0.43364860991688164,1.0,217609,flipped,xgb,path_strip,2.0,evasion
0.5471481799942677,0.6666666666666666,219665,flipped,xgb,path_strip,2.0,evasion
0.4078532530811121,0.6666666666666666,191752,flipped,xgb,path_strip,2.0,evasion
0.5786758383490972,0.6666666666666666,104180,flipped,xgb,path_strip,2.0,evasion
0.52823158498137,1.0,175598,flipped,xgb,path_strip,2.0,evasion
0.5213528231584982,0.6666666666666666,211795,flipped,xgb,path_strip,2.0,evasion
0.22671252507881914,1.0,230598,flipped,xgb,path_strip,2.0,evasion
0.6090570364001147,1.0,213783,flipped,xgb,path_strip,2.0,evasion
0.36600745199197476,1.0,153788,flipped,xgb,path_strip,2.0,evasion
0.5133276010318143,0.6666666666666666,118926,flipped,xgb,path_strip,2.0,evasion
0.27543708799082833,1.0,42944,flipped,xgb,path_strip,2.0,evasion
0.5087417598165663,1.0,135073,flipped,xgb,path_strip,2.0,evasion
0.5213528231584982,0.6666666666666666,183348,flipped,xgb,path_strip,2.0,evasion
0.37575236457437666,1.0,222485,flipped,xgb,path_strip,2.0,evasion
0.3895098882201204,1.0,43354,flipped,xgb,path_strip,2.0,evasion
0.5127543708799084,1.0,158329,flipped,xgb,path_strip,2.0,evasion
0.4858125537403267,1.0,139526,flipped,xgb,path_strip,2.0,evasion
0.6084838062482086,1.0,202226,flipped,xgb,path_strip,2.0,evasion
0.5505875609057037,1.0,167169,flipped,xgb,path_strip,2.0,evasion
0.41530524505589,1.0,170604,flipped,xgb,path_strip,2.0,evasion
0.42676984809400975,1.0,174247,flipped,xgb,path_strip,2.0,evasion
0.4989968472341646,0.6666666666666666,234508,flipped,xgb,path_strip,2.0,evasion
0.3447979363714531,1.0,42055,flipped,xgb,path_strip,2.0,evasion
0.5236457437661222,1.0,198913,flipped,xgb,path_strip,2.0,evasion
0.40957294353683005,0.6666666666666666,202123,flipped,xgb,path_strip,2.0,evasion
0.5700773860705074,0.42857142857142855,129769,non_flipped,xgb,path_strip,2.0,evasion
0.5540269418171397,1.0,178925,non_flipped,xgb,path_strip,2.0,evasion
0.7397535110346805,0.6666666666666666,149398,non_flipped,xgb,path_strip,2.0,evasion
0.6073373459443967,0.42857142857142855,100796,non_flipped,xgb,path_strip,2.0,evasion
0.9415305245055889,0.6666666666666666,143101,non_flipped,xgb,path_strip,2.0,evasion
0.5517340212095156,0.42857142857142855,41206,non_flipped,xgb,path_strip,2.0,evasion
0.4548581255374033,0.6666666666666666,43586,non_flipped,xgb,path_strip,2.0,evasion
0.9845227858985383,1.0,72732,non_flipped,xgb,path_strip,2.0,evasion
0.5660647750071653,0.42857142857142855,211949,non_flipped,xgb,path_strip,2.0,evasion
0.9902550874175983,1.0,188837,non_flipped,xgb,path_strip,2.0,evasion
0.46345657781599314,0.6666666666666666,202590,non_flipped,xgb,path_strip,2.0,evasion
0.9994267698480941,1.0,137972,non_flipped,xgb,path_strip,2.0,evasion
0.9111493264545716,1.0,131256,non_flipped,xgb,path_strip,2.0,evasion
0.5127543708799084,0.6666666666666666,53056,non_flipped,xgb,path_strip,2.0,evasion
0.5723703066781314,0.6666666666666666,220595,non_flipped,xgb,path_strip,2.0,evasion
0.528804815133276,0.42857142857142855,59847,non_flipped,xgb,path_strip,2.0,evasion
0.5614789337919176,0.6666666666666666,208514,non_flipped,xgb,path_strip,2.0,evasion
0.9518486672398969,0.6666666666666666,78021,non_flipped,xgb,path_strip,2.0,evasion
0.5729435368300373,0.6666666666666666,105931,non_flipped,xgb,path_strip,2.0,evasion
0.8750358268844941,0.6666666666666666,74676,non_flipped,xgb,path_strip,2.0,evasion
0.9398108340498711,0.6666666666666666,45762,non_flipped,xgb,path_strip,2.0,evasion
0.4445399828030955,0.6666666666666666,227769,non_flipped,xgb,path_strip,2.0,evasion
0.39638865004299234,0.6666666666666666,36766,non_flipped,xgb,path_strip,2.0,evasion
0.5477214101461737,0.6666666666666666,84245,non_flipped,xgb,path_strip,2.0,evasion
0.5505875609057037,0.6666666666666666,224457,non_flipped,xgb,path_strip,2.0,evasion
0.8549727715677845,0.6666666666666666,190302,non_flipped,xgb,path_strip,2.0,evasion
0.6262539409572945,0.6666666666666666,110179,non_flipped,xgb,path_strip,2.0,evasion
0.414732014903984,1.0,83681,non_flipped,xgb,path_strip,2.0,evasion
0.5683576956147894,0.42857142857142855,41269,non_flipped,xgb,path_strip,2.0,evasion
0.9604471195184867,1.0,199430,non_flipped,xgb,path_strip,2.0,evasion
0.9466895958727429,0.6666666666666666,204465,non_flipped,xgb,path_strip,2.0,evasion
0.9977070793923762,1.0,217989,non_flipped,xgb,path_strip,2.0,evasion
0.9959873889366582,1.0,72145,non_flipped,xgb,path_strip,2.0,evasion
0.7506448839208943,0.6666666666666666,84269,non_flipped,xgb,path_strip,2.0,evasion
0.5081685296646603,0.42857142857142855,124986,non_flipped,xgb,path_strip,2.0,evasion
0.5041559186013185,0.6666666666666666,78261,non_flipped,xgb,path_strip,2.0,evasion
0.7449125824018343,1.0,133729,non_flipped,xgb,path_strip,2.0,evasion
0.8790484379478362,0.6666666666666666,20898,non_flipped,xgb,path_strip,2.0,evasion
0.5586127830323875,0.42857142857142855,173560,non_flipped,xgb,path_strip,2.0,evasion
0.6079105760963028,0.6666666666666666,161358,non_flipped,xgb,path_strip,2.0,evasion
0.5414158784752079,0.42857142857142855,118924,non_flipped,xgb,path_strip,2.0,evasion
0.6646603611349957,0.42857142857142855,169709,non_flipped,xgb,path_strip,2.0,evasion
0.8893665806821439,0.6666666666666666,34841,non_flipped,xgb,path_strip,2.0,evasion
0.5586127830323875,0.42857142857142855,56710,non_flipped,xgb,path_strip,2.0,evasion
0.8624247635425624,0.6666666666666666,45960,non_flipped,xgb,path_strip,2.0,evasion
0.8939524218973919,0.6666666666666666,218846,non_flipped,xgb,path_strip,2.0,evasion
0.4542848953854973,0.6666666666666666,17861,non_flipped,xgb,path_strip,2.0,evasion
0.8893665806821439,0.6666666666666666,173457,non_flipped,xgb,path_strip,2.0,evasion
0.5631986242476354,1.0,76260,non_flipped,xgb,path_strip,2.0,evasion
0.99713384924047,1.0,194964,non_flipped,xgb,path_strip,2.0,evasion
0.697334479793637,0.6666666666666666,220279,non_flipped,xgb,path_strip,2.0,evasion
0.6291200917168243,0.42857142857142855,69221,non_flipped,xgb,path_strip,2.0,evasion
1.0,1.0,103364,non_flipped,xgb,path_strip,2.0,evasion
0.9014044138721697,1.0,158972,non_flipped,xgb,path_strip,2.0,evasion
0.6841501862997994,0.6666666666666666,21632,non_flipped,xgb,path_strip,2.0,evasion
0.9203210088850675,1.0,187922,non_flipped,xgb,path_strip,2.0,evasion
0.5574663227285757,0.6666666666666666,181488,non_flipped,xgb,path_strip,2.0,evasion
0.47205503009458305,1.0,177003,non_flipped,xgb,path_strip,2.0,evasion
0.8566924620235025,1.0,231019,non_flipped,xgb,path_strip,2.0,evasion
0.5505875609057037,0.42857142857142855,194245,non_flipped,xgb,path_strip,2.0,evasion
0.473774720550301,1.0,178165,non_flipped,xgb,path_strip,2.0,evasion
0.4777873316136429,0.6666666666666666,179387,non_flipped,xgb,path_strip,2.0,evasion
0.468615649183147,0.6666666666666666,148904,non_flipped,xgb,path_strip,2.0,evasion
0.532817426196618,0.6666666666666666,135368,non_flipped,xgb,path_strip,2.0,evasion
0.8767555173402121,1.0,85822,non_flipped,xgb,path_strip,2.0,evasion
0.5310977357409,0.42857142857142855,91156,non_flipped,xgb,path_strip,2.0,evasion
0.8670106047578102,0.6666666666666666,164051,non_flipped,xgb,path_strip,2.0,evasion
0.5660647750071653,0.6666666666666666,71324,non_flipped,xgb,path_strip,2.0,evasion
0.6033247348810548,0.6666666666666666,142713,non_flipped,xgb,path_strip,2.0,evasion
0.5425623387790198,0.6666666666666666,129788,non_flipped,xgb,path_strip,2.0,evasion
0.4967039266265405,0.6666666666666666,72156,non_flipped,xgb,path_strip,2.0,evasion
0.9398108340498711,0.6666666666666666,212567,non_flipped,xgb,path_strip,2.0,evasion
0.5024362281456005,0.6666666666666666,64779,non_flipped,xgb,path_strip,2.0,evasion
0.9294926913155632,0.6666666666666666,2142,non_flipped,xgb,path_strip,2.0,evasion
0.6405846947549442,0.42857142857142855,137868,non_flipped,xgb,path_strip,2.0,evasion
0.9059902550874176,0.42857142857142855,2849,non_flipped,xgb,path_strip,2.0,evasion
0.34307824591573516,0.42857142857142855,180499,non_flipped,xgb,path_strip,2.0,evasion
0.6113499570077388,0.6666666666666666,118159,non_flipped,xgb,path_strip,2.0,evasion
0.8578389223273145,0.6666666666666666,151071,non_flipped,xgb,path_strip,2.0,evasion
0.5528804815133277,0.25,76815,non_flipped,xgb,path_strip,2.0,evasion
0.5505875609057037,0.42857142857142855,141794,non_flipped,xgb,path_strip,2.0,evasion
0.5041559186013185,0.6666666666666666,225045,non_flipped,xgb,path_strip,2.0,evasion
0.826884494124391,0.6666666666666666,38825,non_flipped,xgb,path_strip,2.0,evasion
1.0,1.0,32427,non_flipped,xgb,path_strip,2.0,evasion
0.4978503869303526,1.0,161824,non_flipped,xgb,path_strip,2.0,evasion
0.40613356262539413,0.6666666666666666,44500,non_flipped,xgb,path_strip,2.0,evasion
0.5809687589567213,0.42857142857142855,6054,non_flipped,xgb,path_strip,2.0,evasion
0.5672112353109774,0.6666666666666666,220957,non_flipped,xgb,path_strip,2.0,evasion
0.9914015477214103,1.0,109504,non_flipped,xgb,path_strip,2.0,evasion
0.9988535396961881,1.0,80659,non_flipped,xgb,path_strip,2.0,evasion
0.9959873889366582,0.6666666666666666,35008,non_flipped,xgb,path_strip,2.0,evasion
0.6182287188306105,0.6666666666666666,170875,non_flipped,xgb,path_strip,2.0,evasion
0.6096302665520207,0.6666666666666666,83865,non_flipped,xgb,path_strip,2.0,evasion
0.5121811407280022,0.6666666666666666,22923,non_flipped,xgb,path_strip,2.0,evasion
0.4004012611063342,0.6666666666666666,140554,non_flipped,xgb,path_strip,2.0,evasion
0.4548581255374033,0.6666666666666666,151468,non_flipped,xgb,path_strip,2.0,evasion
0.5586127830323875,0.42857142857142855,117356,non_flipped,xgb,path_strip,2.0,evasion
0.48065348237317285,0.42857142857142855,47997,non_flipped,xgb,path_strip,2.0,evasion
0.8624247635425624,1.0,180065,non_flipped,xgb,path_strip,2.0,evasion
0.48925193465176275,0.6666666666666666,44694,non_flipped,xgb,path_strip,2.0,evasion
0.9936944683290341,1.0,171839,non_flipped,xgb,path_strip,2.0,evasion
0.6038979650329608,0.42857142857142855,184513,non_flipped,xgb,path_strip,2.0,evasion
0.5316709658928059,0.42857142857142855,190548,non_flipped,xgb,path_strip,2.0,evasion
0.9254800802522213,1.0,145526,non_flipped,xgb,path_strip,2.0,evasion
0.2771567784465463,0.6666666666666666,141297,non_flipped,xgb,path_strip,2.0,evasion
0.46345657781599314,0.6666666666666666,206614,non_flipped,xgb,path_strip,2.0,evasion
0.5660647750071653,0.6666666666666666,132140,non_flipped,xgb,path_strip,2.0,evasion
0.99713384924047,1.0,79317,non_flipped,xgb,path_strip,2.0,evasion
0.6044711951848667,0.42857142857142855,79418,non_flipped,xgb,path_strip,2.0,evasion
0.5219260533104042,0.42857142857142855,193207,non_flipped,xgb,path_strip,2.0,evasion
0.4594439667526512,0.6666666666666666,44725,non_flipped,xgb,path_strip,2.0,evasion
0.6394382344511321,0.42857142857142855,114405,non_flipped,xgb,path_strip,2.0,evasion
0.6038979650329608,0.42857142857142855,67347,non_flipped,xgb,path_strip,2.0,evasion
0.9398108340498711,0.6666666666666666,29494,non_flipped,xgb,path_strip,2.0,evasion
0.9088564058469476,1.0,118573,non_flipped,xgb,path_strip,2.0,evasion
0.5190599025508742,0.6666666666666666,171858,non_flipped,xgb,path_strip,2.0,evasion
0.9977070793923762,1.0,61665,non_flipped,xgb,path_strip,2.0,evasion
0.9994267698480941,0.6666666666666666,5179,non_flipped,xgb,path_strip,2.0,evasion
0.41301232444826597,0.42857142857142855,107798,non_flipped,xgb,path_strip,2.0,evasion
0.770134709085698,0.6666666666666666,217825,non_flipped,xgb,path_strip,2.0,evasion
0.4938377758670106,0.42857142857142855,169287,non_flipped,xgb,path_strip,2.0,evasion
0.6990541702493551,0.6666666666666666,215174,non_flipped,xgb,path_strip,2.0,evasion
0.887646890226426,0.6666666666666666,181587,non_flipped,xgb,path_strip,2.0,evasion
0.7454858125537404,0.42857142857142855,85153,non_flipped,xgb,path_strip,2.0,evasion
0.5368300372599599,0.6666666666666666,172240,non_flipped,xgb,path_strip,2.0,evasion
0.6113499570077388,0.42857142857142855,108275,non_flipped,xgb,path_strip,2.0,evasion
0.5190599025508742,0.6666666666666666,136571,non_flipped,xgb,path_strip,2.0,evasion
0.41645170535970194,0.6666666666666666,51973,non_flipped,xgb,path_strip,2.0,evasion
0.6927486385783893,0.6666666666666666,26355,non_flipped,xgb,path_strip,2.0,evasion
0.7741473201490399,0.6666666666666666,104041,non_flipped,xgb,path_strip,2.0,evasion
0.43823445113212955,0.25,96308,non_flipped,xgb,path_strip,2.0,evasion
0.5912869016910289,0.42857142857142855,103118,non_flipped,xgb,path_strip,2.0,evasion
0.943250214961307,1.0,175791,non_flipped,xgb,path_strip,2.0,evasion
0.8658641444539983,1.0,200600,non_flipped,xgb,path_strip,2.0,evasion
0.6933218687302952,0.42857142857142855,34731,non_flipped,xgb,path_strip,2.0,evasion
0.6824304958440814,0.6666666666666666,160870,non_flipped,xgb,path_strip,2.0,evasion
0.7151046145027229,0.6666666666666666,233845,non_flipped,xgb,path_strip,2.0,evasion
0.826884494124391,0.6666666666666666,201336,non_flipped,xgb,path_strip,2.0,evasion
0.9122957867583835,1.0,110231,non_flipped,xgb,path_strip,2.0,evasion
0.5586127830323875,0.42857142857142855,6447,non_flipped,xgb,path_strip,2.0,evasion
0.9896818572656922,0.6666666666666666,63212,non_flipped,xgb,path_strip,2.0,evasion
0.471481799942677,0.6666666666666666,181725,non_flipped,xgb,path_strip,2.0,evasion
0.8572656921754084,0.6666666666666666,166815,non_flipped,xgb,path_strip,2.0,evasion
0.4313556893092577,0.6666666666666666,85141,non_flipped,xgb,path_strip,2.0,evasion
0.4789337919174549,0.6666666666666666,41583,non_flipped,xgb,path_strip,2.0,evasion
0.4021209515620522,0.6666666666666666,183750,non_flipped,xgb,path_strip,2.0,evasion
0.5024362281456005,0.6666666666666666,7272,non_flipped,xgb,path_strip,2.0,evasion
0.5173402120951562,0.6666666666666666,183479,non_flipped,xgb,path_strip,2.0,evasion
0.5660647750071653,0.6666666666666666,72182,non_flipped,xgb,path_strip,2.0,evasion
0.6807108053883635,1.0,28612,non_flipped,xgb,path_strip,2.0,evasion
0.8801948982516481,1.0,213068,non_flipped,xgb,path_strip,2.0,evasion
0.9919747778733163,1.0,194966,non_flipped,xgb,path_strip,2.0,evasion
0.3952421897391803,0.6666666666666666,69322,non_flipped,xgb,path_strip,2.0,evasion
0.4766408713098309,0.6666666666666666,15338,non_flipped,xgb,path_strip,2.0,evasion
0.8664373746059044,0.6666666666666666,834,non_flipped,xgb,path_strip,2.0,evasion
0.7586701060475782,1.0,67757,non_flipped,xgb,path_strip,2.0,evasion
0.4938377758670106,0.42857142857142855,78496,non_flipped,xgb,path_strip,2.0,evasion
0.9988535396961881,1.0,75225,non_flipped,xgb,path_strip,2.0,evasion
0.9982803095442822,0.6666666666666666,234426,non_flipped,xgb,path_strip,2.0,evasion
0.5293780452851821,0.42857142857142855,97299,non_flipped,xgb,path_strip,2.0,evasion
0.49957007738607057,1.0,106436,non_flipped,xgb,path_strip,2.0,evasion
0.9977070793923762,1.0,14369,non_flipped,xgb,path_strip,2.0,evasion
0.5448552593866437,0.6666666666666666,60509,non_flipped,xgb,path_strip,2.0,evasion
0.31040412725709376,1.0,124268,non_flipped,xgb,path_strip,2.0,evasion
0.769561478933792,0.6666666666666666,10260,non_flipped,xgb,path_strip,2.0,evasion
0.9982803095442822,1.0,230224,non_flipped,xgb,path_strip,2.0,evasion
0.48179994267698484,0.42857142857142855,76030,non_flipped,xgb,path_strip,2.0,evasion
0.6210948695901405,0.6666666666666666,184256,non_flipped,xgb,path_strip,2.0,evasion
0.4548581255374033,1.0,15387,non_flipped,xgb,path_strip,2.0,evasion
0.5316709658928059,0.42857142857142855,166532,non_flipped,xgb,path_strip,2.0,evasion
0.6113499570077388,0.42857142857142855,231445,non_flipped,xgb,path_strip,2.0,evasion
0.8372026368586988,0.6666666666666666,57626,non_flipped,xgb,path_strip,2.0,evasion
0.6067641157924908,0.6666666666666666,77775,non_flipped,xgb,path_strip,2.0,evasion
0.5528804815133277,0.42857142857142855,46243,non_flipped,xgb,path_strip,2.0,evasion
0.4938377758670106,0.42857142857142855,234653,non_flipped,xgb,path_strip,2.0,evasion
0.9042705646316997,1.0,11490,non_flipped,xgb,path_strip,2.0,evasion
0.3866437374605905,0.6666666666666666,29317,non_flipped,xgb,path_strip,2.0,evasion
0.5574663227285757,0.42857142857142855,228685,non_flipped,xgb,path_strip,2.0,evasion
0.47492118085411295,0.6666666666666666,49324,non_flipped,xgb,path_strip,2.0,evasion
0.7781599312123817,0.6666666666666666,102803,non_flipped,xgb,path_strip,2.0,evasion
0.9994267698480941,1.0,82845,non_flipped,xgb,path_strip,2.0,evasion
0.5809687589567213,0.42857142857142855,94015,non_flipped,xgb,path_strip,2.0,evasion
0.5213528231584982,0.6666666666666666,216546,non_flipped,xgb,path_strip,2.0,evasion
0.9100028661507595,1.0,2676,non_flipped,xgb,path_strip,2.0,evasion
0.5557466322728576,0.42857142857142855,33183,non_flipped,xgb,path_strip,2.0,evasion
0.47033533963886504,0.42857142857142855,228901,non_flipped,xgb,path_strip,2.0,evasion
0.39868157065061627,0.6666666666666666,208584,non_flipped,xgb,path_strip,2.0,evasion
1.0,1.0,179753,non_flipped,xgb,path_strip,2.0,evasion
0.6256807108053885,0.42857142857142855,170929,non_flipped,xgb,path_strip,2.0,evasion
0.5918601318429351,0.6666666666666666,16295,non_flipped,xgb,path_strip,2.0,evasion
0.888220120378332,0.6666666666666666,40678,non_flipped,xgb,path_strip,2.0,evasion
0.5396961880194898,0.42857142857142855,150567,non_flipped,xgb,path_strip,2.0,evasion
0.5505875609057037,0.42857142857142855,96280,non_flipped,xgb,path_strip,2.0,evasion
0.47090856979077106,1.0,76281,non_flipped,xgb,path_strip,2.0,evasion
0.9959873889366582,1.0,108065,non_flipped,xgb,path_strip,2.0,evasion
0.473774720550301,0.6666666666666666,96962,non_flipped,xgb,path_strip,2.0,evasion
0.4967039266265405,0.42857142857142855,17445,non_flipped,xgb,path_strip,2.0,evasion
0.4926913155631987,0.42857142857142855,177135,non_flipped,xgb,path_strip,2.0,evasion
0.5224992834623102,0.6666666666666666,76358,non_flipped,xgb,path_strip,2.0,evasion
0.6067641157924908,0.6666666666666666,127274,non_flipped,xgb,path_strip,2.0,evasion
0.5586127830323875,0.42857142857142855,100421,non_flipped,xgb,path_strip,2.0,evasion
0.48179994267698484,0.6666666666666666,84214,non_flipped,xgb,path_strip,2.0,evasion
0.5494411006018918,0.42857142857142855,9987,non_flipped,xgb,path_strip,2.0,evasion
0.5368300372599599,0.42857142857142855,66206,non_flipped,xgb,path_strip,2.0,evasion
0.5442820292347378,0.6666666666666666,176442,non_flipped,xgb,path_strip,2.0,evasion
0.9977070793923762,1.0,231110,non_flipped,xgb,path_strip,2.0,evasion
0.4433935224992835,0.6666666666666666,193798,non_flipped,xgb,path_strip,2.0,evasion
0.6795643450845515,1.0,207216,non_flipped,xgb,path_strip,2.0,evasion
0.9982803095442822,1.0,26713,non_flipped,xgb,path_strip,2.0,evasion
0.9541415878475208,1.0,6094,non_flipped,xgb,path_strip,2.0,evasion
0.8796216680997421,1.0,175727,non_flipped,xgb,path_strip,2.0,evasion
0.6107767268558326,0.6666666666666666,67915,non_flipped,xgb,path_strip,2.0,evasion
0.6096302665520207,0.6666666666666666,65171,non_flipped,xgb,path_strip,2.0,evasion
0.8996847234164518,1.0,225622,non_flipped,xgb,path_strip,2.0,evasion
0.9186013184293494,0.6666666666666666,70380,non_flipped,xgb,path_strip,2.0,evasion
0.5557466322728576,0.6666666666666666,115524,non_flipped,xgb,path_strip,2.0,evasion
0.8492404700487246,0.6666666666666666,100776,non_flipped,xgb,path_strip,2.0,evasion
0.4766408713098309,0.6666666666666666,185842,non_flipped,xgb,path_strip,2.0,evasion
0.8928059615935798,0.6666666666666666,148476,non_flipped,xgb,path_strip,2.0,evasion
0.6188019489825166,0.6666666666666666,206281,non_flipped,xgb,path_strip,2.0,evasion
0.532244196044712,0.6666666666666666,197603,non_flipped,xgb,path_strip,2.0,evasion
0.5517340212095156,0.42857142857142855,100990,non_flipped,xgb,path_strip,2.0,evasion
0.44511321295500145,1.0,163706,non_flipped,xgb,path_strip,2.0,evasion
0.5081685296646603,1.0,91129,non_flipped,xgb,path_strip,2.0,evasion
0.5781026081971912,0.6666666666666666,10821,non_flipped,xgb,path_strip,2.0,evasion
0.47205503009458305,1.0,208288,non_flipped,xgb,path_strip,2.0,evasion
0.9988535396961881,1.0,105946,non_flipped,xgb,path_strip,2.0,evasion
0.763829177414732,1.0,186544,non_flipped,xgb,path_strip,2.0,evasion
0.7334479793637146,0.6666666666666666,220163,non_flipped,xgb,path_strip,2.0,evasion
0.9885353969618803,0.6666666666666666,216533,non_flipped,xgb,path_strip,2.0,evasion
0.7563771854399541,0.6666666666666666,231094,non_flipped,xgb,path_strip,2.0,evasion
0.5007165376898824,0.42857142857142855,210539,non_flipped,xgb,path_strip,2.0,evasion
0.9982803095442822,1.0,171416,non_flipped,xgb,path_strip,2.0,evasion
0.5500143307537977,0.42857142857142855,47261,non_flipped,xgb,path_strip,2.0,evasion
0.5310977357409,0.42857142857142855,213645,non_flipped,xgb,path_strip,2.0,evasion
0.5586127830323875,0.42857142857142855,105879,non_flipped,xgb,path_strip,2.0,evasion
0.5431355689309258,0.42857142857142855,200627,non_flipped,xgb,path_strip,2.0,evasion
0.5614789337919176,0.6666666666666666,74798,non_flipped,xgb,path_strip,2.0,evasion
0.5534537116652336,0.42857142857142855,184394,non_flipped,xgb,path_strip,2.0,evasion
0.3780452851820006,0.6666666666666666,82736,non_flipped,xgb,path_strip,2.0,evasion
0.5500143307537977,0.42857142857142855,128995,non_flipped,xgb,path_strip,2.0,evasion
0.4239036973344798,0.6666666666666666,125314,non_flipped,xgb,path_strip,2.0,evasion
0.5586127830323875,0.6666666666666666,64044,non_flipped,xgb,path_strip,2.0,evasion
0.532244196044712,0.6666666666666666,139726,non_flipped,xgb,path_strip,2.0,evasion
0.4938377758670106,0.42857142857142855,188348,non_flipped,xgb,path_strip,2.0,evasion
0.9163083978217255,1.0,12646,non_flipped,xgb,path_strip,2.0,evasion
0.5557466322728576,0.42857142857142855,38949,non_flipped,xgb,path_strip,2.0,evasion
0.8039552880481514,1.0,200432,non_flipped,xgb,path_strip,2.0,evasion
0.3872169676124964,0.6666666666666666,32854,non_flipped,xgb,path_strip,2.0,evasion
0.766695328174262,0.6666666666666666,105622,non_flipped,xgb,path_strip,2.0,evasion
0.8698767555173403,0.42857142857142855,18489,non_flipped,xgb,path_strip,2.0,evasion
0.52823158498137,0.6666666666666666,204351,non_flipped,xgb,path_strip,2.0,evasion
0.5609057036400115,0.42857142857142855,177806,non_flipped,xgb,path_strip,2.0,evasion
0.9518486672398969,0.6666666666666666,157244,non_flipped,xgb,path_strip,2.0,evasion
0.46918887933505304,0.6666666666666666,35684,non_flipped,xgb,path_strip,2.0,evasion
0.5998853539696188,0.6666666666666666,170176,non_flipped,xgb,path_strip,2.0,evasion
0.8154198910862712,0.6666666666666666,47743,non_flipped,xgb,path_strip,2.0,evasion
0.9466895958727429,1.0,200342,non_flipped,xgb,path_strip,2.0,evasion
0.6044711951848667,0.42857142857142855,229106,non_flipped,xgb,path_strip,2.0,evasion
0.45141874462596737,0.6666666666666666,44270,non_flipped,xgb,path_strip,2.0,evasion
0.5517340212095156,0.42857142857142855,117047,non_flipped,xgb,path_strip,2.0,evasion
0.9994267698480941,1.0,210530,non_flipped,xgb,path_strip,2.0,evasion
0.99713384924047,0.6666666666666666,115140,non_flipped,xgb,path_strip,2.0,evasion
0.473774720550301,0.42857142857142855,97319,non_flipped,xgb,path_strip,2.0,evasion
0.6027515047291488,0.6666666666666666,194283,non_flipped,xgb,path_strip,2.0,evasion
0.888793350530238,0.6666666666666666,203290,non_flipped,xgb,path_strip,2.0,evasion
0.36314130123244487,0.42857142857142855,91688,non_flipped,xgb,path_strip,2.0,evasion
0.8515333906563485,1.0,198492,non_flipped,xgb,path_strip,2.0,evasion
0.9581541989108628,1.0,209795,non_flipped,xgb,path_strip,2.0,evasion
0.7082258526798509,0.6666666666666666,14390,non_flipped,xgb,path_strip,2.0,evasion
0.5700773860705074,0.6666666666666666,208489,non_flipped,xgb,path_strip,2.0,evasion
0.7540842648323303,0.6666666666666666,87795,non_flipped,xgb,path_strip,2.0,evasion
0.47205503009458305,1.0,223023,non_flipped,xgb,path_strip,2.0,evasion
0.4198910862711379,0.6666666666666666,123988,non_flipped,xgb,path_strip,2.0,evasion
0.5523072513614217,0.25,40801,non_flipped,xgb,path_strip,2.0,evasion
0.5723703066781314,0.6666666666666666,73690,non_flipped,xgb,path_strip,2.0,evasion
0.4651762682717111,0.42857142857142855,15741,non_flipped,xgb,path_strip,2.0,evasion
0.8096875895672112,0.6666666666666666,54908,non_flipped,xgb,path_strip,2.0,evasion
0.6703926626540555,0.6666666666666666,49074,non_flipped,xgb,path_strip,2.0,evasion
0.4978503869303526,0.42857142857142855,55992,non_flipped,xgb,path_strip,2.0,evasion
0.7065061622241331,0.42857142857142855,229706,non_flipped,xgb,path_strip,2.0,evasion
0.7237030667813128,0.6666666666666666,176040,non_flipped,xgb,path_strip,2.0,evasion
0.6090570364001147,0.6666666666666666,156616,non_flipped,xgb,path_strip,2.0,evasion
0.5586127830323875,0.42857142857142855,153264,non_flipped,xgb,path_strip,2.0,evasion
0.5803955288048152,0.6666666666666666,24374,non_flipped,xgb,path_strip,2.0,evasion
0.47090856979077106,1.0,147473,non_flipped,xgb,path_strip,2.0,evasion
0.9002579535683577,0.6666666666666666,190130,non_flipped,xgb,path_strip,2.0,evasion
0.8584121524792204,0.6666666666666666,124609,non_flipped,xgb,path_strip,2.0,evasion
0.5752364574376612,0.42857142857142855,97480,non_flipped,xgb,path_strip,2.0,evasion
0.640011464603038,0.42857142857142855,166882,non_flipped,xgb,path_strip,2.0,evasion
0.6096302665520207,0.6666666666666666,34458,non_flipped,xgb,path_strip,2.0,evasion
0.34021209515620526,0.42857142857142855,153879,non_flipped,xgb,path_strip,2.0,evasion
0.4388076812840356,0.42857142857142855,192849,non_flipped,xgb,path_strip,2.0,evasion
0.9994267698480941,1.0,6546,non_flipped,xgb,path_strip,2.0,evasion
0.3958154198910863,0.6666666666666666,19734,non_flipped,xgb,path_strip,2.0,evasion
0.9294926913155632,1.0,61599,non_flipped,xgb,path_strip,2.0,evasion
0.7500716537689883,0.6666666666666666,174910,non_flipped,xgb,path_strip,2.0,evasion
0.7890513040985956,0.42857142857142855,178782,non_flipped,xgb,path_strip,2.0,evasion
0.36600745199197476,0.42857142857142855,133236,non_flipped,xgb,path_strip,2.0,evasion
0.5935798222986529,0.6666666666666666,142728,non_flipped,xgb,path_strip,2.0,evasion
0.9954141587847521,0.6666666666666666,45537,non_flipped,xgb,path_strip,2.0,evasion
0.5391229578675838,0.42857142857142855,41288,non_flipped,xgb,path_strip,2.0,evasion
0.48065348237317285,0.6666666666666666,221115,non_flipped,xgb,path_strip,2.0,evasion
0.7580968758956722,1.0,9661,non_flipped,xgb,path_strip,2.0,evasion
0.7586701060475782,0.6666666666666666,225213,non_flipped,xgb,path_strip,2.0,evasion
0.8039552880481514,1.0,132477,non_flipped,xgb,path_strip,2.0,evasion
0.4542848953854973,0.6666666666666666,28406,non_flipped,xgb,path_strip,2.0,evasion
0.4657494984236171,0.42857142857142855,52962,non_flipped,xgb,path_strip,2.0,evasion
0.6354256233877902,0.6666666666666666,194509,non_flipped,xgb,path_strip,2.0,evasion
0.5477214101461737,0.6666666666666666,113923,non_flipped,xgb,path_strip,2.0,evasion
0.6623674405273717,0.6666666666666666,187378,non_flipped,xgb,path_strip,2.0,evasion
0.940957294353683,0.6666666666666666,68909,non_flipped,xgb,path_strip,2.0,evasion
0.5786758383490972,0.42857142857142855,198138,non_flipped,xgb,path_strip,2.0,evasion
0.9398108340498711,0.6666666666666666,78461,non_flipped,xgb,path_strip,2.0,evasion
0.6927486385783893,1.0,133108,non_flipped,xgb,path_strip,2.0,evasion
0.5586127830323875,0.42857142857142855,210425,non_flipped,xgb,path_strip,2.0,evasion
0.6056176554886786,0.6666666666666666,25361,non_flipped,xgb,path_strip,2.0,evasion
0.8624247635425624,0.6666666666666666,56046,non_flipped,xgb,path_strip,2.0,evasion
0.5356835769561479,0.6666666666666666,200233,non_flipped,xgb,path_strip,2.0,evasion
0.5586127830323875,0.42857142857142855,178423,non_flipped,xgb,path_strip,2.0,evasion
0.49326454571510464,0.6666666666666666,108921,non_flipped,xgb,path_strip,2.0,evasion
0.9936944683290341,0.6666666666666666,7102,non_flipped,xgb,path_strip,2.0,evasion
0.3614216107767269,0.6666666666666666,138776,non_flipped,xgb,path_strip,2.0,evasion
0.39638865004299234,0.42857142857142855,188638,non_flipped,xgb,path_strip,2.0,evasion
0.41014617368873607,0.6666666666666666,60669,non_flipped,xgb,path_strip,2.0,evasion
0.42791630839782174,0.6666666666666666,177533,non_flipped,xgb,path_strip,2.0,evasion
0.43422184006878767,0.6666666666666666,28630,non_flipped,xgb,path_strip,2.0,evasion
0.4955574663227286,0.42857142857142855,124703,non_flipped,xgb,path_strip,2.0,evasion
0.4852393235884208,1.0,42501,non_flipped,xgb,path_strip,2.0,evasion
0.5075952995127545,1.0,125195,non_flipped,xgb,path_strip,2.0,evasion
0.9581541989108628,1.0,37277,non_flipped,xgb,path_strip,2.0,evasion
0.9415305245055889,0.6666666666666666,29864,non_flipped,xgb,path_strip,2.0,evasion
0.5224992834623102,0.6666666666666666,179710,non_flipped,xgb,path_strip,2.0,evasion
0.5786758383490972,0.6666666666666666,62634,non_flipped,xgb,path_strip,2.0,evasion
0.99713384924047,1.0,146192,non_flipped,xgb,path_strip,2.0,evasion
0.9237603897965034,1.0,198404,non_flipped,xgb,path_strip,2.0,evasion
0.46918887933505304,0.6666666666666666,137725,non_flipped,xgb,path_strip,2.0,evasion
0.5500143307537977,0.42857142857142855,178408,non_flipped,xgb,path_strip,2.0,evasion
0.5511607910576096,0.42857142857142855,200475,non_flipped,xgb,path_strip,2.0,evasion
0.8945256520492978,0.6666666666666666,202630,non_flipped,xgb,path_strip,2.0,evasion
0.5356835769561479,0.6666666666666666,73231,non_flipped,xgb,path_strip,2.0,evasion
0.46345657781599314,0.6666666666666666,200958,non_flipped,xgb,path_strip,2.0,evasion
0.7558039552880481,1.0,76434,non_flipped,xgb,path_strip,2.0,evasion
0.7752937804528519,0.6666666666666666,188684,non_flipped,xgb,path_strip,2.0,evasion
0.5500143307537977,0.42857142857142855,69919,non_flipped,xgb,path_strip,2.0,evasion
0.9988535396961881,1.0,189313,non_flipped,xgb,path_strip,2.0,evasion
0.9994267698480941,1.0,205087,non_flipped,xgb,path_strip,2.0,evasion
0.9105760963026656,1.0,140449,non_flipped,xgb,path_strip,2.0,evasion
0.7873316136428777,0.6666666666666666,61732,non_flipped,xgb,path_strip,2.0,evasion
0.5310977357409,0.6666666666666666,137768,non_flipped,xgb,path_strip,2.0,evasion
0.4428202923473775,0.6666666666666666,114709,non_flipped,xgb,path_strip,2.0,evasion
0.5075952995127545,1.0,55260,non_flipped,xgb,path_strip,2.0,evasion
0.7965032960733736,0.6666666666666666,227747,non_flipped,xgb,path_strip,2.0,evasion
0.5511607910576096,0.42857142857142855,221386,non_flipped,xgb,path_strip,2.0,evasion
0.5219260533104042,0.6666666666666666,18603,non_flipped,xgb,path_strip,2.0,evasion
0.9954141587847521,1.0,157222,non_flipped,xgb,path_strip,2.0,evasion
0.532244196044712,0.6666666666666666,163702,non_flipped,xgb,path_strip,2.0,evasion
0.993121238177128,1.0,187977,non_flipped,xgb,path_strip,2.0,evasion
0.9994267698480941,0.6666666666666666,95081,non_flipped,xgb,path_strip,2.0,evasion
0.5775293780452853,0.6666666666666666,19339,non_flipped,xgb,path_strip,2.0,evasion
0.9380911435941531,1.0,14459,non_flipped,xgb,path_strip,2.0,evasion
0.5723703066781314,0.6666666666666666,174318,non_flipped,xgb,path_strip,2.0,evasion
0.5591860131842935,0.42857142857142855,71617,non_flipped,xgb,path_strip,2.0,evasion
0.7431928919461165,1.0,132713,non_flipped,xgb,path_strip,2.0,evasion
0.9111493264545716,1.0,62562,non_flipped,xgb,path_strip,2.0,evasion
0.5586127830323875,0.42857142857142855,208654,non_flipped,xgb,path_strip,2.0,evasion
0.48925193465176275,0.42857142857142855,57387,non_flipped,xgb,path_strip,2.0,evasion
0.4181713958154199,0.6666666666666666,145095,non_flipped,xgb,path_strip,2.0,evasion
0.532244196044712,0.6666666666666666,223972,non_flipped,xgb,path_strip,2.0,evasion
0.5517340212095156,0.42857142857142855,152652,non_flipped,xgb,path_strip,2.0,evasion
0.3918028088277443,1.0,110376,non_flipped,xgb,path_strip,2.0,evasion
0.9105760963026656,1.0,230023,non_flipped,xgb,path_strip,2.0,evasion
0.943250214961307,0.6666666666666666,79889,non_flipped,xgb,path_strip,2.0,evasion
0.41530524505589,0.6666666666666666,101766,non_flipped,xgb,path_strip,2.0,evasion
0.38205789624534253,0.6666666666666666,38761,non_flipped,xgb,path_strip,2.0,evasion
0.5098882201203784,1.0,174673,non_flipped,xgb,path_strip,2.0,evasion
0.5156205216394382,0.6666666666666666,91869,non_flipped,xgb,path_strip,2.0,evasion
0.7552307251361422,1.0,61017,non_flipped,xgb,path_strip,2.0,evasion
0.7328747492118085,0.42857142857142855,159902,non_flipped,xgb,path_strip,2.0,evasion
0.5511607910576096,0.42857142857142855,184830,non_flipped,xgb,path_strip,2.0,evasion
0.534537116652336,0.6666666666666666,76198,non_flipped,xgb,path_strip,2.0,evasion
0.5007165376898824,0.6666666666666666,42399,non_flipped,xgb,path_strip,2.0,evasion
0.5586127830323875,0.42857142857142855,232462,non_flipped,xgb,path_strip,2.0,evasion
0.826311263972485,0.6666666666666666,48725,non_flipped,xgb,path_strip,2.0,evasion
0.6038979650329608,0.42857142857142855,100529,non_flipped,xgb,path_strip,2.0,evasion
0.4439667526511895,0.6666666666666666,78568,non_flipped,xgb,path_strip,2.0,evasion
0.5586127830323875,0.42857142857142855,37561,non_flipped,xgb,path_strip,2.0,evasion
0.4325021496130697,1.0,102326,non_flipped,xgb,path_strip,2.0,evasion
0.8991114932645458,1.0,222403,non_flipped,xgb,path_strip,2.0,evasion
0.4823731728288908,0.6666666666666666,110560,non_flipped,xgb,path_strip,2.0,evasion
0.6044711951848667,0.6666666666666666,88942,non_flipped,xgb,path_strip,2.0,evasion
0.6979077099455432,0.6666666666666666,191059,non_flipped,xgb,path_strip,2.0,evasion
0.5179134422470622,0.42857142857142855,228602,non_flipped,xgb,path_strip,2.0,evasion
0.5224992834623102,0.6666666666666666,54529,non_flipped,xgb,path_strip,2.0,evasion
0.4370879908283176,0.42857142857142855,9894,non_flipped,xgb,path_strip,2.0,evasion
0.5574663227285757,0.42857142857142855,68481,non_flipped,xgb,path_strip,2.0,evasion
0.46001719690455717,0.6666666666666666,127280,non_flipped,xgb,path_strip,2.0,evasion
0.33906563485239327,0.6666666666666666,214313,non_flipped,xgb,path_strip,2.0,evasion
0.4370879908283176,0.42857142857142855,161372,non_flipped,xgb,path_strip,2.0,evasion
0.7472055030094584,0.42857142857142855,133548,non_flipped,xgb,path_strip,2.0,evasion
0.9208942390369734,1.0,25872,non_flipped,xgb,path_strip,2.0,evasion
0.8114072800229293,1.0,117175,non_flipped,xgb,path_strip,2.0,evasion
0.8005159071367155,0.6666666666666666,176532,non_flipped,xgb,path_strip,2.0,evasion
0.6686729721983377,0.42857142857142855,145821,non_flipped,xgb,path_strip,2.0,evasion
0.9289194611636572,1.0,913,non_flipped,xgb,path_strip,2.0,evasion
0.9994267698480941,1.0,6745,non_flipped,xgb,path_strip,2.0,evasion
0.6119231871596447,1.0,210959,non_flipped,xgb,path_strip,2.0,evasion
0.46001719690455717,0.6666666666666666,124925,non_flipped,xgb,path_strip,2.0,evasion
0.44224706219547155,0.42857142857142855,37593,non_flipped,xgb,path_strip,2.0,evasion
0.9965606190885641,0.6666666666666666,179637,non_flipped,xgb,path_strip,2.0,evasion
0.3614216107767269,0.6666666666666666,113154,non_flipped,xgb,path_strip,2.0,evasion
0.41874462596732587,0.6666666666666666,79962,non_flipped,xgb,path_strip,2.0,evasion
0.5081685296646603,1.0,54738,non_flipped,xgb,path_strip,2.0,evasion
0.41186586414445403,0.42857142857142855,167153,non_flipped,xgb,path_strip,2.0,evasion
0.8119805101748352,0.6666666666666666,148585,non_flipped,xgb,path_strip,2.0,evasion
0.5488678704499858,0.42857142857142855,28258,non_flipped,xgb,path_strip,2.0,evasion
0.41301232444826597,0.42857142857142855,213114,non_flipped,xgb,path_strip,2.0,evasion
0.99713384924047,1.0,195127,non_flipped,xgb,path_strip,2.0,evasion
0.9042705646316997,0.6666666666666666,100598,non_flipped,xgb,path_strip,2.0,evasion
0.9936944683290341,0.6666666666666666,161595,non_flipped,xgb,path_strip,2.0,evasion
0.5712238463743193,0.42857142857142855,25757,non_flipped,xgb,path_strip,2.0,evasion
0.9271997707079392,0.6666666666666666,176945,non_flipped,xgb,path_strip,2.0,evasion
0.5586127830323875,0.42857142857142855,89951,non_flipped,xgb,path_strip,2.0,evasion
0.9994267698480941,1.0,115700,non_flipped,xgb,path_strip,2.0,evasion
0.5391229578675838,0.42857142857142855,214967,non_flipped,xgb,path_strip,2.0,evasion
0.5500143307537977,0.42857142857142855,214740,non_flipped,xgb,path_strip,2.0,evasion
0.9936944683290341,0.6666666666666666,170660,non_flipped,xgb,path_strip,2.0,evasion
0.8538263112639726,0.42857142857142855,164843,non_flipped,xgb,path_strip,2.0,evasion
0.8727429062768702,0.6666666666666666,26688,non_flipped,xgb,path_strip,2.0,evasion
0.4588707366007452,0.42857142857142855,220833,non_flipped,xgb,path_strip,2.0,evasion
0.9977070793923762,1.0,159075,non_flipped,xgb,path_strip,2.0,evasion
0.8962453425050158,1.0,64761,non_flipped,xgb,path_strip,2.0,evasion
0.707652622527945,0.42857142857142855,79342,non_flipped,xgb,path_strip,2.0,evasion
0.5586127830323875,0.42857142857142855,220818,non_flipped,xgb,path_strip,2.0,evasion
0.8543995414158786,0.6666666666666666,185087,non_flipped,xgb,path_strip,2.0,evasion
0.5494411006018918,0.6666666666666666,115631,non_flipped,xgb,path_strip,2.0,evasion
0.5270851246775582,0.6666666666666666,173664,non_flipped,xgb,path_strip,2.0,evasion
0.9472628260246491,1.0,116439,non_flipped,xgb,path_strip,2.0,evasion
0.4560045858412153,0.6666666666666666,29117,non_flipped,xgb,path_strip,2.0,evasion
0.5586127830323875,0.42857142857142855,147197,non_flipped,xgb,path_strip,2.0,evasion
0.5517340212095156,0.42857142857142855,59298,non_flipped,xgb,path_strip,2.0,evasion
0.8005159071367155,0.42857142857142855,230969,non_flipped,xgb,path_strip,2.0,evasion
1.0,1.0,66807,non_flipped,xgb,path_strip,2.0,evasion
0.7856119231871598,0.6666666666666666,9088,non_flipped,xgb,path_strip,2.0,evasion
0.597019203210089,0.42857142857142855,233835,non_flipped,xgb,path_strip,2.0,evasion
0.5643450845514474,0.6666666666666666,44565,non_flipped,xgb,path_strip,2.0,evasion
0.6423043852106621,0.6666666666666666,91109,non_flipped,xgb,path_strip,2.0,evasion
0.6067641157924908,0.6666666666666666,176973,non_flipped,xgb,path_strip,2.0,evasion
0.9105760963026656,1.0,223509,non_flipped,xgb,path_strip,2.0,evasion
0.5505875609057037,0.42857142857142855,191018,non_flipped,xgb,path_strip,2.0,evasion
0.5586127830323875,0.42857142857142855,95851,non_flipped,xgb,path_strip,2.0,evasion
0.41702493551160796,0.6666666666666666,221260,non_flipped,xgb,path_strip,2.0,evasion
0.5586127830323875,0.42857142857142855,180432,non_flipped,xgb,path_strip,2.0,evasion
0.43823445113212955,0.42857142857142855,62120,non_flipped,xgb,path_strip,2.0,evasion
0.5872742906276871,0.42857142857142855,158424,non_flipped,xgb,path_strip,2.0,evasion
0.3379191745485812,0.42857142857142855,17754,non_flipped,xgb,path_strip,2.0,evasion
0.9610203496703926,1.0,234133,non_flipped,xgb,path_strip,2.0,evasion
0.7380338205789625,1.0,213136,non_flipped,xgb,path_strip,2.0,evasion
0.6251074806534824,1.0,104732,non_flipped,xgb,path_strip,2.0,evasion
0.5586127830323875,0.42857142857142855,222415,non_flipped,xgb,path_strip,2.0,evasion
0.4594439667526512,0.6666666666666666,174885,non_flipped,xgb,path_strip,2.0,evasion
0.9564345084551448,1.0,105548,non_flipped,xgb,path_strip,2.0,evasion
0.9220406993407854,1.0,142431,non_flipped,xgb,path_strip,2.0,evasion
0.5505875609057037,0.6666666666666666,33713,non_flipped,xgb,path_strip,2.0,evasion
0.8693035253654343,1.0,60621,non_flipped,xgb,path_strip,2.0,evasion
0.5586127830323875,0.6666666666666666,95996,non_flipped,xgb,path_strip,2.0,evasion
0.9977070793923762,1.0,164435,non_flipped,xgb,path_strip,2.0,evasion
0.5586127830323875,0.42857142857142855,143333,non_flipped,xgb,path_strip,2.0,evasion
0.6107767268558326,0.6666666666666666,44153,non_flipped,xgb,path_strip,2.0,evasion
0.5184866723989683,0.42857142857142855,201901,non_flipped,xgb,path_strip,2.0,evasion
0.1539122957867584,0.6666666666666666,229354,non_flipped,xgb,path_strip,2.0,evasion
0.4978503869303526,1.0,29656,non_flipped,xgb,path_strip,2.0,evasion
0.5781026081971912,0.42857142857142855,151930,non_flipped,xgb,path_strip,2.0,evasion
0.5717970765262252,0.42857142857142855,30292,non_flipped,xgb,path_strip,2.0,evasion
0.8446546288334766,1.0,7609,non_flipped,xgb,path_strip,2.0,evasion
0.7168243049584407,0.6666666666666666,141865,non_flipped,xgb,path_strip,2.0,evasion
0.4542848953854973,0.6666666666666666,175969,non_flipped,xgb,path_strip,2.0,evasion
0.5081685296646603,1.0,154381,non_flipped,xgb,path_strip,2.0,evasion
0.9088564058469476,0.6666666666666666,84007,non_flipped,xgb,path_strip,2.0,evasion
0.8480940097449126,0.6666666666666666,215276,non_flipped,xgb,path_strip,2.0,evasion
0.6921754084264834,0.6666666666666666,220496,non_flipped,xgb,path_strip,2.0,evasion
0.5500143307537977,0.6666666666666666,44379,non_flipped,xgb,path_strip,2.0,evasion
0.6038979650329608,0.42857142857142855,26175,non_flipped,xgb,path_strip,2.0,evasion
0.5219260533104042,0.6666666666666666,75541,non_flipped,xgb,path_strip,2.0,evasion
0.46402980796789917,0.6666666666666666,66224,non_flipped,xgb,path_strip,2.0,evasion
0.5505875609057037,0.42857142857142855,160117,non_flipped,xgb,path_strip,2.0,evasion
0.9226139294926914,0.6666666666666666,111101,non_flipped,xgb,path_strip,2.0,evasion
0.529951275437088,0.42857142857142855,187955,non_flipped,xgb,path_strip,2.0,evasion
0.8584121524792204,1.0,129258,non_flipped,xgb,path_strip,2.0,evasion
0.888793350530238,0.6666666666666666,165901,non_flipped,xgb,path_strip,2.0,evasion
0.5488678704499858,0.42857142857142855,33859,non_flipped,xgb,path_strip,2.0,evasion
0.47549441100601897,0.6666666666666666,194470,non_flipped,xgb,path_strip,2.0,evasion
0.9117225566064776,1.0,151110,non_flipped,xgb,path_strip,2.0,evasion
0.7466322728575524,0.6666666666666666,84616,non_flipped,xgb,path_strip,2.0,evasion
0.9994267698480941,1.0,123590,non_flipped,xgb,path_strip,2.0,evasion
0.9805101748351963,0.6666666666666666,233038,non_flipped,xgb,path_strip,2.0,evasion
0.5815419891086271,0.42857142857142855,45389,non_flipped,xgb,path_strip,2.0,evasion
0.45313843508168533,0.6666666666666666,223869,non_flipped,xgb,path_strip,2.0,evasion
0.47090856979077106,1.0,219381,non_flipped,xgb,path_strip,2.0,evasion
0.5660647750071653,0.6666666666666666,76915,non_flipped,xgb,path_strip,2.0,evasion
0.48065348237317285,0.6666666666666666,45656,non_flipped,xgb,path_strip,2.0,evasion
0.9936944683290341,0.6666666666666666,219494,non_flipped,xgb,path_strip,2.0,evasion
0.5586127830323875,0.42857142857142855,126350,non_flipped,xgb,path_strip,2.0,evasion
0.9002579535683577,0.6666666666666666,42499,non_flipped,xgb,path_strip,2.0,evasion
0.5121811407280022,0.42857142857142855,165977,non_flipped,xgb,path_strip,2.0,evasion
0.41243909429635994,0.42857142857142855,86977,non_flipped,xgb,path_strip,2.0,evasion
0.7311550587560907,0.6666666666666666,106967,non_flipped,xgb,path_strip,2.0,evasion
0.4004012611063342,0.6666666666666666,74010,non_flipped,xgb,path_strip,2.0,evasion
0.6434508455144741,0.6666666666666666,202816,non_flipped,xgb,path_strip,2.0,evasion
0.4938377758670106,0.42857142857142855,138292,non_flipped,xgb,path_strip,2.0,evasion
0.9822298652909144,0.6666666666666666,64533,non_flipped,xgb,path_strip,2.0,evasion
0.2783032387503583,0.42857142857142855,78107,non_flipped,xgb,path_strip,2.0,evasion
0.9936944683290341,1.0,162490,non_flipped,xgb,path_strip,2.0,evasion
0.9254800802522213,0.6666666666666666,25557,non_flipped,xgb,path_strip,2.0,evasion
0.4846660934365148,1.0,201266,non_flipped,xgb,path_strip,2.0,evasion
0.5012897678417885,0.6666666666666666,148529,non_flipped,xgb,path_strip,2.0,evasion
0.47205503009458305,1.0,221562,non_flipped,xgb,path_strip,2.0,evasion
0.8297506448839209,1.0,115560,non_flipped,xgb,path_strip,2.0,evasion
0.8601318429349384,0.6666666666666666,38629,non_flipped,xgb,path_strip,2.0,evasion
0.5649183147033535,0.6666666666666666,216591,non_flipped,xgb,path_strip,2.0,evasion
0.8979650329607337,1.0,16134,non_flipped,xgb,path_strip,2.0,evasion
0.6153625680710807,0.6666666666666666,158591,non_flipped,xgb,path_strip,2.0,evasion
0.4967039266265405,0.6666666666666666,21889,non_flipped,xgb,path_strip,2.0,evasion
0.5523072513614217,0.25,83772,non_flipped,xgb,path_strip,2.0,evasion
0.7179707652622528,1.0,177851,non_flipped,xgb,path_strip,2.0,evasion
0.7919174548581256,1.0,27862,non_flipped,xgb,path_strip,2.0,evasion
0.4949842361708226,1.0,72171,non_flipped,xgb,path_strip,2.0,evasion
0.4273430782459158,0.6666666666666666,6582,non_flipped,xgb,path_strip,2.0,evasion
0.7145313843508169,0.6666666666666666,201296,non_flipped,xgb,path_strip,2.0,evasion
1.0,1.0,148935,non_flipped,xgb,path_strip,2.0,evasion
0.9581541989108628,1.0,2366,non_flipped,xgb,path_strip,2.0,evasion
0.527658354829464,0.42857142857142855,11714,non_flipped,xgb,path_strip,2.0,evasion
0.5654915448552594,0.6666666666666666,152680,non_flipped,xgb,path_strip,2.0,evasion
0.8824878188592721,0.6666666666666666,81790,non_flipped,xgb,path_strip,2.0,evasion
0.6044711951848667,0.42857142857142855,149097,non_flipped,xgb,path_strip,2.0,evasion
0.5081685296646603,1.0,195052,non_flipped,xgb,path_strip,2.0,evasion
0.9965606190885641,1.0,89594,non_flipped,xgb,path_strip,2.0,evasion
0.4846660934365148,1.0,93844,non_flipped,xgb,path_strip,2.0,evasion
0.5586127830323875,0.42857142857142855,186792,non_flipped,xgb,path_strip,2.0,evasion
0.5477214101461737,0.42857142857142855,223269,non_flipped,xgb,path_strip,2.0,evasion
0.5517340212095156,0.42857142857142855,228727,non_flipped,xgb,path_strip,2.0,evasion
0.7563771854399541,0.6666666666666666,203400,non_flipped,xgb,path_strip,2.0,evasion
0.8492404700487246,0.6666666666666666,145287,non_flipped,xgb,path_strip,2.0,evasion
0.595299512754371,0.6666666666666666,219437,non_flipped,xgb,path_strip,2.0,evasion
0.5517340212095156,0.42857142857142855,78778,non_flipped,xgb,path_strip,2.0,evasion
0.38205789624534253,0.6666666666666666,186994,non_flipped,xgb,path_strip,2.0,evasion
0.41530524505589,0.6666666666666666,5461,non_flipped,xgb,path_strip,2.0,evasion
1.0,1.0,60039,non_flipped,xgb,path_strip,2.0,evasion
0.4651762682717111,0.42857142857142855,231025,non_flipped,xgb,path_strip,2.0,evasion
0.5230725136142161,0.6666666666666666,178714,non_flipped,xgb,path_strip,2.0,evasion
0.4519919747778734,0.42857142857142855,92535,non_flipped,xgb,path_strip,2.0,evasion
0.7019203210088851,0.42857142857142855,12934,non_flipped,xgb,path_strip,2.0,evasion
0.47090856979077106,1.0,33651,non_flipped,xgb,path_strip,2.0,evasion
0.8939524218973919,1.0,177341,non_flipped,xgb,path_strip,2.0,evasion
0.9965606190885641,0.6666666666666666,130675,non_flipped,xgb,path_strip,2.0,evasion
0.7019203210088851,0.6666666666666666,23851,non_flipped,xgb,path_strip,2.0,evasion
0.5591860131842935,0.25,162979,non_flipped,xgb,path_strip,2.0,evasion
0.9111493264545716,1.0,153149,non_flipped,xgb,path_strip,2.0,evasion
0.6142161077672685,0.6666666666666666,124909,non_flipped,xgb,path_strip,2.0,evasion
0.5568930925766695,0.6666666666666666,106076,non_flipped,xgb,path_strip,2.0,evasion
0.4852393235884208,0.42857142857142855,107120,non_flipped,xgb,path_strip,2.0,evasion
0.8240183433648611,0.6666666666666666,175720,non_flipped,xgb,path_strip,2.0,evasion
0.8406420177701347,1.0,14014,non_flipped,xgb,path_strip,2.0,evasion
0.8962453425050158,0.6666666666666666,232546,non_flipped,xgb,path_strip,2.0,evasion
0.4261966179421038,0.6666666666666666,145432,non_flipped,xgb,path_strip,2.0,evasion
0.4456864431069074,0.42857142857142855,138537,non_flipped,xgb,path_strip,2.0,evasion
0.5116079105760963,0.6666666666666666,36719,non_flipped,xgb,path_strip,2.0,evasion
0.5643450845514474,0.6666666666666666,51182,non_flipped,xgb,path_strip,2.0,evasion
0.7196904557179709,1.0,231480,non_flipped,xgb,path_strip,2.0,evasion
0.5190599025508742,0.6666666666666666,201051,non_flipped,xgb,path_strip,2.0,evasion
0.5918601318429351,0.42857142857142855,219278,non_flipped,xgb,path_strip,2.0,evasion
0.5586127830323875,0.42857142857142855,233460,non_flipped,xgb,path_strip,2.0,evasion
0.9942676984809401,1.0,11435,non_flipped,xgb,path_strip,2.0,evasion
0.6755517340212095,0.6666666666666666,190122,non_flipped,xgb,path_strip,2.0,evasion
0.7391802808827745,1.0,140077,non_flipped,xgb,path_strip,2.0,evasion
0.49613069647463465,0.6666666666666666,60243,non_flipped,xgb,path_strip,2.0,evasion
0.5517340212095156,0.42857142857142855,85404,non_flipped,xgb,path_strip,2.0,evasion
0.5419891086271139,0.42857142857142855,133372,non_flipped,xgb,path_strip,2.0,evasion
0.5672112353109774,0.6666666666666666,220702,non_flipped,xgb,path_strip,2.0,evasion
0.5586127830323875,0.42857142857142855,95341,non_flipped,xgb,path_strip,2.0,evasion
0.5591860131842935,0.25,228291,non_flipped,xgb,path_strip,2.0,evasion
0.6038979650329608,0.42857142857142855,84201,non_flipped,xgb,path_strip,2.0,evasion
0.5586127830323875,0.42857142857142855,82140,non_flipped,xgb,path_strip,2.0,evasion
0.4284895385497277,0.6666666666666666,48968,non_flipped,xgb,path_strip,2.0,evasion
0.5637718543995415,1.0,79044,non_flipped,xgb,path_strip,2.0,evasion
0.5368300372599599,0.6666666666666666,100974,non_flipped,xgb,path_strip,2.0,evasion
0.44224706219547155,0.42857142857142855,61365,non_flipped,xgb,path_strip,2.0,evasion
0.9902550874175983,1.0,105675,non_flipped,xgb,path_strip,2.0,evasion
0.4881054743479507,1.0,149150,non_flipped,xgb,path_strip,2.0,evasion
0.4846660934365148,0.42857142857142855,143151,non_flipped,xgb,path_strip,2.0,evasion
0.5586127830323875,0.42857142857142855,105584,non_flipped,xgb,path_strip,2.0,evasion
0.5723703066781314,0.6666666666666666,159018,non_flipped,xgb,path_strip,2.0,evasion
0.9994267698480941,1.0,191879,non_flipped,xgb,path_strip,2.0,evasion
0.5500143307537977,0.42857142857142855,130720,non_flipped,xgb,path_strip,2.0,evasion
0.8343364860991689,1.0,216860,non_flipped,xgb,path_strip,2.0,evasion
0.4370879908283176,0.42857142857142855,105789,non_flipped,xgb,path_strip,2.0,evasion
0.6016050444253368,0.6666666666666666,13911,non_flipped,xgb,path_strip,2.0,evasion
0.6056176554886786,0.42857142857142855,103868,non_flipped,xgb,path_strip,2.0,evasion
0.4399541415878475,0.6666666666666666,105824,non_flipped,xgb,path_strip,2.0,evasion
0.5270851246775582,0.6666666666666666,34643,non_flipped,xgb,path_strip,2.0,evasion
0.8985382631126397,1.0,111451,non_flipped,xgb,path_strip,2.0,evasion
0.6904557179707653,1.0,64828,non_flipped,xgb,path_strip,2.0,evasion
0.6153625680710807,0.6666666666666666,3886,non_flipped,xgb,path_strip,2.0,evasion
0.7328747492118085,1.0,13166,non_flipped,xgb,path_strip,2.0,evasion
0.6033247348810548,0.6666666666666666,185807,non_flipped,xgb,path_strip,2.0,evasion
0.4881054743479507,0.6666666666666666,22056,non_flipped,xgb,path_strip,2.0,evasion
0.5987388936658068,0.42857142857142855,131444,non_flipped,xgb,path_strip,2.0,evasion
0.9466895958727429,0.6666666666666666,78858,non_flipped,xgb,path_strip,2.0,evasion
0.6228145600458584,0.6666666666666666,51376,non_flipped,xgb,path_strip,2.0,evasion
0.647463456577816,0.42857142857142855,93855,non_flipped,xgb,path_strip,2.0,evasion
0.5396961880194898,0.42857142857142855,22603,non_flipped,xgb,path_strip,2.0,evasion
0.5173402120951562,1.0,230459,non_flipped,xgb,path_strip,2.0,evasion
0.5586127830323875,0.6666666666666666,181436,non_flipped,xgb,path_strip,2.0,evasion
0.9977070793923762,1.0,110670,non_flipped,xgb,path_strip,2.0,evasion
0.527658354829464,0.42857142857142855,9308,non_flipped,xgb,path_strip,2.0,evasion
0.6050444253367727,0.6666666666666666,213183,non_flipped,xgb,path_strip,2.0,evasion
0.5270851246775582,0.42857142857142855,4074,non_flipped,xgb,path_strip,2.0,evasion
0.49957007738607057,1.0,136480,non_flipped,xgb,path_strip,2.0,evasion
0.9942676984809401,1.0,40036,non_flipped,xgb,path_strip,2.0,evasion
0.5735167669819432,0.6666666666666666,102476,non_flipped,xgb,path_strip,2.0,evasion
0.4777873316136429,0.6666666666666666,200122,non_flipped,xgb,path_strip,2.0,evasion
0.5202063628546861,1.0,196148,non_flipped,xgb,path_strip,2.0,evasion
0.888793350530238,0.6666666666666666,59017,non_flipped,xgb,path_strip,2.0,evasion
0.6102034967039267,0.6666666666666666,198772,non_flipped,xgb,path_strip,2.0,evasion
0.5500143307537977,0.42857142857142855,4907,non_flipped,xgb,path_strip,2.0,evasion
0.5981656635139009,0.6666666666666666,177935,non_flipped,xgb,path_strip,2.0,evasion
0.47205503009458305,0.42857142857142855,60987,non_flipped,xgb,path_strip,2.0,evasion
0.940957294353683,0.6666666666666666,6973,non_flipped,xgb,path_strip,2.0,evasion
0.5213528231584982,0.6666666666666666,72599,non_flipped,xgb,path_strip,2.0,evasion
0.5591860131842935,0.25,28829,non_flipped,xgb,path_strip,2.0,evasion
0.8509601605044427,1.0,90215,non_flipped,xgb,path_strip,2.0,evasion
0.7500716537689883,0.6666666666666666,131441,non_flipped,xgb,path_strip,2.0,evasion
0.8492404700487246,0.6666666666666666,149913,non_flipped,xgb,path_strip,2.0,evasion
0.9908283175695043,0.6666666666666666,39269,non_flipped,xgb,path_strip,2.0,evasion
0.5586127830323875,0.42857142857142855,53382,non_flipped,xgb,path_strip,2.0,evasion
0.9122957867583835,1.0,62121,non_flipped,xgb,path_strip,2.0,evasion
0.28575523072513614,1.0,50479,non_flipped,xgb,path_strip,2.0,evasion
0.6096302665520207,0.6666666666666666,88414,non_flipped,xgb,path_strip,2.0,evasion
0.4560045858412153,1.0,20268,non_flipped,xgb,path_strip,2.0,evasion
0.5591860131842935,0.25,158679,non_flipped,xgb,path_strip,2.0,evasion
0.8985382631126397,0.6666666666666666,62923,non_flipped,xgb,path_strip,2.0,evasion
0.4548581255374033,0.6666666666666666,110954,non_flipped,xgb,path_strip,2.0,evasion
0.5586127830323875,0.42857142857142855,207393,non_flipped,xgb,path_strip,2.0,evasion
0.9231871596445973,1.0,115785,non_flipped,xgb,path_strip,2.0,evasion
0.8383490971625108,0.6666666666666666,68166,non_flipped,xgb,path_strip,2.0,evasion
0.5064488392089425,0.42857142857142855,84009,non_flipped,xgb,path_strip,2.0,evasion
0.9283462310117513,1.0,75213,non_flipped,xgb,path_strip,2.0,evasion
0.5511607910576096,0.42857142857142855,214451,non_flipped,xgb,path_strip,2.0,evasion
0.5098882201203784,1.0,111960,non_flipped,xgb,path_strip,2.0,evasion
0.4651762682717111,0.42857142857142855,17934,non_flipped,xgb,path_strip,2.0,evasion
0.5586127830323875,0.42857142857142855,77845,non_flipped,xgb,path_strip,2.0,evasion
0.18429349383777588,0.6666666666666666,55679,non_flipped,xgb,path_strip,2.0,evasion
0.4502722843221554,0.42857142857142855,32671,non_flipped,xgb,path_strip,2.0,evasion
0.8010891372886214,1.0,95145,non_flipped,xgb,path_strip,2.0,evasion
0.8595586127830325,0.6666666666666666,179782,non_flipped,xgb,path_strip,2.0,evasion
0.9088564058469476,0.6666666666666666,213493,non_flipped,xgb,path_strip,2.0,evasion
0.946116365720837,1.0,188225,non_flipped,xgb,path_strip,2.0,evasion
0.47205503009458305,1.0,101804,non_flipped,xgb,path_strip,2.0,evasion
0.49613069647463465,0.6666666666666666,37784,non_flipped,xgb,path_strip,2.0,evasion
0.44625967325881344,1.0,188371,non_flipped,xgb,path_strip,2.0,evasion
0.7661220980223561,1.0,82113,non_flipped,xgb,path_strip,2.0,evasion
0.8824878188592721,0.42857142857142855,92818,non_flipped,xgb,path_strip,2.0,evasion
0.5511607910576096,0.42857142857142855,101361,non_flipped,xgb,path_strip,2.0,evasion
0.4795070220693609,0.42857142857142855,26336,non_flipped,xgb,path_strip,2.0,evasion
0.9002579535683577,0.6666666666666666,146576,non_flipped,xgb,path_strip,2.0,evasion
0.4439667526511895,0.6666666666666666,57876,non_flipped,xgb,path_strip,2.0,evasion
0.4605904270564632,0.6666666666666666,103895,non_flipped,xgb,path_strip,2.0,evasion
0.5408426483233019,0.42857142857142855,126015,non_flipped,xgb,path_strip,2.0,evasion
0.5591860131842935,0.6666666666666666,92475,non_flipped,xgb,path_strip,2.0,evasion
0.8744625967325882,1.0,135945,non_flipped,xgb,path_strip,2.0,evasion
0.46632272857552304,0.6666666666666666,188578,non_flipped,xgb,path_strip,2.0,evasion
0.529951275437088,0.6666666666666666,226003,non_flipped,xgb,path_strip,2.0,evasion
0.5500143307537977,0.6666666666666666,118152,non_flipped,xgb,path_strip,2.0,evasion
0.5511607910576096,0.42857142857142855,155354,non_flipped,xgb,path_strip,2.0,evasion
0.6222413298939525,1.0,118854,non_flipped,xgb,path_strip,2.0,evasion
0.6262539409572945,0.42857142857142855,40277,non_flipped,xgb,path_strip,2.0,evasion
0.5517340212095156,0.42857142857142855,213125,non_flipped,xgb,path_strip,2.0,evasion
0.9094296359988537,1.0,175060,non_flipped,xgb,path_strip,2.0,evasion
0.5500143307537977,0.6666666666666666,165034,non_flipped,xgb,path_strip,2.0,evasion
0.4411006018916595,0.42857142857142855,98433,non_flipped,xgb,path_strip,2.0,evasion
0.48179994267698484,0.6666666666666666,213662,non_flipped,xgb,path_strip,2.0,evasion
0.47721410146173693,0.6666666666666666,231375,non_flipped,xgb,path_strip,2.0,evasion
0.4846660934365148,1.0,41834,non_flipped,xgb,path_strip,2.0,evasion
0.9398108340498711,1.0,233402,non_flipped,xgb,path_strip,2.0,evasion
0.9031241043278877,0.6666666666666666,170580,non_flipped,xgb,path_strip,2.0,evasion
0.5586127830323875,0.42857142857142855,152145,non_flipped,xgb,path_strip,2.0,evasion
0.5844081398681572,0.42857142857142855,106515,non_flipped,xgb,path_strip,2.0,evasion
0.49441100601891663,0.42857142857142855,157631,non_flipped,xgb,path_strip,2.0,evasion
0.6050444253367727,0.6666666666666666,96385,non_flipped,xgb,path_strip,2.0,evasion
0.5706506162224133,0.6666666666666666,173436,non_flipped,xgb,path_strip,2.0,evasion
0.9988535396961881,1.0,112438,non_flipped,xgb,path_strip,2.0,evasion
0.5517340212095156,0.42857142857142855,111463,non_flipped,xgb,path_strip,2.0,evasion
0.9094296359988537,0.6666666666666666,122351,non_flipped,xgb,path_strip,2.0,evasion
0.8480940097449126,1.0,7153,non_flipped,xgb,path_strip,2.0,evasion
0.9145887073660074,1.0,122193,non_flipped,xgb,path_strip,2.0,evasion
0.44912582401834333,0.6666666666666666,107587,non_flipped,xgb,path_strip,2.0,evasion
0.47090856979077106,1.0,127906,non_flipped,xgb,path_strip,2.0,evasion
0.9936944683290341,1.0,101660,non_flipped,xgb,path_strip,2.0,evasion
0.8234451132129551,0.6666666666666666,77262,non_flipped,xgb,path_strip,2.0,evasion
0.5729435368300373,0.6666666666666666,119827,non_flipped,xgb,path_strip,2.0,evasion
0.8303238750358268,0.6666666666666666,5603,non_flipped,xgb,path_strip,2.0,evasion
0.9948409286328461,0.6666666666666666,55728,non_flipped,xgb,path_strip,2.0,evasion
0.9271997707079392,1.0,233062,non_flipped,xgb,path_strip,2.0,evasion
1.0,1.0,198974,non_flipped,xgb,path_strip,2.0,evasion
0.9214674691888793,1.0,47353,non_flipped,xgb,path_strip,2.0,evasion
0.473201490398395,0.6666666666666666,158820,non_flipped,xgb,path_strip,2.0,evasion
0.8991114932645458,0.6666666666666666,79816,non_flipped,xgb,path_strip,2.0,evasion
0.8996847234164518,1.0,134302,non_flipped,xgb,path_strip,2.0,evasion
0.9220406993407854,0.6666666666666666,113637,non_flipped,xgb,path_strip,2.0,evasion
0.4984236170822585,0.6666666666666666,175746,non_flipped,xgb,path_strip,2.0,evasion
0.5557466322728576,0.6666666666666666,125686,non_flipped,xgb,path_strip,2.0,evasion
0.6038979650329608,0.42857142857142855,104528,non_flipped,xgb,path_strip,2.0,evasion
0.9959873889366582,1.0,76914,non_flipped,xgb,path_strip,2.0,evasion
0.6795643450845515,0.6666666666666666,44662,non_flipped,xgb,path_strip,2.0,evasion
0.770134709085698,1.0,197346,non_flipped,xgb,path_strip,2.0,evasion
0.9547148179994269,1.0,155575,non_flipped,xgb,path_strip,2.0,evasion
0.6119231871596447,0.6666666666666666,192247,non_flipped,xgb,path_strip,2.0,evasion
0.7535110346804242,0.6666666666666666,183530,non_flipped,xgb,path_strip,2.0,evasion
0.3734594439667527,0.6666666666666666,200468,non_flipped,xgb,path_strip,2.0,evasion
0.5505875609057037,0.42857142857142855,222458,non_flipped,xgb,path_strip,2.0,evasion
0.7242762969332186,0.6666666666666666,135310,non_flipped,xgb,path_strip,2.0,evasion
0.8893665806821439,0.6666666666666666,42023,non_flipped,xgb,path_strip,2.0,evasion
0.8985382631126397,1.0,184614,non_flipped,xgb,path_strip,2.0,evasion
0.9615935798222988,1.0,159115,non_flipped,xgb,path_strip,2.0,evasion
0.5500143307537977,0.42857142857142855,74121,non_flipped,xgb,path_strip,2.0,evasion
0.3700200630553167,0.42857142857142855,110098,non_flipped,xgb,path_strip,2.0,evasion
0.9942676984809401,0.6666666666666666,161006,non_flipped,xgb,path_strip,2.0,evasion
0.48638578389223275,0.6666666666666666,139118,non_flipped,xgb,path_strip,2.0,evasion
0.8028088277443394,1.0,187418,non_flipped,xgb,path_strip,2.0,evasion
0.6956147893379192,0.6666666666666666,23454,non_flipped,xgb,path_strip,2.0,evasion
0.9581541989108628,1.0,56688,non_flipped,xgb,path_strip,2.0,evasion
0.9994267698480941,1.0,83170,non_flipped,xgb,path_strip,2.0,evasion
0.41243909429635994,0.42857142857142855,217190,non_flipped,xgb,path_strip,2.0,evasion
0.9615935798222988,0.6666666666666666,216317,non_flipped,xgb,path_strip,2.0,evasion
0.7976497563771854,0.6666666666666666,225719,non_flipped,xgb,path_strip,2.0,evasion
0.7472055030094584,0.6666666666666666,113449,non_flipped,xgb,path_strip,2.0,evasion
0.44969905417024936,0.42857142857142855,60706,non_flipped,xgb,path_strip,2.0,evasion
0.9965606190885641,1.0,175398,non_flipped,xgb,path_strip,2.0,evasion
0.5586127830323875,0.42857142857142855,197554,non_flipped,xgb,path_strip,2.0,evasion
0.8056749785038694,1.0,14823,non_flipped,xgb,path_strip,2.0,evasion
0.4502722843221554,0.42857142857142855,129180,non_flipped,xgb,path_strip,2.0,evasion
0.534537116652336,1.0,147392,non_flipped,xgb,path_strip,2.0,evasion
0.4777873316136429,0.6666666666666666,215407,non_flipped,xgb,path_strip,2.0,evasion
0.6038979650329608,0.42857142857142855,231292,non_flipped,xgb,path_strip,2.0,evasion
0.5586127830323875,0.42857142857142855,37069,non_flipped,xgb,path_strip,2.0,evasion
0.6342791630839782,0.42857142857142855,110599,non_flipped,xgb,path_strip,2.0,evasion
0.5597592433361995,0.42857142857142855,25636,non_flipped,xgb,path_strip,2.0,evasion
0.9570077386070508,0.6666666666666666,191426,non_flipped,xgb,path_strip,2.0,evasion
0.5586127830323875,0.42857142857142855,97865,non_flipped,xgb,path_strip,2.0,evasion
0.5620521639438234,0.6666666666666666,67390,non_flipped,xgb,path_strip,2.0,evasion
0.819432502149613,1.0,43041,non_flipped,xgb,path_strip,2.0,evasion
0.9994267698480941,1.0,121817,non_flipped,xgb,path_strip,2.0,evasion
0.9186013184293494,0.6666666666666666,194442,non_flipped,xgb,path_strip,2.0,evasion
0.532817426196618,1.0,87629,non_flipped,xgb,path_strip,2.0,evasion
0.7145313843508169,1.0,1509,non_flipped,xgb,path_strip,2.0,evasion
0.473774720550301,1.0,109876,non_flipped,xgb,path_strip,2.0,evasion
0.9208942390369734,1.0,211640,non_flipped,xgb,path_strip,2.0,evasion
0.8721696761249642,0.6666666666666666,90261,non_flipped,xgb,path_strip,2.0,evasion
0.9002579535683577,0.6666666666666666,132829,non_flipped,xgb,path_strip,2.0,evasion
0.7810260819719118,1.0,35460,non_flipped,xgb,path_strip,2.0,evasion
0.5190599025508742,0.6666666666666666,119521,non_flipped,xgb,path_strip,2.0,evasion
0.9954141587847521,1.0,171503,non_flipped,xgb,path_strip,2.0,evasion
0.5437087990828318,0.6666666666666666,162342,non_flipped,xgb,path_strip,2.0,evasion
0.7850386930352538,0.6666666666666666,156382,non_flipped,xgb,path_strip,2.0,evasion
0.9994267698480941,1.0,161539,non_flipped,xgb,path_strip,2.0,evasion
0.9982803095442822,1.0,78738,non_flipped,xgb,path_strip,2.0,evasion
0.9197477787331614,1.0,22836,non_flipped,xgb,path_strip,2.0,evasion
0.5586127830323875,0.42857142857142855,151700,non_flipped,xgb,path_strip,2.0,evasion
0.9220406993407854,1.0,93974,non_flipped,xgb,path_strip,2.0,evasion
0.5723703066781314,0.42857142857142855,37560,non_flipped,xgb,path_strip,2.0,evasion
0.48065348237317285,0.6666666666666666,35617,non_flipped,xgb,path_strip,2.0,evasion
0.4605904270564632,1.0,38758,non_flipped,xgb,path_strip,2.0,evasion
0.42906276870163373,0.42857142857142855,15245,non_flipped,xgb,path_strip,2.0,evasion
0.5081685296646603,0.42857142857142855,193197,non_flipped,xgb,path_strip,2.0,evasion
0.4365147606764116,0.25,71991,non_flipped,xgb,path_strip,2.0,evasion
0.4519919747778734,0.6666666666666666,71606,non_flipped,xgb,path_strip,2.0,evasion
0.6079105760963028,0.42857142857142855,164396,non_flipped,xgb,path_strip,2.0,evasion
0.5717970765262252,0.42857142857142855,196955,non_flipped,xgb,path_strip,2.0,evasion
0.5729435368300373,0.6666666666666666,5867,non_flipped,xgb,path_strip,2.0,evasion
0.5265118945256521,0.42857142857142855,104552,non_flipped,xgb,path_strip,2.0,evasion
0.6033247348810548,0.6666666666666666,230107,non_flipped,xgb,path_strip,2.0,evasion
0.8956721123531098,0.6666666666666666,170026,non_flipped,xgb,path_strip,2.0,evasion
0.5586127830323875,0.42857142857142855,234630,non_flipped,xgb,path_strip,2.0,evasion
0.5947262826024649,0.42857142857142855,136250,non_flipped,xgb,path_strip,2.0,evasion
0.4926913155631987,0.42857142857142855,89169,non_flipped,xgb,path_strip,2.0,evasion
0.8171395815419891,0.6666666666666666,216639,non_flipped,xgb,path_strip,2.0,evasion
0.48925193465176275,0.6666666666666666,93095,non_flipped,xgb,path_strip,2.0,evasion
0.9942676984809401,0.6666666666666666,80780,non_flipped,xgb,path_strip,2.0,evasion
0.5631986242476354,0.42857142857142855,180723,non_flipped,xgb,path_strip,2.0,evasion
0.7884780739466897,0.6666666666666666,200393,non_flipped,xgb,path_strip,2.0,evasion
0.5993121238177129,0.6666666666666666,163983,non_flipped,xgb,path_strip,2.0,evasion
0.3786185153339066,0.42857142857142855,93010,non_flipped,xgb,path_strip,2.0,evasion
0.473774720550301,0.6666666666666666,6995,non_flipped,xgb,path_strip,2.0,evasion
0.6102034967039267,0.42857142857142855,190228,non_flipped,xgb,path_strip,2.0,evasion
0.4393809114359415,1.0,153966,non_flipped,xgb,path_strip,2.0,evasion
0.9965606190885641,0.6666666666666666,79953,non_flipped,xgb,path_strip,2.0,evasion
0.6216680997420464,0.42857142857142855,36562,non_flipped,xgb,path_strip,2.0,evasion
0.9942676984809401,1.0,131239,non_flipped,xgb,path_strip,2.0,evasion
0.9977070793923762,0.6666666666666666,177315,non_flipped,xgb,path_strip,2.0,evasion
0.5620521639438234,0.42857142857142855,34082,non_flipped,xgb,path_strip,2.0,evasion
0.5414158784752079,0.42857142857142855,223741,non_flipped,xgb,path_strip,2.0,evasion
0.5660647750071653,0.6666666666666666,100241,non_flipped,xgb,path_strip,2.0,evasion
0.7151046145027229,0.6666666666666666,41876,non_flipped,xgb,path_strip,2.0,evasion
0.5482946402980796,1.0,146852,non_flipped,xgb,path_strip,2.0,evasion
0.9357982229865291,1.0,4352,non_flipped,xgb,path_strip,2.0,evasion
0.9988535396961881,1.0,157349,non_flipped,xgb,path_strip,2.0,evasion
0.48638578389223275,0.6666666666666666,52763,non_flipped,xgb,path_strip,2.0,evasion
0.6073373459443967,0.6666666666666666,206142,non_flipped,xgb,path_strip,2.0,evasion
0.8767555173402121,1.0,191491,non_flipped,xgb,path_strip,2.0,evasion
0.5517340212095156,0.42857142857142855,32802,non_flipped,xgb,path_strip,2.0,evasion
0.8847807394668961,1.0,41802,non_flipped,xgb,path_strip,2.0,evasion
0.4926913155631987,0.42857142857142855,216200,non_flipped,xgb,path_strip,2.0,evasion
0.6119231871596447,0.42857142857142855,53968,non_flipped,xgb,path_strip,2.0,evasion
0.6113499570077388,0.6666666666666666,27243,non_flipped,xgb,path_strip,2.0,evasion
0.5586127830323875,0.42857142857142855,118026,non_flipped,xgb,path_strip,2.0,evasion
0.9994267698480941,1.0,12422,non_flipped,xgb,path_strip,2.0,evasion
0.9988535396961881,1.0,134226,non_flipped,xgb,path_strip,2.0,evasion
0.831470335339639,0.6666666666666666,50203,non_flipped,xgb,path_strip,2.0,evasion
0.9965606190885641,1.0,44365,non_flipped,xgb,path_strip,2.0,evasion
0.888793350530238,0.6666666666666666,143897,non_flipped,xgb,path_strip,2.0,evasion
0.7741473201490399,1.0,140454,non_flipped,xgb,path_strip,2.0,evasion
0.41071940384064204,0.6666666666666666,147252,non_flipped,xgb,path_strip,2.0,evasion
0.9942676984809401,1.0,74559,non_flipped,xgb,path_strip,2.0,evasion
0.5500143307537977,0.42857142857142855,212161,non_flipped,xgb,path_strip,2.0,evasion
0.587847520779593,0.6666666666666666,127332,non_flipped,xgb,path_strip,2.0,evasion
0.9914015477214103,0.6666666666666666,185263,non_flipped,xgb,path_strip,2.0,evasion
0.5190599025508742,0.6666666666666666,234151,non_flipped,xgb,path_strip,2.0,evasion
0.5591860131842935,0.42857142857142855,37364,non_flipped,xgb,path_strip,2.0,evasion
0.5368300372599599,0.6666666666666666,187614,non_flipped,xgb,path_strip,2.0,evasion
0.8916595012897679,0.6666666666666666,172457,non_flipped,xgb,path_strip,2.0,evasion
0.6096302665520207,0.6666666666666666,77710,non_flipped,xgb,path_strip,2.0,evasion
0.5505875609057037,0.42857142857142855,208131,non_flipped,xgb,path_strip,2.0,evasion
0.5471481799942677,0.6666666666666666,8268,non_flipped,xgb,path_strip,2.0,evasion
0.42103754657494985,0.42857142857142855,63025,non_flipped,xgb,path_strip,2.0,evasion
0.8744625967325882,0.6666666666666666,230841,non_flipped,xgb,path_strip,2.0,evasion
0.46804241903124105,0.6666666666666666,190422,non_flipped,xgb,path_strip,2.0,evasion
0.5798222986529092,0.42857142857142855,166556,non_flipped,xgb,path_strip,2.0,evasion
0.45313843508168533,0.6666666666666666,229805,non_flipped,xgb,path_strip,2.0,evasion
0.7775867010604759,1.0,210980,non_flipped,xgb,path_strip,2.0,evasion
0.47205503009458305,0.6666666666666666,200443,non_flipped,xgb,path_strip,2.0,evasion
0.48351963313270285,0.42857142857142855,200564,non_flipped,xgb,path_strip,2.0,evasion
0.5815419891086271,0.42857142857142855,112732,non_flipped,xgb,path_strip,2.0,evasion
0.43422184006878767,0.6666666666666666,9144,non_flipped,xgb,path_strip,2.0,evasion
0.43020922900544567,0.6666666666666666,122320,non_flipped,xgb,path_strip,2.0,evasion
0.6772714244769276,0.6666666666666666,160735,non_flipped,xgb,path_strip,2.0,evasion
0.6084838062482086,0.6666666666666666,150148,non_flipped,xgb,path_strip,2.0,evasion
0.8406420177701347,0.6666666666666666,125301,non_flipped,xgb,path_strip,2.0,evasion
0.42103754657494985,0.6666666666666666,11847,non_flipped,xgb,path_strip,2.0,evasion
0.4221840068787618,0.42857142857142855,120896,non_flipped,xgb,path_strip,2.0,evasion
0.5414158784752079,0.42857142857142855,87167,non_flipped,xgb,path_strip,2.0,evasion
0.640011464603038,1.0,30964,non_flipped,xgb,path_strip,2.0,evasion
0.4560045858412153,0.6666666666666666,225172,non_flipped,xgb,path_strip,2.0,evasion
0.77128116938951,0.42857142857142855,5021,non_flipped,xgb,path_strip,2.0,evasion
0.9994267698480941,1.0,209109,non_flipped,xgb,path_strip,2.0,evasion
0.41530524505589,1.0,198707,non_flipped,xgb,path_strip,2.0,evasion
0.5213528231584982,1.0,181314,non_flipped,xgb,path_strip,2.0,evasion
0.5586127830323875,0.42857142857142855,114236,non_flipped,xgb,path_strip,2.0,evasion
0.30295213528231585,1.0,47392,non_flipped,xgb,path_strip,2.0,evasion
0.9380911435941531,0.6666666666666666,15986,non_flipped,xgb,path_strip,2.0,evasion
0.9071367153912296,1.0,36736,non_flipped,xgb,path_strip,2.0,evasion
0.5419891086271139,0.42857142857142855,181975,non_flipped,xgb,path_strip,2.0,evasion
0.6921754084264834,0.6666666666666666,103929,non_flipped,xgb,path_strip,2.0,evasion
0.640011464603038,0.6666666666666666,129411,non_flipped,xgb,path_strip,2.0,evasion
0.7861851533390657,0.6666666666666666,221216,non_flipped,xgb,path_strip,2.0,evasion
0.4370879908283176,0.42857142857142855,8450,non_flipped,xgb,path_strip,2.0,evasion
0.5735167669819432,0.6666666666666666,217028,non_flipped,xgb,path_strip,2.0,evasion
0.5196331327027801,0.42857142857142855,163916,non_flipped,xgb,path_strip,2.0,evasion
0.7128116938950989,0.42857142857142855,142391,non_flipped,xgb,path_strip,2.0,evasion
0.5677844654628833,0.6666666666666666,122064,non_flipped,xgb,path_strip,2.0,evasion
0.6056176554886786,0.42857142857142855,142397,non_flipped,xgb,path_strip,2.0,evasion
0.6050444253367727,0.6666666666666666,141776,non_flipped,xgb,path_strip,2.0,evasion
0.8469475494411007,1.0,34090,non_flipped,xgb,path_strip,2.0,evasion
0.5425623387790198,0.6666666666666666,85687,non_flipped,xgb,path_strip,2.0,evasion
0.4445399828030955,0.6666666666666666,74841,non_flipped,xgb,path_strip,2.0,evasion
0.8515333906563485,1.0,223797,non_flipped,xgb,path_strip,2.0,evasion
0.5408426483233019,0.6666666666666666,39293,non_flipped,xgb,path_strip,2.0,evasion
0.8291774147320149,1.0,46745,non_flipped,xgb,path_strip,2.0,evasion
0.4623101175121812,0.6666666666666666,171675,non_flipped,xgb,path_strip,2.0,evasion
0.5568930925766695,0.42857142857142855,49519,non_flipped,xgb,path_strip,2.0,evasion
0.5460017196904557,0.6666666666666666,183769,non_flipped,xgb,path_strip,2.0,evasion
0.48867870449985673,0.6666666666666666,46507,non_flipped,xgb,path_strip,2.0,evasion
0.9982803095442822,0.6666666666666666,129322,non_flipped,xgb,path_strip,2.0,evasion
0.46460303811980513,0.6666666666666666,139683,non_flipped,xgb,path_strip,2.0,evasion
0.7277156778446546,1.0,60763,non_flipped,xgb,path_strip,2.0,evasion
0.9902550874175983,1.0,52820,non_flipped,xgb,path_strip,2.0,evasion
0.9014044138721697,0.6666666666666666,40674,non_flipped,xgb,path_strip,2.0,evasion
0.7626827171109202,0.6666666666666666,217890,non_flipped,xgb,path_strip,2.0,evasion
0.6445973058182861,0.6666666666666666,145091,non_flipped,xgb,path_strip,2.0,evasion
0.6079105760963028,1.0,169487,non_flipped,xgb,path_strip,2.0,evasion
0.6084838062482086,0.6666666666666666,71767,non_flipped,xgb,path_strip,2.0,evasion
0.595299512754371,0.6666666666666666,156893,non_flipped,xgb,path_strip,2.0,evasion
0.7758670106047578,0.6666666666666666,35752,non_flipped,xgb,path_strip,2.0,evasion
1.0,1.0,88805,non_flipped,xgb,path_strip,2.0,evasion
0.5517340212095156,0.42857142857142855,197002,non_flipped,xgb,path_strip,2.0,evasion
0.4852393235884208,0.42857142857142855,135810,non_flipped,xgb,path_strip,2.0,evasion
0.7449125824018343,1.0,116612,non_flipped,xgb,path_strip,2.0,evasion
0.9197477787331614,0.6666666666666666,69661,non_flipped,xgb,path_strip,2.0,evasion
0.7483519633132704,0.6666666666666666,228892,non_flipped,xgb,path_strip,2.0,evasion
0.49613069647463465,0.6666666666666666,169669,non_flipped,xgb,path_strip,2.0,evasion
0.4009744912582402,0.6666666666666666,19917,non_flipped,xgb,path_strip,2.0,evasion
0.4560045858412153,0.6666666666666666,108711,non_flipped,xgb,path_strip,2.0,evasion
0.5586127830323875,0.42857142857142855,95333,non_flipped,xgb,path_strip,2.0,evasion
0.4795070220693609,0.6666666666666666,17183,non_flipped,xgb,path_strip,2.0,evasion
0.5500143307537977,0.42857142857142855,198658,non_flipped,xgb,path_strip,2.0,evasion
0.8693035253654343,1.0,33366,non_flipped,xgb,path_strip,2.0,evasion
0.414732014903984,1.0,189928,non_flipped,xgb,path_strip,2.0,evasion
0.65262252794497,0.6666666666666666,233830,non_flipped,xgb,path_strip,2.0,evasion
0.640011464603038,0.42857142857142855,229990,non_flipped,xgb,path_strip,2.0,evasion
0.9805101748351963,0.6666666666666666,144366,non_flipped,xgb,path_strip,2.0,evasion
0.34021209515620526,0.42857142857142855,35829,non_flipped,xgb,path_strip,2.0,evasion
0.6904557179707653,1.0,83638,non_flipped,xgb,path_strip,2.0,evasion
0.7030667813126972,0.6666666666666666,32180,non_flipped,xgb,path_strip,2.0,evasion
0.49613069647463465,0.6666666666666666,131109,non_flipped,xgb,path_strip,2.0,evasion
0.9982803095442822,1.0,116821,non_flipped,xgb,path_strip,2.0,evasion
0.528804815133276,1.0,119514,non_flipped,xgb,path_strip,2.0,evasion
0.4548581255374033,0.6666666666666666,45404,non_flipped,xgb,path_strip,2.0,evasion
0.47090856979077106,0.6666666666666666,184374,non_flipped,xgb,path_strip,2.0,evasion
0.47205503009458305,1.0,226789,non_flipped,xgb,path_strip,2.0,evasion
0.5586127830323875,0.42857142857142855,96076,non_flipped,xgb,path_strip,2.0,evasion
1.0,1.0,54225,non_flipped,xgb,path_strip,2.0,evasion
0.6904557179707653,1.0,18606,non_flipped,xgb,path_strip,2.0,evasion
0.5511607910576096,0.42857142857142855,5455,non_flipped,xgb,path_strip,2.0,evasion
0.8996847234164518,0.6666666666666666,173385,non_flipped,xgb,path_strip,2.0,evasion
0.9283462310117513,1.0,89788,non_flipped,xgb,path_strip,2.0,evasion
0.6606477500716538,0.6666666666666666,108811,non_flipped,xgb,path_strip,2.0,evasion
0.5591860131842935,0.42857142857142855,181854,non_flipped,xgb,path_strip,2.0,evasion
0.4519919747778734,0.6666666666666666,178767,non_flipped,xgb,path_strip,2.0,evasion
0.5586127830323875,0.42857142857142855,82716,non_flipped,xgb,path_strip,2.0,evasion
0.4370879908283176,0.42857142857142855,181045,non_flipped,xgb,path_strip,2.0,evasion
0.4852393235884208,0.6666666666666666,9986,non_flipped,xgb,path_strip,2.0,evasion
0.473774720550301,1.0,42109,non_flipped,xgb,path_strip,2.0,evasion
0.5139008311837203,1.0,58568,non_flipped,xgb,path_strip,2.0,evasion
0.48294640298079683,0.42857142857142855,122896,non_flipped,xgb,path_strip,2.0,evasion
0.6079105760963028,0.42857142857142855,155836,non_flipped,xgb,path_strip,2.0,evasion
0.99713384924047,1.0,68520,non_flipped,xgb,path_strip,2.0,evasion
0.9942676984809401,1.0,148748,non_flipped,xgb,path_strip,2.0,evasion
0.47090856979077106,0.6666666666666666,169655,non_flipped,xgb,path_strip,2.0,evasion
0.4537116652335913,0.6666666666666666,118609,non_flipped,xgb,path_strip,2.0,evasion
0.5586127830323875,0.42857142857142855,23082,non_flipped,xgb,path_strip,2.0,evasion
0.5586127830323875,0.42857142857142855,58534,non_flipped,xgb,path_strip,2.0,evasion
0.7626827171109202,0.6666666666666666,201848,non_flipped,xgb,path_strip,2.0,evasion
0.6107767268558326,0.6666666666666666,46572,non_flipped,xgb,path_strip,2.0,evasion
0.9977070793923762,1.0,148455,non_flipped,xgb,path_strip,2.0,evasion
0.4474061335626254,0.42857142857142855,221317,non_flipped,xgb,path_strip,2.0,evasion
0.9656061908856407,0.6666666666666666,115912,non_flipped,xgb,path_strip,2.0,evasion
0.41645170535970194,0.6666666666666666,174785,non_flipped,xgb,path_strip,2.0,evasion
0.9845227858985383,1.0,79390,non_flipped,xgb,path_strip,2.0,evasion
0.44683290341071946,0.6666666666666666,23257,non_flipped,xgb,path_strip,2.0,evasion
0.4021209515620522,0.6666666666666666,136137,non_flipped,xgb,path_strip,2.0,evasion
0.5637718543995415,0.42857142857142855,71540,non_flipped,xgb,path_strip,2.0,evasion
0.5144740613356263,0.42857142857142855,100135,non_flipped,xgb,path_strip,2.0,evasion
0.883634279163084,1.0,201770,non_flipped,xgb,path_strip,2.0,evasion
1.0,1.0,192694,non_flipped,xgb,path_strip,2.0,evasion
0.7758670106047578,0.6666666666666666,184065,non_flipped,xgb,path_strip,2.0,evasion
0.9948409286328461,0.6666666666666666,194455,non_flipped,xgb,path_strip,2.0,evasion
0.5586127830323875,0.42857142857142855,88364,non_flipped,xgb,path_strip,2.0,evasion
0.8595586127830325,1.0,94759,non_flipped,xgb,path_strip,2.0,evasion
0.6337059329320722,0.6666666666666666,72183,non_flipped,xgb,path_strip,2.0,evasion
0.8486672398968186,1.0,222438,non_flipped,xgb,path_strip,2.0,evasion
0.8704499856692464,0.6666666666666666,149093,non_flipped,xgb,path_strip,2.0,evasion
0.46345657781599314,0.6666666666666666,73562,non_flipped,xgb,path_strip,2.0,evasion
0.4588707366007452,0.6666666666666666,43806,non_flipped,xgb,path_strip,2.0,evasion
0.5419891086271139,0.42857142857142855,124706,non_flipped,xgb,path_strip,2.0,evasion
0.9850960160504444,0.6666666666666666,45858,non_flipped,xgb,path_strip,2.0,evasion
0.9977070793923762,1.0,91051,non_flipped,xgb,path_strip,2.0,evasion
0.7489251934651763,0.6666666666666666,55013,non_flipped,xgb,path_strip,2.0,evasion
0.5586127830323875,0.42857142857142855,11210,non_flipped,xgb,path_strip,2.0,evasion
0.9959873889366582,0.6666666666666666,59173,non_flipped,xgb,path_strip,2.0,evasion
0.4370879908283176,0.42857142857142855,197913,non_flipped,xgb,path_strip,2.0,evasion
0.4617368873602752,0.6666666666666666,49374,non_flipped,xgb,path_strip,2.0,evasion
0.7993694468329035,0.6666666666666666,115014,non_flipped,xgb,path_strip,2.0,evasion
0.5104614502722843,1.0,3917,non_flipped,xgb,path_strip,2.0,evasion
0.9277730008598454,0.6666666666666666,154459,non_flipped,xgb,path_strip,2.0,evasion
0.9994267698480941,1.0,55480,non_flipped,xgb,path_strip,2.0,evasion
0.6228145600458584,0.6666666666666666,180059,non_flipped,xgb,path_strip,2.0,evasion
0.5586127830323875,0.42857142857142855,213092,non_flipped,xgb,path_strip,2.0,evasion
0.4852393235884208,0.42857142857142855,48089,non_flipped,xgb,path_strip,2.0,evasion
0.4445399828030955,0.6666666666666666,201998,non_flipped,xgb,path_strip,2.0,evasion
0.6038979650329608,0.42857142857142855,97203,non_flipped,xgb,path_strip,2.0,evasion
0.8165663513900833,1.0,66328,non_flipped,xgb,path_strip,2.0,evasion
0.4588707366007452,0.6666666666666666,234678,non_flipped,xgb,path_strip,2.0,evasion
0.36887360275150477,1.0,173498,non_flipped,xgb,path_strip,2.0,evasion
0.8750358268844941,0.6666666666666666,90440,non_flipped,xgb,path_strip,2.0,evasion
0.5121811407280022,0.6666666666666666,151608,non_flipped,xgb,path_strip,2.0,evasion
1.0,1.0,83386,non_flipped,xgb,path_strip,2.0,evasion
0.5689309257666955,1.0,138061,non_flipped,xgb,path_strip,2.0,evasion
0.6107767268558326,0.6666666666666666,17548,non_flipped,xgb,path_strip,2.0,evasion
0.4651762682717111,0.42857142857142855,215242,non_flipped,xgb,path_strip,2.0,evasion
0.7391802808827745,0.6666666666666666,80410,non_flipped,xgb,path_strip,2.0,evasion
0.5723703066781314,0.6666666666666666,71294,non_flipped,xgb,path_strip,2.0,evasion
0.5620521639438234,0.6666666666666666,218425,non_flipped,xgb,path_strip,2.0,evasion
0.9994267698480941,1.0,129917,non_flipped,xgb,path_strip,2.0,evasion
0.5500143307537977,1.0,147972,non_flipped,xgb,path_strip,2.0,evasion
0.5729435368300373,0.42857142857142855,57586,non_flipped,xgb,path_strip,2.0,evasion
1.0,1.0,163780,non_flipped,xgb,path_strip,2.0,evasion
0.6887360275150474,0.6666666666666666,120301,non_flipped,xgb,path_strip,2.0,evasion
0.49957007738607057,1.0,63911,non_flipped,xgb,path_strip,2.0,evasion
0.3803382057896246,0.6666666666666666,143800,non_flipped,xgb,path_strip,2.0,evasion
0.5064488392089425,1.0,151808,non_flipped,xgb,path_strip,2.0,evasion
0.8618515333906565,0.6666666666666666,127214,non_flipped,xgb,path_strip,2.0,evasion
0.6256807108053885,0.6666666666666666,224379,flipped,xgb,path_strip,3.0,evasion
0.414732014903984,1.0,70225,flipped,xgb,path_strip,3.0,evasion
0.4072800229292061,0.6666666666666666,214842,flipped,xgb,path_strip,3.0,evasion
0.4571510461450272,1.0,156316,flipped,xgb,path_strip,3.0,evasion
-0.1539122957867584,0.42857142857142855,226767,flipped,xgb,path_strip,3.0,evasion
0.6233877901977645,1.0,57838,flipped,xgb,path_strip,3.0,evasion
0.4216107767268559,0.6666666666666666,152757,flipped,xgb,path_strip,3.0,evasion
0.533390656348524,1.0,69364,flipped,xgb,path_strip,3.0,evasion
0.5219260533104042,0.6666666666666666,103503,flipped,xgb,path_strip,3.0,evasion
0.3350530237890513,1.0,32826,flipped,xgb,path_strip,3.0,evasion
0.4909716251074807,1.0,26190,flipped,xgb,path_strip,3.0,evasion
0.5712238463743193,1.0,100912,flipped,xgb,path_strip,3.0,evasion
0.43192891946116363,0.42857142857142855,68972,flipped,xgb,path_strip,3.0,evasion
0.40957294353683005,1.0,105914,flipped,xgb,path_strip,3.0,evasion
0.3665806821438808,0.6666666666666666,76043,flipped,xgb,path_strip,3.0,evasion
0.07194038406420179,0.6666666666666666,222807,flipped,xgb,path_strip,3.0,evasion
0.33390656348523934,0.6666666666666666,112893,flipped,xgb,path_strip,3.0,evasion
0.5993121238177129,0.6666666666666666,116523,flipped,xgb,path_strip,3.0,evasion
0.5133276010318143,1.0,168761,flipped,xgb,path_strip,3.0,evasion
0.5093149899684724,1.0,97261,flipped,xgb,path_strip,3.0,evasion
0.5454284895385498,1.0,63463,flipped,xgb,path_strip,3.0,evasion
0.5723703066781314,0.6666666666666666,165970,flipped,xgb,path_strip,3.0,evasion
0.4359415305245056,0.6666666666666666,190970,flipped,xgb,path_strip,3.0,evasion
0.36256807108053885,1.0,68001,flipped,xgb,path_strip,3.0,evasion
-0.06620808254514188,0.6666666666666666,113075,flipped,xgb,path_strip,3.0,evasion
-0.003152765835482947,0.42857142857142855,110698,flipped,xgb,path_strip,3.0,evasion
0.24734881054743482,1.0,231267,flipped,xgb,path_strip,3.0,evasion
0.3476640871309831,1.0,40989,flipped,xgb,path_strip,3.0,evasion
0.09486959014044138,0.42857142857142855,219672,flipped,xgb,path_strip,3.0,evasion
0.41071940384064204,0.6666666666666666,89646,flipped,xgb,path_strip,3.0,evasion
0.4376612209802236,1.0,9008,flipped,xgb,path_strip,3.0,evasion
0.5557466322728576,1.0,168849,flipped,xgb,path_strip,3.0,evasion
0.5723703066781314,1.0,109146,flipped,xgb,path_strip,3.0,evasion
0.17454858125537404,0.6666666666666666,194650,flipped,xgb,path_strip,3.0,evasion
0.13728862138148468,0.42857142857142855,210489,flipped,xgb,path_strip,3.0,evasion
0.3791917454858126,1.0,84265,flipped,xgb,path_strip,3.0,evasion
0.22671252507881914,1.0,230598,flipped,xgb,path_strip,3.0,evasion
0.26339925480080256,0.6666666666666666,229009,flipped,xgb,path_strip,3.0,evasion
0.5471481799942677,1.0,153209,flipped,xgb,path_strip,3.0,evasion
0.43422184006878767,1.0,33756,flipped,xgb,path_strip,3.0,evasion
0.4823731728288908,0.42857142857142855,143059,flipped,xgb,path_strip,3.0,evasion
0.3665806821438808,0.6666666666666666,12925,flipped,xgb,path_strip,3.0,evasion
0.5568930925766695,1.0,49029,flipped,xgb,path_strip,3.0,evasion
0.4967039266265405,0.6666666666666666,16176,flipped,xgb,path_strip,3.0,evasion
0.3006592146746919,0.42857142857142855,116263,flipped,xgb,path_strip,3.0,evasion
0.3665806821438808,0.6666666666666666,170222,flipped,xgb,path_strip,3.0,evasion
0.5156205216394382,1.0,166772,flipped,xgb,path_strip,3.0,evasion
0.024935511607910573,0.6666666666666666,220686,flipped,xgb,path_strip,3.0,evasion
0.529951275437088,1.0,70178,flipped,xgb,path_strip,3.0,evasion
0.5242189739180281,0.6666666666666666,141273,flipped,xgb,path_strip,3.0,evasion
0.4193178561192319,1.0,74866,flipped,xgb,path_strip,3.0,evasion
0.3734594439667527,1.0,121372,flipped,xgb,path_strip,3.0,evasion
0.4325021496130697,0.6666666666666666,78356,flipped,xgb,path_strip,3.0,evasion
0.4519919747778734,1.0,68163,flipped,xgb,path_strip,3.0,evasion
0.5035826884494125,0.6666666666666666,50286,flipped,xgb,path_strip,3.0,evasion
0.5035826884494125,1.0,172777,flipped,xgb,path_strip,3.0,evasion
0.37632559472628263,0.6666666666666666,144126,flipped,xgb,path_strip,3.0,evasion
0.5408426483233019,1.0,129122,flipped,xgb,path_strip,3.0,evasion
-0.10461450272284323,0.6666666666666666,133462,flipped,xgb,path_strip,3.0,evasion
0.38779019776440243,1.0,110630,flipped,xgb,path_strip,3.0,evasion
0.41645170535970194,1.0,19204,flipped,xgb,path_strip,3.0,evasion
0.5775293780452853,0.6666666666666666,98022,flipped,xgb,path_strip,3.0,evasion
0.12754370879908283,0.42857142857142855,38656,flipped,xgb,path_strip,3.0,evasion
0.5081685296646603,0.6666666666666666,153121,flipped,xgb,path_strip,3.0,evasion
0.4485525938664374,1.0,160699,flipped,xgb,path_strip,3.0,evasion
0.415878475207796,1.0,23786,flipped,xgb,path_strip,3.0,evasion
0.5265118945256521,1.0,227824,flipped,xgb,path_strip,3.0,evasion
0.2186873029521353,0.42857142857142855,142067,flipped,xgb,path_strip,3.0,evasion
0.26339925480080256,0.6666666666666666,203400,flipped,xgb,path_strip,3.0,evasion
0.13270278016623677,0.6666666666666666,208514,flipped,xgb,path_strip,3.0,evasion
0.40269418171395815,1.0,126423,flipped,xgb,path_strip,3.0,evasion
0.2840355402694182,0.6666666666666666,89322,flipped,xgb,path_strip,3.0,evasion
0.46918887933505304,1.0,24849,flipped,xgb,path_strip,3.0,evasion
0.12009171682430496,0.6666666666666666,13330,flipped,xgb,path_strip,3.0,evasion
0.6044711951848667,1.0,227996,flipped,xgb,path_strip,3.0,evasion
0.41243909429635994,0.6666666666666666,119963,flipped,xgb,path_strip,3.0,evasion
0.5035826884494125,0.6666666666666666,56497,flipped,xgb,path_strip,3.0,evasion
0.5700773860705074,0.6666666666666666,150888,flipped,xgb,path_strip,3.0,evasion
0.41014617368873607,0.42857142857142855,116541,flipped,xgb,path_strip,3.0,evasion
0.21524792204069937,0.42857142857142855,127425,flipped,xgb,path_strip,3.0,evasion
0.42275723703066787,1.0,106026,flipped,xgb,path_strip,3.0,evasion
0.31441673832043565,0.42857142857142855,115563,flipped,xgb,path_strip,3.0,evasion
0.39237603897965034,1.0,178371,flipped,xgb,path_strip,3.0,evasion
0.6107767268558326,1.0,166971,flipped,xgb,path_strip,3.0,evasion
0.6182287188306105,1.0,185199,flipped,xgb,path_strip,3.0,evasion
0.25021496130696474,0.6666666666666666,94975,flipped,xgb,path_strip,3.0,evasion
0.2731441673832044,1.0,202101,flipped,xgb,path_strip,3.0,evasion
0.175695041559186,0.6666666666666666,220405,flipped,xgb,path_strip,3.0,evasion
0.592433361994841,0.6666666666666666,231502,flipped,xgb,path_strip,3.0,evasion
0.39925480080252224,1.0,74858,flipped,xgb,path_strip,3.0,evasion
0.3900831183720264,1.0,111732,flipped,xgb,path_strip,3.0,evasion
0.4244769274863858,1.0,158609,flipped,xgb,path_strip,3.0,evasion
-0.0352536543422184,0.42857142857142855,170992,flipped,xgb,path_strip,3.0,evasion
0.3149899684723417,0.6666666666666666,226564,flipped,xgb,path_strip,3.0,evasion
0.4261966179421038,1.0,152272,flipped,xgb,path_strip,3.0,evasion
0.5242189739180281,0.6666666666666666,195671,flipped,xgb,path_strip,3.0,evasion
0.30295213528231585,0.6666666666666666,163149,flipped,xgb,path_strip,3.0,evasion
0.4989968472341646,0.6666666666666666,123949,flipped,xgb,path_strip,3.0,evasion
0.2828890799656062,1.0,103240,flipped,xgb,path_strip,3.0,evasion
0.4067067927773001,1.0,49337,flipped,xgb,path_strip,3.0,evasion
0.34537116652335914,1.0,159195,flipped,xgb,path_strip,3.0,evasion
0.3900831183720264,1.0,202574,flipped,xgb,path_strip,3.0,evasion
0.5769561478933792,0.6666666666666666,37108,flipped,xgb,path_strip,3.0,evasion
0.24906850100315278,0.6666666666666666,45055,flipped,xgb,path_strip,3.0,evasion
0.46460303811980513,0.6666666666666666,83279,flipped,xgb,path_strip,3.0,evasion
0.5007165376898824,0.6666666666666666,164666,flipped,xgb,path_strip,3.0,evasion
0.3889366580682144,1.0,111016,flipped,xgb,path_strip,3.0,evasion
0.054743479507022075,0.42857142857142855,186544,flipped,xgb,path_strip,3.0,evasion
0.4393809114359415,0.6666666666666666,181978,flipped,xgb,path_strip,3.0,evasion
0.46345657781599314,0.6666666666666666,225906,flipped,xgb,path_strip,3.0,evasion
0.0879908283175695,0.6666666666666666,225459,flipped,xgb,path_strip,3.0,evasion
0.5144740613356263,1.0,182251,flipped,xgb,path_strip,3.0,evasion
0.4571510461450272,1.0,146566,flipped,xgb,path_strip,3.0,evasion
0.5517340212095156,0.6666666666666666,115500,flipped,xgb,path_strip,3.0,evasion
0.061622241329893954,0.42857142857142855,210062,flipped,xgb,path_strip,3.0,evasion
0.4537116652335913,0.6666666666666666,48534,flipped,xgb,path_strip,3.0,evasion
0.4067067927773001,1.0,144223,flipped,xgb,path_strip,3.0,evasion
0.07537976497563773,0.42857142857142855,83687,flipped,xgb,path_strip,3.0,evasion
0.22441960447119522,0.6666666666666666,199323,flipped,xgb,path_strip,3.0,evasion
0.4989968472341646,1.0,29918,flipped,xgb,path_strip,3.0,evasion
0.5116079105760963,1.0,141538,flipped,xgb,path_strip,3.0,evasion
0.3247348810547435,1.0,228563,flipped,xgb,path_strip,3.0,evasion
0.2846087704213242,0.6666666666666666,190302,flipped,xgb,path_strip,3.0,evasion
0.07251361421610777,0.6666666666666666,101157,flipped,xgb,path_strip,3.0,evasion
-0.03468042419031241,0.42857142857142855,51985,flipped,xgb,path_strip,3.0,evasion
0.39925480080252224,0.42857142857142855,116475,flipped,xgb,path_strip,3.0,evasion
-0.1281169389509888,0.42857142857142855,7609,flipped,xgb,path_strip,3.0,evasion
0.5488678704499858,0.6666666666666666,125985,flipped,xgb,path_strip,3.0,evasion
0.16938950988822013,0.25,223158,flipped,xgb,path_strip,3.0,evasion
0.472628260246489,1.0,49757,flipped,xgb,path_strip,3.0,evasion
0.2794496990541702,0.6666666666666666,230824,flipped,xgb,path_strip,3.0,evasion
0.00028661507595299513,0.6666666666666666,174596,flipped,xgb,path_strip,3.0,evasion
0.26855832616795644,0.6666666666666666,129577,flipped,xgb,path_strip,3.0,evasion
0.4439667526511895,0.6666666666666666,225748,flipped,xgb,path_strip,3.0,evasion
0.3459443966752651,1.0,187151,flipped,xgb,path_strip,3.0,evasion
0.3126970478647177,0.6666666666666666,208383,flipped,xgb,path_strip,3.0,evasion
0.4433935224992835,1.0,211841,flipped,xgb,path_strip,3.0,evasion
0.473774720550301,0.6666666666666666,55728,flipped,xgb,path_strip,3.0,evasion
0.5374032674118658,0.6666666666666666,208067,flipped,xgb,path_strip,3.0,evasion
0.5121811407280022,0.6666666666666666,223054,flipped,xgb,path_strip,3.0,evasion
0.4967039266265405,1.0,119043,flipped,xgb,path_strip,3.0,evasion
0.5116079105760963,1.0,205570,flipped,xgb,path_strip,3.0,evasion
0.5981656635139009,0.6666666666666666,146739,flipped,xgb,path_strip,3.0,evasion
0.5127543708799084,1.0,110206,flipped,xgb,path_strip,3.0,evasion
0.5104614502722843,0.6666666666666666,193908,flipped,xgb,path_strip,3.0,evasion
0.5030094582975065,0.6666666666666666,222602,flipped,xgb,path_strip,3.0,evasion
0.4296359988535397,0.6666666666666666,66319,flipped,xgb,path_strip,3.0,evasion
0.5763829177414732,1.0,180032,flipped,xgb,path_strip,3.0,evasion
0.5609057036400115,1.0,24633,flipped,xgb,path_strip,3.0,evasion
0.47033533963886504,0.6666666666666666,90676,flipped,xgb,path_strip,3.0,evasion
0.48179994267698484,1.0,206944,flipped,xgb,path_strip,3.0,evasion
0.22785898538263116,0.42857142857142855,63473,flipped,xgb,path_strip,3.0,evasion
0.3619948409286329,1.0,64345,flipped,xgb,path_strip,3.0,evasion
0.44511321295500145,1.0,214317,flipped,xgb,path_strip,3.0,evasion
0.22728575523072514,0.6666666666666666,176338,flipped,xgb,path_strip,3.0,evasion
0.43536830037259966,1.0,23918,flipped,xgb,path_strip,3.0,evasion
0.5740899971338492,0.6666666666666666,177315,flipped,xgb,path_strip,3.0,evasion
0.5568930925766695,1.0,121918,flipped,xgb,path_strip,3.0,evasion
0.2416165090283749,0.6666666666666666,218683,flipped,xgb,path_strip,3.0,evasion
0.5047291487532244,1.0,182792,flipped,xgb,path_strip,3.0,evasion
0.18601318429349384,0.6666666666666666,151323,flipped,xgb,path_strip,3.0,evasion
0.5116079105760963,1.0,61836,flipped,xgb,path_strip,3.0,evasion
0.5351103468042419,0.6666666666666666,56618,flipped,xgb,path_strip,3.0,evasion
0.3356262539409573,1.0,13901,flipped,xgb,path_strip,3.0,evasion
0.22900544568644313,1.0,208786,flipped,xgb,path_strip,3.0,evasion
0.4508455144740614,0.6666666666666666,43685,flipped,xgb,path_strip,3.0,evasion
0.45141874462596737,1.0,93863,flipped,xgb,path_strip,3.0,evasion
0.17454858125537404,0.6666666666666666,224725,flipped,xgb,path_strip,3.0,evasion
0.00888506735454285,0.42857142857142855,221317,flipped,xgb,path_strip,3.0,evasion
0.40842648323301806,1.0,155842,flipped,xgb,path_strip,3.0,evasion
-0.003152765835482947,0.42857142857142855,29044,flipped,xgb,path_strip,3.0,evasion
0.13384924047004873,0.6666666666666666,50445,flipped,xgb,path_strip,3.0,evasion
0.48867870449985673,1.0,209906,flipped,xgb,path_strip,3.0,evasion
0.44511321295500145,1.0,150584,flipped,xgb,path_strip,3.0,evasion
0.3333333333333333,1.0,111676,flipped,xgb,path_strip,3.0,evasion
0.3614216107767269,1.0,56974,flipped,xgb,path_strip,3.0,evasion
0.3436514760676412,1.0,215522,flipped,xgb,path_strip,3.0,evasion
0.3900831183720264,1.0,166868,flipped,xgb,path_strip,3.0,evasion
0.40957294353683005,1.0,145946,flipped,xgb,path_strip,3.0,evasion
0.44969905417024936,0.6666666666666666,165022,flipped,xgb,path_strip,3.0,evasion
0.5047291487532244,1.0,124666,flipped,xgb,path_strip,3.0,evasion
0.5139008311837203,1.0,151844,flipped,xgb,path_strip,3.0,evasion
0.45829750644883926,1.0,169146,flipped,xgb,path_strip,3.0,evasion
0.3132702780166237,0.42857142857142855,207927,flipped,xgb,path_strip,3.0,evasion
0.38091143594153054,0.6666666666666666,168062,flipped,xgb,path_strip,3.0,evasion
0.48351963313270285,1.0,139673,flipped,xgb,path_strip,3.0,evasion
0.5121811407280022,0.6666666666666666,184050,flipped,xgb,path_strip,3.0,evasion
0.4193178561192319,0.6666666666666666,109074,flipped,xgb,path_strip,3.0,evasion
0.03296073373459444,1.0,139317,flipped,xgb,path_strip,3.0,evasion
0.47090856979077106,1.0,153722,flipped,xgb,path_strip,3.0,evasion
0.48925193465176275,1.0,120276,flipped,xgb,path_strip,3.0,evasion
0.34422470621954715,1.0,29243,flipped,xgb,path_strip,3.0,evasion
0.5717970765262252,1.0,84107,flipped,xgb,path_strip,3.0,evasion
0.11550587560905705,0.6666666666666666,57640,flipped,xgb,path_strip,3.0,evasion
0.3671539122957868,1.0,60451,flipped,xgb,path_strip,3.0,evasion
0.2553740326741187,1.0,34457,flipped,xgb,path_strip,3.0,evasion
0.5161937517913443,1.0,41211,flipped,xgb,path_strip,3.0,evasion
0.48065348237317285,1.0,136527,flipped,xgb,path_strip,3.0,evasion
0.22900544568644313,0.6666666666666666,90961,flipped,xgb,path_strip,3.0,evasion
0.4594439667526512,0.42857142857142855,72381,flipped,xgb,path_strip,3.0,evasion
0.2874749211808541,0.6666666666666666,131887,flipped,xgb,path_strip,3.0,evasion
0.5202063628546861,0.6666666666666666,129961,flipped,xgb,path_strip,3.0,evasion
0.5402694181713958,1.0,114487,flipped,xgb,path_strip,3.0,evasion
0.39810834049871024,0.6666666666666666,32914,flipped,xgb,path_strip,3.0,evasion
0.4989968472341646,0.6666666666666666,35316,flipped,xgb,path_strip,3.0,evasion
0.5758096875895673,0.6666666666666666,102690,flipped,xgb,path_strip,3.0,evasion
0.36600745199197476,1.0,83135,flipped,xgb,path_strip,3.0,evasion
0.1281169389509888,0.6666666666666666,54908,flipped,xgb,path_strip,3.0,evasion
0.43192891946116363,0.6666666666666666,75170,flipped,xgb,path_strip,3.0,evasion
0.4955574663227286,1.0,144982,flipped,xgb,path_strip,3.0,evasion
0.473201490398395,0.6666666666666666,59416,flipped,xgb,path_strip,3.0,evasion
0.353396388650043,1.0,71645,flipped,xgb,path_strip,3.0,evasion
0.5075952995127545,1.0,178470,flipped,xgb,path_strip,3.0,evasion
0.43364860991688164,1.0,217609,flipped,xgb,path_strip,3.0,evasion
0.33906563485239327,0.6666666666666666,82444,flipped,xgb,path_strip,3.0,evasion
0.15792490685010033,0.42857142857142855,210021,flipped,xgb,path_strip,3.0,evasion
0.40957294353683005,0.6666666666666666,202123,flipped,xgb,path_strip,3.0,evasion
0.5740899971338492,0.6666666666666666,124679,flipped,xgb,path_strip,3.0,evasion
0.2846087704213242,0.6666666666666666,133108,flipped,xgb,path_strip,3.0,evasion
0.4393809114359415,1.0,37283,flipped,xgb,path_strip,3.0,evasion
0.2123817712811694,0.6666666666666666,27041,flipped,xgb,path_strip,3.0,evasion
0.5482946402980796,0.6666666666666666,126907,flipped,xgb,path_strip,3.0,evasion
0.5161937517913443,1.0,84558,flipped,xgb,path_strip,3.0,evasion
0.42676984809400975,1.0,174247,flipped,xgb,path_strip,3.0,evasion
0.472628260246489,0.6666666666666666,135764,flipped,xgb,path_strip,3.0,evasion
0.28632846087704217,0.6666666666666666,33790,flipped,xgb,path_strip,3.0,evasion
0.4038406420177702,1.0,102031,flipped,xgb,path_strip,3.0,evasion
0.29320722269991406,0.6666666666666666,5432,flipped,xgb,path_strip,3.0,evasion
0.24390942963599885,1.0,75735,flipped,xgb,path_strip,3.0,evasion
0.414732014903984,1.0,96696,flipped,xgb,path_strip,3.0,evasion
0.21983376325594728,0.6666666666666666,60497,flipped,xgb,path_strip,3.0,evasion
0.47492118085411295,1.0,28824,flipped,xgb,path_strip,3.0,evasion
0.4021209515620522,1.0,51597,flipped,xgb,path_strip,3.0,evasion
0.37632559472628263,1.0,171838,flipped,xgb,path_strip,3.0,evasion
0.05703640011464604,0.6666666666666666,34050,flipped,xgb,path_strip,3.0,evasion
0.21410146173688738,0.6666666666666666,221504,flipped,xgb,path_strip,3.0,evasion
0.47033533963886504,0.6666666666666666,34994,flipped,xgb,path_strip,3.0,evasion
0.5643450845514474,1.0,124525,flipped,xgb,path_strip,3.0,evasion
0.44625967325881344,1.0,125234,flipped,xgb,path_strip,3.0,evasion
0.5729435368300373,1.0,68770,flipped,xgb,path_strip,3.0,evasion
0.46001719690455717,0.6666666666666666,177288,flipped,xgb,path_strip,3.0,evasion
-0.003152765835482947,0.42857142857142855,70203,flipped,xgb,path_strip,3.0,evasion
0.1418744625967326,0.6666666666666666,7378,flipped,xgb,path_strip,3.0,evasion
0.3488105474347951,0.6666666666666666,148280,flipped,xgb,path_strip,3.0,evasion
0.46918887933505304,1.0,187977,flipped,xgb,path_strip,3.0,evasion
0.5116079105760963,1.0,27309,flipped,xgb,path_strip,3.0,evasion
0.5574663227285757,0.6666666666666666,31942,flipped,xgb,path_strip,3.0,evasion
0.12410432788764689,0.6666666666666666,83638,flipped,xgb,path_strip,3.0,evasion
0.39638865004299234,1.0,71487,flipped,xgb,path_strip,3.0,evasion
0.529951275437088,1.0,54107,flipped,xgb,path_strip,3.0,evasion
0.5310977357409,1.0,68987,flipped,xgb,path_strip,3.0,evasion
0.2811693895098882,0.6666666666666666,185625,flipped,xgb,path_strip,3.0,evasion
0.20149039839495558,1.0,156000,flipped,xgb,path_strip,3.0,evasion
0.4021209515620522,1.0,111573,flipped,xgb,path_strip,3.0,evasion
0.4881054743479507,0.42857142857142855,189397,flipped,xgb,path_strip,3.0,evasion
0.39810834049871024,1.0,213842,flipped,xgb,path_strip,3.0,evasion
-0.015190599025508743,0.6666666666666666,82775,flipped,xgb,path_strip,3.0,evasion
0.3895098882201204,0.6666666666666666,83641,flipped,xgb,path_strip,3.0,evasion
0.45141874462596737,1.0,10628,flipped,xgb,path_strip,3.0,evasion
0.46632272857552304,1.0,43495,flipped,xgb,path_strip,3.0,evasion
0.1418744625967326,0.6666666666666666,174614,flipped,xgb,path_strip,3.0,evasion
0.5247922040699341,1.0,61058,flipped,xgb,path_strip,3.0,evasion
0.027228432215534535,0.6666666666666666,143060,flipped,xgb,path_strip,3.0,evasion
0.527658354829464,1.0,170555,flipped,xgb,path_strip,3.0,evasion
0.3447979363714531,1.0,42055,flipped,xgb,path_strip,3.0,evasion
0.5477214101461737,1.0,148179,flipped,xgb,path_strip,3.0,evasion
0.39696188019489825,1.0,209390,flipped,xgb,path_strip,3.0,evasion
0.18142734307824593,1.0,86933,flipped,xgb,path_strip,3.0,evasion
0.5156205216394382,1.0,73449,flipped,xgb,path_strip,3.0,evasion
0.3774720550300946,0.6666666666666666,211341,flipped,xgb,path_strip,3.0,evasion
0.4433935224992835,1.0,138140,flipped,xgb,path_strip,3.0,evasion
0.5116079105760963,1.0,178571,flipped,xgb,path_strip,3.0,evasion
-0.003152765835482947,0.42857142857142855,105789,flipped,xgb,path_strip,3.0,evasion
0.5116079105760963,1.0,123541,flipped,xgb,path_strip,3.0,evasion
0.3895098882201204,1.0,120782,flipped,xgb,path_strip,3.0,evasion
0.34021209515620526,0.6666666666666666,205697,flipped,xgb,path_strip,3.0,evasion
0.046718257380338205,0.6666666666666666,190932,flipped,xgb,path_strip,3.0,evasion
-0.05588993981083405,0.42857142857142855,67488,flipped,xgb,path_strip,3.0,evasion
0.5505875609057037,1.0,87053,flipped,xgb,path_strip,3.0,evasion
0.4399541415878475,1.0,228326,flipped,xgb,path_strip,3.0,evasion
0.35970192032100895,1.0,121908,flipped,xgb,path_strip,3.0,evasion
0.4204643164230438,0.6666666666666666,213526,flipped,xgb,path_strip,3.0,evasion
0.2651189452565205,0.6666666666666666,164201,flipped,xgb,path_strip,3.0,evasion
0.16193751791344224,0.42857142857142855,208489,flipped,xgb,path_strip,3.0,evasion
0.5213528231584982,1.0,158721,flipped,xgb,path_strip,3.0,evasion
0.5001433075379765,1.0,80068,flipped,xgb,path_strip,3.0,evasion
0.5620521639438234,0.42857142857142855,94901,flipped,xgb,path_strip,3.0,evasion
0.4009744912582402,1.0,48623,flipped,xgb,path_strip,3.0,evasion
0.4393809114359415,0.6666666666666666,20957,flipped,xgb,path_strip,3.0,evasion
0.4926913155631987,1.0,204633,flipped,xgb,path_strip,3.0,evasion
0.5637718543995415,0.6666666666666666,185709,flipped,xgb,path_strip,3.0,evasion
0.4594439667526512,0.6666666666666666,90214,flipped,xgb,path_strip,3.0,evasion
0.6222413298939525,0.6666666666666666,92470,flipped,xgb,path_strip,3.0,evasion
0.4198910862711379,0.6666666666666666,56693,flipped,xgb,path_strip,3.0,evasion
0.21410146173688738,1.0,55575,flipped,xgb,path_strip,3.0,evasion
0.6256807108053885,0.6666666666666666,127688,flipped,xgb,path_strip,3.0,evasion
0.5465749498423617,1.0,159865,flipped,xgb,path_strip,3.0,evasion
0.4439667526511895,1.0,118353,flipped,xgb,path_strip,3.0,evasion
0.4244769274863858,0.42857142857142855,22839,flipped,xgb,path_strip,3.0,evasion
0.4216107767268559,1.0,127594,flipped,xgb,path_strip,3.0,evasion
0.40957294353683005,1.0,128601,flipped,xgb,path_strip,3.0,evasion
0.43823445113212955,1.0,197119,flipped,xgb,path_strip,3.0,evasion
0.6359988535396962,0.6666666666666666,77242,flipped,xgb,path_strip,3.0,evasion
0.5070220693608484,1.0,105152,flipped,xgb,path_strip,3.0,evasion
0.2593866437374606,1.0,221414,flipped,xgb,path_strip,3.0,evasion
0.5213528231584982,1.0,189317,flipped,xgb,path_strip,3.0,evasion
-0.003152765835482947,0.42857142857142855,8256,flipped,xgb,path_strip,3.0,evasion
0.25652049297793067,0.42857142857142855,10055,flipped,xgb,path_strip,3.0,evasion
0.5488678704499858,1.0,127546,flipped,xgb,path_strip,3.0,evasion
0.5712238463743193,0.6666666666666666,46038,flipped,xgb,path_strip,3.0,evasion
0.4244769274863858,1.0,8148,flipped,xgb,path_strip,3.0,evasion
0.16021782745772428,0.6666666666666666,203900,flipped,xgb,path_strip,3.0,evasion
0.09143020922900545,0.6666666666666666,67379,flipped,xgb,path_strip,3.0,evasion
0.4261966179421038,1.0,74907,flipped,xgb,path_strip,3.0,evasion
0.22499283462310118,0.6666666666666666,89030,flipped,xgb,path_strip,3.0,evasion
0.13728862138148468,0.42857142857142855,17816,flipped,xgb,path_strip,3.0,evasion
0.4032674118658641,1.0,77347,flipped,xgb,path_strip,3.0,evasion
0.3241616509028375,0.42857142857142855,231334,flipped,xgb,path_strip,3.0,evasion
0.4388076812840356,0.6666666666666666,83398,flipped,xgb,path_strip,3.0,evasion
0.4846660934365148,1.0,179466,flipped,xgb,path_strip,3.0,evasion
0.14932645457151048,0.6666666666666666,54878,flipped,xgb,path_strip,3.0,evasion
0.6084838062482086,0.6666666666666666,52579,flipped,xgb,path_strip,3.0,evasion
0.09716251074806535,0.6666666666666666,155596,flipped,xgb,path_strip,3.0,evasion
0.0765262252794497,0.42857142857142855,44233,flipped,xgb,path_strip,3.0,evasion
0.38779019776440243,1.0,143721,flipped,xgb,path_strip,3.0,evasion
0.5683576956147894,0.6666666666666666,52917,flipped,xgb,path_strip,3.0,evasion
0.5110346804241904,1.0,183616,flipped,xgb,path_strip,3.0,evasion
-0.003152765835482947,0.42857142857142855,142768,flipped,xgb,path_strip,3.0,evasion
0.3849240470048725,1.0,204737,flipped,xgb,path_strip,3.0,evasion
0.37403267411865865,0.6666666666666666,93717,flipped,xgb,path_strip,3.0,evasion
0.44912582401834333,0.6666666666666666,114198,flipped,xgb,path_strip,3.0,evasion
0.5024362281456005,1.0,225669,flipped,xgb,path_strip,3.0,evasion
0.3608483806248209,0.6666666666666666,207530,flipped,xgb,path_strip,3.0,evasion
0.5637718543995415,1.0,65631,flipped,xgb,path_strip,3.0,evasion
0.06391516193751792,0.42857142857142855,32951,flipped,xgb,path_strip,3.0,evasion
0.5568930925766695,0.6666666666666666,68640,flipped,xgb,path_strip,3.0,evasion
0.4571510461450272,1.0,10665,flipped,xgb,path_strip,3.0,evasion
0.29320722269991406,0.25,101986,flipped,xgb,path_strip,3.0,evasion
0.10977357408999715,0.42857142857142855,64188,flipped,xgb,path_strip,3.0,evasion
0.4021209515620522,1.0,11435,flipped,xgb,path_strip,3.0,evasion
0.411292633992548,0.6666666666666666,206022,flipped,xgb,path_strip,3.0,evasion
0.20779593006592148,1.0,216359,flipped,xgb,path_strip,3.0,evasion
0.296073373459444,1.0,218979,flipped,xgb,path_strip,3.0,evasion
0.16824304958440817,1.0,157272,flipped,xgb,path_strip,3.0,evasion
0.20492977930639156,0.42857142857142855,51328,flipped,xgb,path_strip,3.0,evasion
0.5563198624247636,1.0,95446,flipped,xgb,path_strip,3.0,evasion
0.5098882201203784,0.6666666666666666,215409,flipped,xgb,path_strip,3.0,evasion
0.37173975351103467,1.0,22103,flipped,xgb,path_strip,3.0,evasion
0.3671539122957868,1.0,185173,flipped,xgb,path_strip,3.0,evasion
0.36371453138435084,0.6666666666666666,187639,flipped,xgb,path_strip,3.0,evasion
0.15620521639438234,1.0,89400,flipped,xgb,path_strip,3.0,evasion
0.4766408713098309,0.6666666666666666,106113,flipped,xgb,path_strip,3.0,evasion
0.07939237603897967,0.6666666666666666,61264,flipped,xgb,path_strip,3.0,evasion
0.35683576956147894,1.0,135321,flipped,xgb,path_strip,3.0,evasion
0.592433361994841,1.0,56543,flipped,xgb,path_strip,3.0,evasion
0.5064488392089425,1.0,116146,flipped,xgb,path_strip,3.0,evasion
0.32874749211808546,1.0,8536,flipped,xgb,path_strip,3.0,evasion
-0.23072513614216109,0.6666666666666666,66300,flipped,xgb,path_strip,3.0,evasion
0.44511321295500145,1.0,83354,flipped,xgb,path_strip,3.0,evasion
0.43479507022069364,0.6666666666666666,187380,flipped,xgb,path_strip,3.0,evasion
-0.1648036686729722,0.42857142857142855,131135,flipped,xgb,path_strip,3.0,evasion
0.0237890513040986,0.6666666666666666,219107,flipped,xgb,path_strip,3.0,evasion
0.23588420750931502,0.42857142857142855,51150,flipped,xgb,path_strip,3.0,evasion
0.37403267411865865,1.0,56911,flipped,xgb,path_strip,3.0,evasion
0.3379191745485812,1.0,129802,flipped,xgb,path_strip,3.0,evasion
0.3321868730295214,0.6666666666666666,176040,flipped,xgb,path_strip,3.0,evasion
0.4239036973344798,1.0,38397,flipped,xgb,path_strip,3.0,evasion
0.472628260246489,1.0,156642,flipped,xgb,path_strip,3.0,evasion
0.4852393235884208,1.0,156717,flipped,xgb,path_strip,3.0,evasion
0.46460303811980513,0.6666666666666666,142106,flipped,xgb,path_strip,3.0,evasion
-0.07194038406420179,0.6666666666666666,54821,flipped,xgb,path_strip,3.0,evasion
0.4359415305245056,0.6666666666666666,80510,flipped,xgb,path_strip,3.0,evasion
0.5310977357409,1.0,232810,flipped,xgb,path_strip,3.0,evasion
0.4852393235884208,1.0,215631,flipped,xgb,path_strip,3.0,evasion
0.473201490398395,0.6666666666666666,67746,flipped,xgb,path_strip,3.0,evasion
0.45772427629693324,1.0,178711,flipped,xgb,path_strip,3.0,evasion
0.4949842361708226,1.0,160741,flipped,xgb,path_strip,3.0,evasion
0.353969618801949,0.6666666666666666,42681,flipped,xgb,path_strip,3.0,evasion
0.40154772141014616,1.0,199276,flipped,xgb,path_strip,3.0,evasion
0.33104041272570944,1.0,185513,flipped,xgb,path_strip,3.0,evasion
0.43536830037259966,1.0,224684,flipped,xgb,path_strip,3.0,evasion
0.5603324734881056,1.0,38768,flipped,xgb,path_strip,3.0,evasion
0.20263685869876755,0.6666666666666666,61041,flipped,xgb,path_strip,3.0,evasion
0.06620808254514188,1.0,107395,flipped,xgb,path_strip,3.0,evasion
0.472628260246489,0.6666666666666666,127449,flipped,xgb,path_strip,3.0,evasion
0.5580395528804815,1.0,205285,flipped,xgb,path_strip,3.0,evasion
0.3046718257380338,1.0,234320,flipped,xgb,path_strip,3.0,evasion
0.26339925480080256,0.6666666666666666,231094,flipped,xgb,path_strip,3.0,evasion
0.5471481799942677,0.6666666666666666,30321,flipped,xgb,path_strip,3.0,evasion
0.5563198624247636,0.6666666666666666,130847,flipped,xgb,path_strip,3.0,evasion
0.5597592433361995,1.0,84924,flipped,xgb,path_strip,3.0,evasion
0.4909716251074807,1.0,143995,flipped,xgb,path_strip,3.0,evasion
0.39810834049871024,0.6666666666666666,98644,flipped,xgb,path_strip,3.0,evasion
0.2542275723703067,0.42857142857142855,12121,flipped,xgb,path_strip,3.0,evasion
0.41530524505589,1.0,170604,flipped,xgb,path_strip,3.0,evasion
0.2548008025222127,0.6666666666666666,188225,flipped,xgb,path_strip,3.0,evasion
0.3671539122957868,1.0,210570,flipped,xgb,path_strip,3.0,evasion
0.529951275437088,0.6666666666666666,16043,flipped,xgb,path_strip,3.0,evasion
-0.003152765835482947,0.42857142857142855,43688,flipped,xgb,path_strip,3.0,evasion
0.5993121238177129,0.6666666666666666,93992,flipped,xgb,path_strip,3.0,evasion
0.5798222986529092,1.0,87452,flipped,xgb,path_strip,3.0,evasion
0.09716251074806535,0.6666666666666666,38247,flipped,xgb,path_strip,3.0,evasion
0.46460303811980513,1.0,84208,flipped,xgb,path_strip,3.0,evasion
0.473774720550301,1.0,145061,flipped,xgb,path_strip,3.0,evasion
0.39237603897965034,1.0,68348,flipped,xgb,path_strip,3.0,evasion
0.5912869016910289,1.0,91701,flipped,xgb,path_strip,3.0,evasion
0.2066494697621095,0.6666666666666666,47750,flipped,xgb,path_strip,3.0,evasion
0.3075379764975638,0.6666666666666666,170947,flipped,xgb,path_strip,3.0,evasion
0.5477214101461737,1.0,193260,flipped,xgb,path_strip,3.0,evasion
0.061622241329893954,0.42857142857142855,86288,flipped,xgb,path_strip,3.0,evasion
0.39696188019489825,1.0,70367,flipped,xgb,path_strip,3.0,evasion
-0.003152765835482947,0.42857142857142855,226941,flipped,xgb,path_strip,3.0,evasion
0.4760676411579249,0.42857142857142855,78426,flipped,xgb,path_strip,3.0,evasion
0.5207795930065922,1.0,29246,flipped,xgb,path_strip,3.0,evasion
0.5093149899684724,0.6666666666666666,162574,flipped,xgb,path_strip,3.0,evasion
0.4789337919174549,0.6666666666666666,72434,flipped,xgb,path_strip,3.0,evasion
0.4548581255374033,0.6666666666666666,234473,flipped,xgb,path_strip,3.0,evasion
0.4388076812840356,1.0,59420,flipped,xgb,path_strip,3.0,evasion
0.2697047864717684,0.6666666666666666,233347,flipped,xgb,path_strip,3.0,evasion
0.6342791630839782,1.0,101561,flipped,xgb,path_strip,3.0,evasion
0.39638865004299234,1.0,108545,flipped,xgb,path_strip,3.0,evasion
0.5202063628546861,1.0,190215,flipped,xgb,path_strip,3.0,evasion
-0.11951848667239898,0.42857142857142855,125849,flipped,xgb,path_strip,3.0,evasion
0.5310977357409,1.0,86374,flipped,xgb,path_strip,3.0,evasion
0.24677558039552883,1.0,3916,flipped,xgb,path_strip,3.0,evasion
0.5035826884494125,1.0,155486,flipped,xgb,path_strip,3.0,evasion
0.4823731728288908,0.6666666666666666,138334,flipped,xgb,path_strip,3.0,evasion
0.39638865004299234,0.6666666666666666,163678,flipped,xgb,path_strip,3.0,evasion
0.36256807108053885,0.6666666666666666,105901,flipped,xgb,path_strip,3.0,evasion
-0.1539122957867584,0.42857142857142855,135335,flipped,xgb,path_strip,3.0,evasion
0.24047004872456293,1.0,83627,flipped,xgb,path_strip,3.0,evasion
0.34651762682717113,1.0,157244,flipped,xgb,path_strip,3.0,evasion
0.4542848953854973,1.0,11688,flipped,xgb,path_strip,3.0,evasion
0.3333333333333333,1.0,150924,flipped,xgb,path_strip,3.0,evasion
0.350530237890513,1.0,52226,flipped,xgb,path_strip,3.0,evasion
0.44052737173975354,1.0,203941,flipped,xgb,path_strip,3.0,evasion
0.29206076239610207,0.6666666666666666,198726,flipped,xgb,path_strip,3.0,evasion
0.47549441100601897,1.0,135530,flipped,xgb,path_strip,3.0,evasion
0.43823445113212955,1.0,23619,flipped,xgb,path_strip,3.0,evasion
0.3786185153339066,0.6666666666666666,60326,flipped,xgb,path_strip,3.0,evasion
0.4542848953854973,0.6666666666666666,71521,flipped,xgb,path_strip,3.0,evasion
0.4388076812840356,1.0,181637,flipped,xgb,path_strip,3.0,evasion
0.18773287474921183,0.6666666666666666,158880,flipped,xgb,path_strip,3.0,evasion
0.5207795930065922,1.0,30147,flipped,xgb,path_strip,3.0,evasion
0.5219260533104042,1.0,108476,flipped,xgb,path_strip,3.0,evasion
0.5242189739180281,1.0,173753,flipped,xgb,path_strip,3.0,evasion
0.4198910862711379,0.6666666666666666,111579,flipped,xgb,path_strip,3.0,evasion
0.48409286328460877,0.6666666666666666,38932,flipped,xgb,path_strip,3.0,evasion
0.4021209515620522,0.6666666666666666,218392,flipped,xgb,path_strip,3.0,evasion
0.41014617368873607,0.6666666666666666,196006,flipped,xgb,path_strip,3.0,evasion
0.3671539122957868,1.0,132087,flipped,xgb,path_strip,3.0,evasion
0.3654342218400688,1.0,69211,flipped,xgb,path_strip,3.0,evasion
0.2593866437374606,0.42857142857142855,106984,flipped,xgb,path_strip,3.0,evasion
0.3614216107767269,0.6666666666666666,156071,flipped,xgb,path_strip,3.0,evasion
0.39925480080252224,0.42857142857142855,195902,flipped,xgb,path_strip,3.0,evasion
0.021496130696474637,0.42857142857142855,100337,flipped,xgb,path_strip,3.0,evasion
0.08741759816566352,1.0,89141,flipped,xgb,path_strip,3.0,evasion
0.41530524505589,1.0,141634,flipped,xgb,path_strip,3.0,evasion
-0.17397535110346807,0.6666666666666666,188316,flipped,xgb,path_strip,3.0,evasion
0.4456864431069074,1.0,45080,flipped,xgb,path_strip,3.0,evasion
0.4433935224992835,1.0,32355,flipped,xgb,path_strip,3.0,evasion
0.2192605331040413,1.0,146628,flipped,xgb,path_strip,3.0,evasion
0.3746059042705646,0.42857142857142855,19205,flipped,xgb,path_strip,3.0,evasion
0.4456864431069074,1.0,5089,flipped,xgb,path_strip,3.0,evasion
0.36314130123244487,1.0,124689,flipped,xgb,path_strip,3.0,evasion
0.5087417598165663,1.0,135073,flipped,xgb,path_strip,3.0,evasion
0.4181713958154199,1.0,84607,flipped,xgb,path_strip,3.0,evasion
0.41186586414445403,0.42857142857142855,54567,flipped,xgb,path_strip,3.0,evasion
0.4989968472341646,1.0,182628,flipped,xgb,path_strip,3.0,evasion
0.3333333333333333,0.6666666666666666,232546,flipped,xgb,path_strip,3.0,evasion
0.5202063628546861,1.0,208462,flipped,xgb,path_strip,3.0,evasion
0.42505015763829185,0.6666666666666666,104919,flipped,xgb,path_strip,3.0,evasion
0.473774720550301,0.6666666666666666,26713,flipped,xgb,path_strip,3.0,evasion
0.45829750644883926,0.6666666666666666,37980,flipped,xgb,path_strip,3.0,evasion
0.3889366580682144,1.0,24070,flipped,xgb,path_strip,3.0,evasion
-0.03066781312697048,0.6666666666666666,82370,flipped,xgb,path_strip,3.0,evasion
0.1481799942676985,0.6666666666666666,138986,flipped,xgb,path_strip,3.0,evasion
0.4204643164230438,1.0,173405,flipped,xgb,path_strip,3.0,evasion
0.6371453138435083,1.0,146807,flipped,xgb,path_strip,3.0,evasion
0.5184866723989683,1.0,185015,flipped,xgb,path_strip,3.0,evasion
0.414158784752078,0.6666666666666666,97080,flipped,xgb,path_strip,3.0,evasion
0.49441100601891663,1.0,18476,flipped,xgb,path_strip,3.0,evasion
0.48122671252507887,0.6666666666666666,42303,flipped,xgb,path_strip,3.0,evasion
-0.003152765835482947,0.42857142857142855,177141,flipped,xgb,path_strip,3.0,evasion
0.24849527085124679,0.42857142857142855,105622,flipped,xgb,path_strip,3.0,evasion
0.4261966179421038,1.0,159777,flipped,xgb,path_strip,3.0,evasion
0.3958154198910863,0.6666666666666666,32523,flipped,xgb,path_strip,3.0,evasion
0.3929492691315563,0.6666666666666666,51498,flipped,xgb,path_strip,3.0,evasion
0.4955574663227286,1.0,171503,flipped,xgb,path_strip,3.0,evasion
0.46345657781599314,1.0,39152,flipped,xgb,path_strip,3.0,evasion
0.06334193178561193,0.42857142857142855,201336,flipped,xgb,path_strip,3.0,evasion
0.37632559472628263,1.0,59893,flipped,xgb,path_strip,3.0,evasion
0.5110346804241904,0.6666666666666666,45826,flipped,xgb,path_strip,3.0,evasion
0.14989968472341647,0.6666666666666666,179319,flipped,xgb,path_strip,3.0,evasion
0.47836056176554886,0.6666666666666666,102925,flipped,xgb,path_strip,3.0,evasion
0.43823445113212955,0.6666666666666666,219184,flipped,xgb,path_strip,3.0,evasion
0.5104614502722843,1.0,152212,flipped,xgb,path_strip,3.0,evasion
0.2169676124964173,0.42857142857142855,48396,flipped,xgb,path_strip,3.0,evasion
0.18028088277443394,0.42857142857142855,24374,flipped,xgb,path_strip,3.0,evasion
-0.012897678417884782,0.6666666666666666,50717,flipped,xgb,path_strip,3.0,evasion
0.4795070220693609,1.0,197966,flipped,xgb,path_strip,3.0,evasion
0.534537116652336,0.6666666666666666,223224,flipped,xgb,path_strip,3.0,evasion
0.1653768988248782,0.42857142857142855,71389,flipped,xgb,path_strip,3.0,evasion
0.3746059042705646,0.42857142857142855,202600,flipped,xgb,path_strip,3.0,evasion
0.46689595872742906,1.0,25617,flipped,xgb,path_strip,3.0,evasion
0.21352823158498138,1.0,80886,flipped,xgb,path_strip,3.0,evasion
0.16193751791344224,0.42857142857142855,82989,flipped,xgb,path_strip,3.0,evasion
0.2668386357122385,0.6666666666666666,182012,flipped,xgb,path_strip,3.0,evasion
0.15276583548294642,0.6666666666666666,123568,flipped,xgb,path_strip,3.0,evasion
0.46689595872742906,1.0,149463,flipped,xgb,path_strip,3.0,evasion
0.3585554600171969,1.0,38729,flipped,xgb,path_strip,3.0,evasion
0.5139008311837203,1.0,61204,flipped,xgb,path_strip,3.0,evasion
0.3321868730295214,0.42857142857142855,224781,flipped,xgb,path_strip,3.0,evasion
0.46632272857552304,0.6666666666666666,72310,flipped,xgb,path_strip,3.0,evasion
0.40957294353683005,1.0,220911,flipped,xgb,path_strip,3.0,evasion
0.530524505588994,1.0,105714,flipped,xgb,path_strip,3.0,evasion
0.3935224992834623,0.6666666666666666,214232,flipped,xgb,path_strip,3.0,evasion
0.18142734307824593,1.0,117819,flipped,xgb,path_strip,3.0,evasion
-0.11951848667239898,0.42857142857142855,213074,flipped,xgb,path_strip,3.0,evasion
0.3723129836629407,1.0,68575,flipped,xgb,path_strip,3.0,evasion
0.48925193465176275,0.6666666666666666,150090,flipped,xgb,path_strip,3.0,evasion
0.4657494984236171,1.0,226431,flipped,xgb,path_strip,3.0,evasion
0.23129836629406705,0.42857142857142855,155339,flipped,xgb,path_strip,3.0,evasion
0.4244769274863858,1.0,17160,flipped,xgb,path_strip,3.0,evasion
0.4456864431069074,0.6666666666666666,142328,flipped,xgb,path_strip,3.0,evasion
0.529951275437088,1.0,37277,flipped,xgb,path_strip,3.0,evasion
0.38435081685296646,0.6666666666666666,95741,flipped,xgb,path_strip,3.0,evasion
0.47033533963886504,0.6666666666666666,224588,flipped,xgb,path_strip,3.0,evasion
0.3470908569790771,1.0,166809,flipped,xgb,path_strip,3.0,evasion
0.5609057036400115,0.6666666666666666,179637,flipped,xgb,path_strip,3.0,evasion
0.5505875609057037,1.0,216838,flipped,xgb,path_strip,3.0,evasion
0.22327314416738323,1.0,44906,flipped,xgb,path_strip,3.0,evasion
0.16079105760963025,0.6666666666666666,126090,flipped,xgb,path_strip,3.0,evasion
0.11321295500143307,0.42857142857142855,105352,flipped,xgb,path_strip,3.0,evasion
0.3121238177128117,1.0,190484,flipped,xgb,path_strip,3.0,evasion
0.24333619948409288,1.0,120067,flipped,xgb,path_strip,3.0,evasion
0.5385497277156779,0.6666666666666666,28111,flipped,xgb,path_strip,3.0,evasion
0.4204643164230438,0.6666666666666666,170830,flipped,xgb,path_strip,3.0,evasion
0.3866437374605905,0.6666666666666666,17326,flipped,xgb,path_strip,3.0,evasion
0.3184293493837776,1.0,37322,flipped,xgb,path_strip,3.0,evasion
-0.19518486672398971,0.42857142857142855,170741,flipped,xgb,path_strip,3.0,evasion
0.34823731728288915,0.6666666666666666,172878,flipped,xgb,path_strip,3.0,evasion
0.026081971911722557,0.42857142857142855,36926,flipped,xgb,path_strip,3.0,evasion
0.2880481513327601,1.0,125693,flipped,xgb,path_strip,3.0,evasion
0.18830610490111782,0.6666666666666666,94868,flipped,xgb,path_strip,3.0,evasion
0.5316709658928059,1.0,44053,flipped,xgb,path_strip,3.0,evasion
0.042705646316996276,0.6666666666666666,82828,flipped,xgb,path_strip,3.0,evasion
-0.003152765835482947,0.42857142857142855,197913,flipped,xgb,path_strip,3.0,evasion
0.47549441100601897,1.0,233332,flipped,xgb,path_strip,3.0,evasion
0.11550587560905705,0.6666666666666666,37648,flipped,xgb,path_strip,3.0,evasion
0.532244196044712,1.0,78882,flipped,xgb,path_strip,3.0,evasion
0.3241616509028375,1.0,145429,flipped,xgb,path_strip,3.0,evasion
0.35740899971338497,1.0,116626,flipped,xgb,path_strip,3.0,evasion
0.3642877615362568,1.0,50532,flipped,xgb,path_strip,3.0,evasion
-0.1648036686729722,0.42857142857142855,163262,flipped,xgb,path_strip,3.0,evasion
0.2823158498137002,0.6666666666666666,92630,flipped,xgb,path_strip,3.0,evasion
0.4313556893092577,1.0,147452,flipped,xgb,path_strip,3.0,evasion
0.33447979363714536,0.6666666666666666,119702,flipped,xgb,path_strip,3.0,evasion
-0.19231871596445974,0.25,9871,flipped,xgb,path_strip,3.0,evasion
0.5356835769561479,1.0,150088,flipped,xgb,path_strip,3.0,evasion
0.46632272857552304,1.0,94968,flipped,xgb,path_strip,3.0,evasion
0.45141874462596737,0.6666666666666666,80114,flipped,xgb,path_strip,3.0,evasion
0.3654342218400688,0.6666666666666666,70358,flipped,xgb,path_strip,3.0,evasion
0.3413585554600172,0.6666666666666666,32330,flipped,xgb,path_strip,3.0,evasion
0.14474061335626254,0.42857142857142855,164740,flipped,xgb,path_strip,3.0,evasion
0.15505875609057035,0.6666666666666666,107236,flipped,xgb,path_strip,3.0,evasion
0.2702780166236744,0.6666666666666666,132728,flipped,xgb,path_strip,3.0,evasion
0.5139008311837203,1.0,167272,flipped,xgb,path_strip,3.0,evasion
0.3654342218400688,1.0,70585,flipped,xgb,path_strip,3.0,evasion
0.2066494697621095,0.6666666666666666,71108,flipped,xgb,path_strip,3.0,evasion
0.44052737173975354,0.6666666666666666,102069,flipped,xgb,path_strip,3.0,evasion
0.16652335912869018,0.42857142857142855,45380,flipped,xgb,path_strip,3.0,evasion
0.5362568071080539,1.0,172790,flipped,xgb,path_strip,3.0,evasion
0.41759816566351393,1.0,140617,flipped,xgb,path_strip,3.0,evasion
0.09085697907709947,0.6666666666666666,218114,flipped,xgb,path_strip,3.0,evasion
0.5414158784752079,0.6666666666666666,38726,flipped,xgb,path_strip,3.0,evasion
0.4898251648036687,1.0,135687,flipped,xgb,path_strip,3.0,evasion
0.3585554600171969,0.6666666666666666,13713,flipped,xgb,path_strip,3.0,evasion
0.4898251648036687,1.0,178558,flipped,xgb,path_strip,3.0,evasion
0.17282889079965608,0.6666666666666666,117810,flipped,xgb,path_strip,3.0,evasion
-0.0025795356835769563,0.6666666666666666,174317,flipped,xgb,path_strip,3.0,evasion
0.3935224992834623,0.6666666666666666,61132,flipped,xgb,path_strip,3.0,evasion
0.529951275437088,1.0,115604,flipped,xgb,path_strip,3.0,evasion
0.5717970765262252,0.6666666666666666,177414,flipped,xgb,path_strip,3.0,evasion
0.46976210948695907,1.0,208277,flipped,xgb,path_strip,3.0,evasion
0.5001433075379765,1.0,25960,flipped,xgb,path_strip,3.0,evasion
0.4038406420177702,1.0,129008,flipped,xgb,path_strip,3.0,evasion
0.19977070793923762,0.42857142857142855,178676,flipped,xgb,path_strip,3.0,evasion
-0.1539122957867584,0.42857142857142855,197799,flipped,xgb,path_strip,3.0,evasion
0.43422184006878767,1.0,134582,flipped,xgb,path_strip,3.0,evasion
0.4823731728288908,1.0,161102,flipped,xgb,path_strip,3.0,evasion
0.47492118085411295,0.6666666666666666,59978,flipped,xgb,path_strip,3.0,evasion
0.3614216107767269,0.6666666666666666,113637,flipped,xgb,path_strip,3.0,evasion
0.4399541415878475,1.0,107418,flipped,xgb,path_strip,3.0,evasion
0.44052737173975354,0.6666666666666666,129424,flipped,xgb,path_strip,3.0,evasion
0.32817426196617944,1.0,152594,flipped,xgb,path_strip,3.0,evasion
0.09200343938091143,0.6666666666666666,21401,flipped,xgb,path_strip,3.0,evasion
0.5035826884494125,1.0,142466,flipped,xgb,path_strip,3.0,evasion
-0.22499283462310118,0.42857142857142855,150846,flipped,xgb,path_strip,3.0,evasion
0.26339925480080256,0.6666666666666666,137279,flipped,xgb,path_strip,3.0,evasion
-0.11951848667239898,0.42857142857142855,80747,flipped,xgb,path_strip,3.0,evasion
0.41243909429635994,1.0,214595,flipped,xgb,path_strip,3.0,evasion
0.38549727715677845,1.0,4602,flipped,xgb,path_strip,3.0,evasion
0.4365147606764116,1.0,22211,flipped,xgb,path_strip,3.0,evasion
0.4502722843221554,1.0,170258,flipped,xgb,path_strip,3.0,evasion
0.5637718543995415,1.0,146432,flipped,xgb,path_strip,3.0,evasion
0.22900544568644313,0.6666666666666666,224712,flipped,xgb,path_strip,3.0,evasion
0.43422184006878767,1.0,156244,flipped,xgb,path_strip,3.0,evasion
0.6073373459443967,1.0,181386,flipped,xgb,path_strip,3.0,evasion
0.22098022355975924,0.6666666666666666,195216,flipped,xgb,path_strip,3.0,evasion
0.48294640298079683,1.0,116302,flipped,xgb,path_strip,3.0,evasion
0.31097735740899973,1.0,39893,flipped,xgb,path_strip,3.0,evasion
0.3900831183720264,1.0,43632,flipped,xgb,path_strip,3.0,evasion
0.36256807108053885,0.6666666666666666,62516,flipped,xgb,path_strip,3.0,evasion
0.40842648323301806,1.0,110177,flipped,xgb,path_strip,3.0,evasion
0.3591286901691029,1.0,39109,flipped,xgb,path_strip,3.0,evasion
0.22098022355975924,0.42857142857142855,37910,flipped,xgb,path_strip,3.0,evasion
-0.012897678417884782,0.6666666666666666,142503,flipped,xgb,path_strip,3.0,evasion
0.4474061335626254,0.6666666666666666,205616,flipped,xgb,path_strip,3.0,evasion
0.10748065348237318,0.42857142857142855,129019,flipped,xgb,path_strip,3.0,evasion
0.39810834049871024,0.42857142857142855,89702,flipped,xgb,path_strip,3.0,evasion
0.37976497563771855,1.0,86640,flipped,xgb,path_strip,3.0,evasion
0.44511321295500145,1.0,98108,flipped,xgb,path_strip,3.0,evasion
0.5460017196904557,1.0,76826,flipped,xgb,path_strip,3.0,evasion
0.6079105760963028,0.6666666666666666,92678,flipped,xgb,path_strip,3.0,evasion
0.45141874462596737,0.6666666666666666,77786,flipped,xgb,path_strip,3.0,evasion
0.12123817712811695,0.6666666666666666,122193,flipped,xgb,path_strip,3.0,evasion
0.11435941530524507,0.42857142857142855,167798,flipped,xgb,path_strip,3.0,evasion
0.40269418171395815,1.0,2740,flipped,xgb,path_strip,3.0,evasion
0.41014617368873607,0.6666666666666666,130026,flipped,xgb,path_strip,3.0,evasion
0.4571510461450272,1.0,60145,flipped,xgb,path_strip,3.0,evasion
0.22040699340785327,0.6666666666666666,48723,flipped,xgb,path_strip,3.0,evasion
0.5098882201203784,1.0,182778,flipped,xgb,path_strip,3.0,evasion
-0.0834049871023216,0.42857142857142855,40094,flipped,xgb,path_strip,3.0,evasion
0.3447979363714531,0.6666666666666666,169575,flipped,xgb,path_strip,3.0,evasion
0.5488678704499858,0.6666666666666666,139499,flipped,xgb,path_strip,3.0,evasion
0.3906563485239324,0.6666666666666666,70674,flipped,xgb,path_strip,3.0,evasion
0.4439667526511895,1.0,216426,flipped,xgb,path_strip,3.0,evasion
0.5402694181713958,1.0,197478,flipped,xgb,path_strip,3.0,evasion
-0.003152765835482947,0.42857142857142855,45750,flipped,xgb,path_strip,3.0,evasion
0.41358555460017205,0.6666666666666666,201685,flipped,xgb,path_strip,3.0,evasion
0.6256807108053885,1.0,147677,flipped,xgb,path_strip,3.0,evasion
0.05932932072227,0.42857142857142855,155193,flipped,xgb,path_strip,3.0,evasion
-0.235310977357409,0.42857142857142855,111987,flipped,xgb,path_strip,3.0,evasion
0.10920034393809117,0.6666666666666666,91051,flipped,xgb,path_strip,3.0,evasion
0.17282889079965608,0.6666666666666666,35946,flipped,xgb,path_strip,3.0,evasion
0.25193465176268276,1.0,203915,flipped,xgb,path_strip,3.0,evasion
0.16709658928059617,0.6666666666666666,73460,flipped,xgb,path_strip,3.0,evasion
0.4433935224992835,1.0,49346,flipped,xgb,path_strip,3.0,evasion
0.5173402120951562,1.0,85010,flipped,xgb,path_strip,3.0,evasion
0.2765835482946403,0.42857142857142855,170580,flipped,xgb,path_strip,3.0,evasion
0.3614216107767269,0.6666666666666666,231019,flipped,xgb,path_strip,3.0,evasion
0.23359128690169104,0.6666666666666666,2142,flipped,xgb,path_strip,3.0,evasion
0.3734594439667527,0.6666666666666666,93784,flipped,xgb,path_strip,3.0,evasion
0.29263399254800804,1.0,40771,flipped,xgb,path_strip,3.0,evasion
0.26339925480080256,0.6666666666666666,38939,flipped,xgb,path_strip,3.0,evasion
0.5259386643737461,1.0,50738,flipped,xgb,path_strip,3.0,evasion
0.25193465176268276,1.0,15046,flipped,xgb,path_strip,3.0,evasion
0.34307824591573516,1.0,148483,flipped,xgb,path_strip,3.0,evasion
0.4651762682717111,0.6666666666666666,17530,flipped,xgb,path_strip,3.0,evasion
0.4296359988535397,0.6666666666666666,142808,flipped,xgb,path_strip,3.0,evasion
0.4370879908283176,1.0,133298,flipped,xgb,path_strip,3.0,evasion
0.48409286328460877,1.0,122979,flipped,xgb,path_strip,3.0,evasion
0.37632559472628263,1.0,199403,flipped,xgb,path_strip,3.0,evasion
0.48925193465176275,0.6666666666666666,16491,flipped,xgb,path_strip,3.0,evasion
0.3929492691315563,0.6666666666666666,148501,flipped,xgb,path_strip,3.0,evasion
0.24620235024362283,0.6666666666666666,229799,flipped,xgb,path_strip,3.0,evasion
0.3562625394095729,1.0,220436,flipped,xgb,path_strip,3.0,evasion
0.532244196044712,1.0,122289,flipped,xgb,path_strip,3.0,evasion
0.18830610490111782,0.42857142857142855,225826,flipped,xgb,path_strip,3.0,evasion
0.4325021496130697,0.6666666666666666,222809,flipped,xgb,path_strip,3.0,evasion
0.5563198624247636,0.6666666666666666,149756,flipped,xgb,path_strip,3.0,evasion
0.41874462596732587,0.6666666666666666,98417,flipped,xgb,path_strip,3.0,evasion
0.38205789624534253,1.0,67088,flipped,xgb,path_strip,3.0,evasion
0.054743479507022075,0.6666666666666666,113702,flipped,xgb,path_strip,3.0,evasion
0.05875609057036401,0.6666666666666666,86950,flipped,xgb,path_strip,3.0,evasion
0.2186873029521353,0.6666666666666666,87902,flipped,xgb,path_strip,3.0,evasion
0.3121238177128117,0.42857142857142855,232771,flipped,xgb,path_strip,3.0,evasion
-0.11837202636858699,0.42857142857142855,112624,flipped,xgb,path_strip,3.0,evasion
0.23989681857265693,0.42857142857142855,63298,flipped,xgb,path_strip,3.0,evasion
0.3023789051304099,1.0,12266,flipped,xgb,path_strip,3.0,evasion
0.3900831183720264,0.6666666666666666,153564,flipped,xgb,path_strip,3.0,evasion
0.5190599025508742,1.0,226251,flipped,xgb,path_strip,3.0,evasion
0.4502722843221554,1.0,213012,flipped,xgb,path_strip,3.0,evasion
0.48065348237317285,0.6666666666666666,162892,flipped,xgb,path_strip,3.0,evasion
0.10748065348237318,0.6666666666666666,176323,flipped,xgb,path_strip,3.0,evasion
0.48867870449985673,0.6666666666666666,191491,flipped,xgb,path_strip,3.0,evasion
0.5568930925766695,1.0,61705,flipped,xgb,path_strip,3.0,evasion
0.5207795930065922,0.6666666666666666,159567,flipped,xgb,path_strip,3.0,evasion
0.41702493551160796,1.0,209837,flipped,xgb,path_strip,3.0,evasion
-0.10461450272284323,0.6666666666666666,57592,flipped,xgb,path_strip,3.0,evasion
0.40154772141014616,1.0,225285,flipped,xgb,path_strip,3.0,evasion
0.3040985955861279,0.6666666666666666,212466,flipped,xgb,path_strip,3.0,evasion
0.14875322441960448,0.42857142857142855,142092,flipped,xgb,path_strip,3.0,evasion
0.29435368300372605,0.42857142857142855,36724,flipped,xgb,path_strip,3.0,evasion
0.4594439667526512,1.0,10787,flipped,xgb,path_strip,3.0,evasion
0.12869016910289482,0.6666666666666666,9602,flipped,xgb,path_strip,3.0,evasion
-0.1539122957867584,0.42857142857142855,141861,flipped,xgb,path_strip,3.0,evasion
0.17340212095156204,0.6666666666666666,189311,flipped,xgb,path_strip,3.0,evasion
0.021496130696474637,0.42857142857142855,100037,flipped,xgb,path_strip,3.0,evasion
0.4989968472341646,0.6666666666666666,234508,flipped,xgb,path_strip,3.0,evasion
0.05990255087417599,0.42857142857142855,192849,flipped,xgb,path_strip,3.0,evasion
0.5597592433361995,1.0,58344,flipped,xgb,path_strip,3.0,evasion
0.3367727142447693,0.6666666666666666,73333,flipped,xgb,path_strip,3.0,evasion
0.054743479507022075,0.42857142857142855,92938,flipped,xgb,path_strip,3.0,evasion
-0.15333906563485242,0.42857142857142855,140676,flipped,xgb,path_strip,3.0,evasion
0.4411006018916595,0.42857142857142855,36680,flipped,xgb,path_strip,3.0,evasion
0.3447979363714531,1.0,149018,flipped,xgb,path_strip,3.0,evasion
0.6079105760963028,0.6666666666666666,28344,flipped,xgb,path_strip,3.0,evasion
0.3895098882201204,0.6666666666666666,99422,flipped,xgb,path_strip,3.0,evasion
0.20492977930639156,1.0,77932,flipped,xgb,path_strip,3.0,evasion
0.5001433075379765,1.0,63682,flipped,xgb,path_strip,3.0,evasion
0.5213528231584982,0.6666666666666666,45518,flipped,xgb,path_strip,3.0,evasion
0.5310977357409,0.6666666666666666,61348,flipped,xgb,path_strip,3.0,evasion
0.22671252507881914,0.42857142857142855,89116,flipped,xgb,path_strip,3.0,evasion
0.024935511607910573,0.6666666666666666,197046,flipped,xgb,path_strip,3.0,evasion
-0.003152765835482947,0.42857142857142855,202681,flipped,xgb,path_strip,3.0,evasion
0.11607910576096303,0.6666666666666666,27293,flipped,xgb,path_strip,3.0,evasion
0.27543708799082833,1.0,63898,flipped,xgb,path_strip,3.0,evasion
0.5116079105760963,1.0,74087,flipped,xgb,path_strip,3.0,evasion
0.5196331327027801,1.0,172593,flipped,xgb,path_strip,3.0,evasion
0.5603324734881056,0.6666666666666666,67084,flipped,xgb,path_strip,3.0,evasion
0.5574663227285757,1.0,60327,flipped,xgb,path_strip,3.0,evasion
0.47836056176554886,1.0,39483,flipped,xgb,path_strip,3.0,evasion
0.47205503009458305,0.6666666666666666,194455,flipped,xgb,path_strip,3.0,evasion
0.5677844654628833,1.0,203248,flipped,xgb,path_strip,3.0,evasion
-0.06678131269704787,0.6666666666666666,81107,flipped,xgb,path_strip,3.0,evasion
0.38549727715677845,0.42857142857142855,9334,flipped,xgb,path_strip,3.0,evasion
0.11550587560905705,0.6666666666666666,128676,flipped,xgb,path_strip,3.0,evasion
0.48409286328460877,0.6666666666666666,170532,flipped,xgb,path_strip,3.0,evasion
0.11550587560905705,0.6666666666666666,28612,flipped,xgb,path_strip,3.0,evasion
0.4628833476640872,1.0,189433,flipped,xgb,path_strip,3.0,evasion
0.4256233877901978,1.0,80486,flipped,xgb,path_strip,3.0,evasion
0.3447979363714531,1.0,167027,flipped,xgb,path_strip,3.0,evasion
-0.003152765835482947,0.42857142857142855,22602,flipped,xgb,path_strip,3.0,evasion
0.5316709658928059,0.6666666666666666,161240,flipped,xgb,path_strip,3.0,evasion
0.13900831183720266,0.25,61018,flipped,xgb,path_strip,3.0,evasion
0.3207222699914016,0.42857142857142855,162260,flipped,xgb,path_strip,3.0,evasion
0.5637718543995415,1.0,35062,flipped,xgb,path_strip,3.0,evasion
0.5746632272857553,0.6666666666666666,59316,flipped,xgb,path_strip,3.0,evasion
-0.003152765835482947,0.42857142857142855,178535,flipped,xgb,path_strip,3.0,evasion
0.4955574663227286,0.6666666666666666,200650,flipped,xgb,path_strip,3.0,evasion
0.5224992834623102,0.6666666666666666,210491,flipped,xgb,path_strip,3.0,evasion
0.4261966179421038,0.6666666666666666,132790,flipped,xgb,path_strip,3.0,evasion
0.6084838062482086,1.0,152415,flipped,xgb,path_strip,3.0,evasion
0.41014617368873607,1.0,4275,flipped,xgb,path_strip,3.0,evasion
0.015763829177414732,0.42857142857142855,139971,flipped,xgb,path_strip,3.0,evasion
0.4674691888793351,0.6666666666666666,105332,flipped,xgb,path_strip,3.0,evasion
-0.0117512181140728,0.42857142857142855,194231,flipped,xgb,path_strip,3.0,evasion
0.34651762682717113,1.0,45740,flipped,xgb,path_strip,3.0,evasion
0.25193465176268276,0.6666666666666666,117359,flipped,xgb,path_strip,3.0,evasion
0.532817426196618,1.0,61484,flipped,xgb,path_strip,3.0,evasion
0.35740899971338497,1.0,173890,flipped,xgb,path_strip,3.0,evasion
0.31155058756090576,0.42857142857142855,227899,flipped,xgb,path_strip,3.0,evasion
0.36314130123244487,1.0,12104,flipped,xgb,path_strip,3.0,evasion
0.35224992834623103,1.0,141177,flipped,xgb,path_strip,3.0,evasion
0.3826311263972485,1.0,115473,flipped,xgb,path_strip,3.0,evasion
0.14072800229292062,0.42857142857142855,182005,flipped,xgb,path_strip,3.0,evasion
0.5786758383490972,1.0,135486,flipped,xgb,path_strip,3.0,evasion
0.41071940384064204,1.0,36626,flipped,xgb,path_strip,3.0,evasion
0.44167383204356553,0.6666666666666666,211306,flipped,xgb,path_strip,3.0,evasion
-0.08971051877328748,0.42857142857142855,108030,flipped,xgb,path_strip,3.0,evasion
0.2771567784465463,0.6666666666666666,217034,flipped,xgb,path_strip,3.0,evasion
0.05875609057036401,0.42857142857142855,96005,flipped,xgb,path_strip,3.0,evasion
0.2760103181427343,0.42857142857142855,145281,flipped,xgb,path_strip,3.0,evasion
0.40957294353683005,1.0,173636,flipped,xgb,path_strip,3.0,evasion
0.21066208082545143,0.42857142857142855,144249,flipped,xgb,path_strip,3.0,evasion
0.411292633992548,0.6666666666666666,51096,flipped,xgb,path_strip,3.0,evasion
0.24677558039552883,0.6666666666666666,111101,flipped,xgb,path_strip,3.0,evasion
0.4181713958154199,1.0,230002,flipped,xgb,path_strip,3.0,evasion
0.530524505588994,1.0,208515,flipped,xgb,path_strip,3.0,evasion
0.6222413298939525,1.0,54600,flipped,xgb,path_strip,3.0,evasion
0.2542275723703067,1.0,11835,flipped,xgb,path_strip,3.0,evasion
0.3149899684723417,0.6666666666666666,153603,flipped,xgb,path_strip,3.0,evasion
0.4508455144740614,1.0,5669,flipped,xgb,path_strip,3.0,evasion
0.4370879908283176,1.0,151008,flipped,xgb,path_strip,3.0,evasion
0.09028374892519346,0.42857142857142855,95081,flipped,xgb,path_strip,3.0,evasion
0.23015190599025512,1.0,211449,flipped,xgb,path_strip,3.0,evasion
0.4823731728288908,1.0,45689,flipped,xgb,path_strip,3.0,evasion
0.3940957294353683,1.0,31452,flipped,xgb,path_strip,3.0,evasion
-0.1648036686729722,0.42857142857142855,127260,flipped,xgb,path_strip,3.0,evasion
0.48294640298079683,1.0,112323,flipped,xgb,path_strip,3.0,evasion
0.4989968472341646,1.0,76648,flipped,xgb,path_strip,3.0,evasion
0.3860705073086845,0.6666666666666666,124054,flipped,xgb,path_strip,3.0,evasion
0.4313556893092577,1.0,74281,flipped,xgb,path_strip,3.0,evasion
0.353969618801949,0.42857142857142855,201586,flipped,xgb,path_strip,3.0,evasion
-0.1648036686729722,0.42857142857142855,158679,flipped,xgb,path_strip,3.0,evasion
0.13728862138148468,0.42857142857142855,38949,flipped,xgb,path_strip,3.0,evasion
-0.1648036686729722,0.42857142857142855,28829,flipped,xgb,path_strip,3.0,evasion
0.3333333333333333,0.6666666666666666,122403,flipped,xgb,path_strip,3.0,evasion
0.2169676124964173,1.0,169774,flipped,xgb,path_strip,3.0,evasion
0.4548581255374033,1.0,232318,flipped,xgb,path_strip,3.0,evasion
0.05875609057036401,0.42857142857142855,101805,flipped,xgb,path_strip,3.0,evasion
0.5356835769561479,0.6666666666666666,107544,flipped,xgb,path_strip,3.0,evasion
0.5465749498423617,1.0,86130,flipped,xgb,path_strip,3.0,evasion
0.4651762682717111,1.0,85241,flipped,xgb,path_strip,3.0,evasion
0.4296359988535397,0.6666666666666666,192057,flipped,xgb,path_strip,3.0,evasion
0.3975351103468043,0.42857142857142855,201625,flipped,xgb,path_strip,3.0,evasion
0.5614789337919176,1.0,102243,flipped,xgb,path_strip,3.0,evasion
0.3665806821438808,0.6666666666666666,230427,flipped,xgb,path_strip,3.0,evasion
0.31900257953568356,1.0,56696,flipped,xgb,path_strip,3.0,evasion
0.2003439380911436,0.6666666666666666,159496,flipped,xgb,path_strip,3.0,evasion
0.1481799942676985,0.6666666666666666,37041,flipped,xgb,path_strip,3.0,evasion
-0.1539122957867584,0.42857142857142855,94468,flipped,xgb,path_strip,3.0,evasion
0.13212955001433074,0.6666666666666666,30466,flipped,xgb,path_strip,3.0,evasion
0.45772427629693324,0.6666666666666666,154501,flipped,xgb,path_strip,3.0,evasion
0.20607623961020352,0.42857142857142855,64915,flipped,xgb,path_strip,3.0,evasion
0.09716251074806535,0.6666666666666666,49073,flipped,xgb,path_strip,3.0,evasion
0.46632272857552304,0.6666666666666666,160523,flipped,xgb,path_strip,3.0,evasion
0.2702780166236744,0.6666666666666666,152940,flipped,xgb,path_strip,3.0,evasion
0.3780452851820006,0.6666666666666666,66804,flipped,xgb,path_strip,3.0,evasion
0.528804815133276,1.0,150532,flipped,xgb,path_strip,3.0,evasion
0.23760389796503298,1.0,104359,flipped,xgb,path_strip,3.0,evasion
0.39122957867583835,0.6666666666666666,233844,flipped,xgb,path_strip,3.0,evasion
0.532817426196618,0.6666666666666666,145019,flipped,xgb,path_strip,3.0,evasion
0.4909716251074807,1.0,72761,flipped,xgb,path_strip,3.0,evasion
0.20779593006592148,0.6666666666666666,207856,flipped,xgb,path_strip,3.0,evasion
0.18601318429349384,0.6666666666666666,52988,flipped,xgb,path_strip,3.0,evasion
0.1722556606477501,0.6666666666666666,138972,flipped,xgb,path_strip,3.0,evasion
0.27773000859845226,0.6666666666666666,30538,flipped,xgb,path_strip,3.0,evasion
-0.003152765835482947,0.42857142857142855,156949,flipped,xgb,path_strip,3.0,evasion
0.4674691888793351,1.0,210322,flipped,xgb,path_strip,3.0,evasion
0.3591286901691029,0.42857142857142855,179793,flipped,xgb,path_strip,3.0,evasion
0.5161937517913443,1.0,142384,flipped,xgb,path_strip,3.0,evasion
0.3121238177128117,0.6666666666666666,161129,flipped,xgb,path_strip,3.0,evasion
0.5213528231584982,0.6666666666666666,7975,flipped,xgb,path_strip,3.0,evasion
0.3459443966752651,1.0,233164,flipped,xgb,path_strip,3.0,evasion
0.5729435368300373,1.0,101297,flipped,xgb,path_strip,3.0,evasion
0.43536830037259966,0.42857142857142855,38629,flipped,xgb,path_strip,3.0,evasion
0.44224706219547155,0.6666666666666666,181815,flipped,xgb,path_strip,3.0,evasion
-0.0358268844941244,0.42857142857142855,66952,flipped,xgb,path_strip,3.0,evasion
0.4623101175121812,0.42857142857142855,188033,flipped,xgb,path_strip,3.0,evasion
0.5133276010318143,1.0,35083,flipped,xgb,path_strip,3.0,evasion
0.27486385783892237,1.0,220340,flipped,xgb,path_strip,3.0,evasion
0.5259386643737461,0.6666666666666666,118632,flipped,xgb,path_strip,3.0,evasion
0.4628833476640872,0.6666666666666666,200342,flipped,xgb,path_strip,3.0,evasion
0.40957294353683005,1.0,102420,flipped,xgb,path_strip,3.0,evasion
0.3241616509028375,1.0,51933,flipped,xgb,path_strip,3.0,evasion
0.4548581255374033,0.6666666666666666,89252,flipped,xgb,path_strip,3.0,evasion
0.3470908569790771,1.0,156188,flipped,xgb,path_strip,3.0,evasion
0.3470908569790771,1.0,46924,flipped,xgb,path_strip,3.0,evasion
0.16652335912869018,0.42857142857142855,50694,flipped,xgb,path_strip,3.0,evasion
0.5351103468042419,1.0,61304,flipped,xgb,path_strip,3.0,evasion
0.4428202923473775,1.0,5438,flipped,xgb,path_strip,3.0,evasion
0.15276583548294642,0.42857142857142855,209250,flipped,xgb,path_strip,3.0,evasion
0.41301232444826597,0.6666666666666666,193690,flipped,xgb,path_strip,3.0,evasion
0.4089997133849241,1.0,90237,flipped,xgb,path_strip,3.0,evasion
0.4078532530811121,1.0,78972,flipped,xgb,path_strip,3.0,evasion
0.43422184006878767,1.0,158967,flipped,xgb,path_strip,3.0,evasion
0.4869590140441387,0.6666666666666666,208876,flipped,xgb,path_strip,3.0,evasion
0.3006592146746919,0.6666666666666666,118633,flipped,xgb,path_strip,3.0,evasion
0.5740899971338492,1.0,137412,flipped,xgb,path_strip,3.0,evasion
0.6090570364001147,1.0,169338,flipped,xgb,path_strip,3.0,evasion
0.46689595872742906,1.0,209359,flipped,xgb,path_strip,3.0,evasion
0.39696188019489825,1.0,201156,flipped,xgb,path_strip,3.0,evasion
0.0834049871023216,0.6666666666666666,92940,flipped,xgb,path_strip,3.0,evasion
0.3654342218400688,0.6666666666666666,130019,flipped,xgb,path_strip,3.0,evasion
0.27543708799082833,1.0,42944,flipped,xgb,path_strip,3.0,evasion
0.3000859845227859,0.6666666666666666,63581,flipped,xgb,path_strip,3.0,evasion
0.32186873029521357,0.42857142857142855,131441,flipped,xgb,path_strip,3.0,evasion
0.40957294353683005,1.0,103190,flipped,xgb,path_strip,3.0,evasion
0.3436514760676412,1.0,73650,flipped,xgb,path_strip,3.0,evasion
0.4978503869303526,1.0,210516,flipped,xgb,path_strip,3.0,evasion
0.4221840068787618,1.0,134624,flipped,xgb,path_strip,3.0,evasion
0.3132702780166237,0.6666666666666666,194427,flipped,xgb,path_strip,3.0,evasion
0.471481799942677,1.0,43679,flipped,xgb,path_strip,3.0,evasion
0.4439667526511895,1.0,12661,flipped,xgb,path_strip,3.0,evasion
0.46804241903124105,1.0,117190,flipped,xgb,path_strip,3.0,evasion
0.4760676411579249,1.0,198974,flipped,xgb,path_strip,3.0,evasion
0.5133276010318143,0.6666666666666666,118926,flipped,xgb,path_strip,3.0,evasion
-0.11951848667239898,0.42857142857142855,94965,flipped,xgb,path_strip,3.0,evasion
0.532817426196618,1.0,35887,flipped,xgb,path_strip,3.0,evasion
0.353396388650043,1.0,134978,flipped,xgb,path_strip,3.0,evasion
0.2765835482946403,0.6666666666666666,79376,flipped,xgb,path_strip,3.0,evasion
-0.012897678417884782,0.6666666666666666,160034,flipped,xgb,path_strip,3.0,evasion
0.5500143307537977,1.0,212593,flipped,xgb,path_strip,3.0,evasion
0.5098882201203784,1.0,109362,flipped,xgb,path_strip,3.0,evasion
0.42906276870163373,0.6666666666666666,91126,flipped,xgb,path_strip,3.0,evasion
0.5775293780452853,0.6666666666666666,64812,flipped,xgb,path_strip,3.0,evasion
0.48122671252507887,1.0,118742,flipped,xgb,path_strip,3.0,evasion
0.11607910576096303,0.42857142857142855,171839,flipped,xgb,path_strip,3.0,evasion
0.44167383204356553,0.6666666666666666,194181,flipped,xgb,path_strip,3.0,evasion
0.45543135568930926,1.0,43379,flipped,xgb,path_strip,3.0,evasion
0.43536830037259966,0.6666666666666666,103789,flipped,xgb,path_strip,3.0,evasion
0.3207222699914016,1.0,167818,flipped,xgb,path_strip,3.0,evasion
0.4777873316136429,1.0,38808,flipped,xgb,path_strip,3.0,evasion
0.3069647463456578,0.6666666666666666,133272,flipped,xgb,path_strip,3.0,evasion
0.5580395528804815,1.0,122662,flipped,xgb,path_strip,3.0,evasion
0.3172828890799656,0.6666666666666666,116522,flipped,xgb,path_strip,3.0,evasion
0.1126397248495271,0.42857142857142855,223609,flipped,xgb,path_strip,3.0,evasion
-0.012324448265978791,0.6666666666666666,138061,flipped,xgb,path_strip,3.0,evasion
0.07136715391229578,0.42857142857142855,40724,flipped,xgb,path_strip,3.0,evasion
0.3895098882201204,1.0,190618,flipped,xgb,path_strip,3.0,evasion
0.5477214101461737,1.0,54371,flipped,xgb,path_strip,3.0,evasion
0.45256520492977936,0.6666666666666666,67987,flipped,xgb,path_strip,3.0,evasion
0.5374032674118658,1.0,24225,flipped,xgb,path_strip,3.0,evasion
0.47836056176554886,1.0,104340,flipped,xgb,path_strip,3.0,evasion
0.2765835482946403,0.6666666666666666,121367,flipped,xgb,path_strip,3.0,evasion
0.08455144740613357,0.42857142857142855,6541,flipped,xgb,path_strip,3.0,evasion
0.4915448552593867,1.0,17778,flipped,xgb,path_strip,3.0,evasion
0.19747778733161364,0.6666666666666666,225454,flipped,xgb,path_strip,3.0,evasion
0.5202063628546861,1.0,47018,flipped,xgb,path_strip,3.0,evasion
0.38549727715677845,0.42857142857142855,215276,flipped,xgb,path_strip,3.0,evasion
0.23244482659787907,0.6666666666666666,157081,flipped,xgb,path_strip,3.0,evasion
0.17798796216681,0.6666666666666666,6696,flipped,xgb,path_strip,3.0,evasion
0.4588707366007452,0.6666666666666666,54865,flipped,xgb,path_strip,3.0,evasion
0.18543995414158784,0.6666666666666666,96015,flipped,xgb,path_strip,3.0,evasion
-0.003152765835482947,0.42857142857142855,183961,flipped,xgb,path_strip,3.0,evasion
0.23989681857265693,0.6666666666666666,42023,flipped,xgb,path_strip,3.0,evasion
0.4651762682717111,0.6666666666666666,223807,flipped,xgb,path_strip,3.0,evasion
0.3333333333333333,1.0,26993,flipped,xgb,path_strip,3.0,evasion
0.41014617368873607,1.0,221711,flipped,xgb,path_strip,3.0,evasion
0.3860705073086845,1.0,224186,flipped,xgb,path_strip,3.0,evasion
0.5505875609057037,1.0,70317,flipped,xgb,path_strip,3.0,evasion
0.473774720550301,1.0,41018,flipped,xgb,path_strip,3.0,evasion
0.31441673832043565,1.0,194036,flipped,xgb,path_strip,3.0,evasion
0.5093149899684724,1.0,36439,flipped,xgb,path_strip,3.0,evasion
0.5184866723989683,1.0,202719,flipped,xgb,path_strip,3.0,evasion
0.13728862138148468,0.42857142857142855,199586,flipped,xgb,path_strip,3.0,evasion
0.37632559472628263,0.6666666666666666,127214,flipped,xgb,path_strip,3.0,evasion
0.18543995414158784,0.42857142857142855,65872,flipped,xgb,path_strip,3.0,evasion
-0.13270278016623677,0.6666666666666666,141196,flipped,xgb,path_strip,3.0,evasion
0.4261966179421038,1.0,138000,flipped,xgb,path_strip,3.0,evasion
0.40957294353683005,0.6666666666666666,91777,flipped,xgb,path_strip,3.0,evasion
0.4823731728288908,1.0,202944,flipped,xgb,path_strip,3.0,evasion
0.09945543135568931,0.42857142857142855,82260,flipped,xgb,path_strip,3.0,evasion
0.2742906276870164,0.6666666666666666,104876,flipped,xgb,path_strip,3.0,evasion
0.18486672398968187,0.6666666666666666,22402,flipped,xgb,path_strip,3.0,evasion
0.4032674118658641,0.6666666666666666,123442,flipped,xgb,path_strip,3.0,evasion
0.45313843508168533,1.0,108607,flipped,xgb,path_strip,3.0,evasion
0.4233304671825739,1.0,193165,flipped,xgb,path_strip,3.0,evasion
0.26339925480080256,0.6666666666666666,99654,flipped,xgb,path_strip,3.0,evasion
0.5196331327027801,0.6666666666666666,88407,flipped,xgb,path_strip,3.0,evasion
0.5098882201203784,0.42857142857142855,141828,flipped,xgb,path_strip,3.0,evasion
0.2811693895098882,0.6666666666666666,226199,flipped,xgb,path_strip,3.0,evasion
0.25136142161077674,1.0,57372,flipped,xgb,path_strip,3.0,evasion
0.3591286901691029,1.0,187081,flipped,xgb,path_strip,3.0,evasion
0.5098882201203784,0.6666666666666666,65059,flipped,xgb,path_strip,3.0,evasion
0.46918887933505304,1.0,184808,flipped,xgb,path_strip,3.0,evasion
0.6107767268558326,0.6666666666666666,91360,flipped,xgb,path_strip,3.0,evasion
0.5339638865004299,1.0,207051,flipped,xgb,path_strip,3.0,evasion
0.27773000859845226,0.6666666666666666,213075,flipped,xgb,path_strip,3.0,evasion
0.021496130696474637,0.42857142857142855,136842,flipped,xgb,path_strip,3.0,evasion
0.468615649183147,1.0,102566,flipped,xgb,path_strip,3.0,evasion
0.28919461163657206,0.42857142857142855,144477,flipped,xgb,path_strip,3.0,evasion
-0.11951848667239898,0.42857142857142855,121185,flipped,xgb,path_strip,3.0,evasion
0.4330753797649757,1.0,8857,flipped,xgb,path_strip,3.0,evasion
0.43536830037259966,0.6666666666666666,81521,flipped,xgb,path_strip,3.0,evasion
0.4428202923473775,0.6666666666666666,188194,flipped,xgb,path_strip,3.0,evasion
0.5259386643737461,0.6666666666666666,204465,flipped,xgb,path_strip,3.0,evasion
0.4072800229292061,1.0,201430,flipped,xgb,path_strip,3.0,evasion
0.21639438234451133,0.42857142857142855,141982,flipped,xgb,path_strip,3.0,evasion
0.4181713958154199,1.0,59244,flipped,xgb,path_strip,3.0,evasion
0.5161937517913443,0.6666666666666666,79670,flipped,xgb,path_strip,3.0,evasion
0.4261966179421038,1.0,128128,flipped,xgb,path_strip,3.0,evasion
0.5053023789051304,0.6666666666666666,151192,flipped,xgb,path_strip,3.0,evasion
0.32817426196617944,0.6666666666666666,129191,flipped,xgb,path_strip,3.0,evasion
0.5184866723989683,1.0,135281,flipped,xgb,path_strip,3.0,evasion
0.5695041559186014,0.6666666666666666,193515,flipped,xgb,path_strip,3.0,evasion
0.21180854112926342,0.42857142857142855,108943,flipped,xgb,path_strip,3.0,evasion
0.2192605331040413,0.6666666666666666,44854,flipped,xgb,path_strip,3.0,evasion
0.20263685869876755,0.42857142857142855,107671,flipped,xgb,path_strip,3.0,evasion
0.40269418171395815,0.6666666666666666,213222,flipped,xgb,path_strip,3.0,evasion
0.5047291487532244,1.0,188344,flipped,xgb,path_strip,3.0,evasion
0.4542848953854973,0.6666666666666666,39527,flipped,xgb,path_strip,3.0,evasion
0.28632846087704217,0.42857142857142855,128016,flipped,xgb,path_strip,3.0,evasion
0.530524505588994,0.6666666666666666,234559,flipped,xgb,path_strip,3.0,evasion
0.5116079105760963,1.0,218401,flipped,xgb,path_strip,3.0,evasion
-0.0650616222413299,0.6666666666666666,66477,flipped,xgb,path_strip,3.0,evasion
0.14474061335626254,0.42857142857142855,64841,flipped,xgb,path_strip,3.0,evasion
0.49613069647463465,1.0,81428,flipped,xgb,path_strip,3.0,evasion
0.24505588993981084,1.0,220672,flipped,xgb,path_strip,3.0,evasion
0.5213528231584982,0.6666666666666666,183348,flipped,xgb,path_strip,3.0,evasion
-0.1069074233304672,0.42857142857142855,21443,flipped,xgb,path_strip,3.0,evasion
0.4628833476640872,0.6666666666666666,210890,flipped,xgb,path_strip,3.0,evasion
-0.04557179707652623,0.25,141991,flipped,xgb,path_strip,3.0,evasion
0.05818286041845802,0.42857142857142855,189416,flipped,xgb,path_strip,3.0,evasion
0.16308397821725423,1.0,112406,flipped,xgb,path_strip,3.0,evasion
0.4428202923473775,1.0,204262,flipped,xgb,path_strip,3.0,evasion
0.3241616509028375,0.6666666666666666,131464,flipped,xgb,path_strip,3.0,evasion
-0.1648036686729722,0.42857142857142855,40801,flipped,xgb,path_strip,3.0,evasion
0.43192891946116363,1.0,139264,flipped,xgb,path_strip,3.0,evasion
0.4032674118658641,1.0,166837,flipped,xgb,path_strip,3.0,evasion
0.4537116652335913,0.6666666666666666,108413,flipped,xgb,path_strip,3.0,evasion
0.4869590140441387,0.6666666666666666,198334,flipped,xgb,path_strip,3.0,evasion
0.14531384350816853,0.42857142857142855,110293,flipped,xgb,path_strip,3.0,evasion
0.5511607910576096,1.0,110316,flipped,xgb,path_strip,3.0,evasion
0.5557466322728576,1.0,223282,flipped,xgb,path_strip,3.0,evasion
0.2765835482946403,1.0,112194,flipped,xgb,path_strip,3.0,evasion
0.33161364287761536,1.0,142352,flipped,xgb,path_strip,3.0,evasion
0.42103754657494985,0.6666666666666666,98348,flipped,xgb,path_strip,3.0,evasion
0.41759816566351393,1.0,42878,flipped,xgb,path_strip,3.0,evasion
0.3837775867010605,1.0,91285,flipped,xgb,path_strip,3.0,evasion
0.35683576956147894,0.6666666666666666,109142,flipped,xgb,path_strip,3.0,evasion
0.3384924047004873,0.6666666666666666,47289,flipped,xgb,path_strip,3.0,evasion
0.26339925480080256,0.6666666666666666,66492,flipped,xgb,path_strip,3.0,evasion
0.411292633992548,1.0,99504,flipped,xgb,path_strip,3.0,evasion
0.5253654342218401,1.0,97008,flipped,xgb,path_strip,3.0,evasion
0.3069647463456578,0.6666666666666666,75587,flipped,xgb,path_strip,3.0,evasion
0.05818286041845802,0.6666666666666666,51161,flipped,xgb,path_strip,3.0,evasion
0.06907423330467183,0.25,14390,non_flipped,xgb,path_strip,3.0,evasion
0.6004585841215249,0.42857142857142855,97708,non_flipped,xgb,path_strip,3.0,evasion
0.5098882201203784,0.6666666666666666,173387,non_flipped,xgb,path_strip,3.0,evasion
0.08512467755803955,0.42857142857142855,25933,non_flipped,xgb,path_strip,3.0,evasion
0.45543135568930926,0.6666666666666666,171299,non_flipped,xgb,path_strip,3.0,evasion
0.40842648323301806,0.42857142857142855,62018,non_flipped,xgb,path_strip,3.0,evasion
0.6056176554886786,0.6666666666666666,171333,non_flipped,xgb,path_strip,3.0,evasion
0.08684436801375753,0.6666666666666666,160899,non_flipped,xgb,path_strip,3.0,evasion
0.4261966179421038,0.6666666666666666,214292,non_flipped,xgb,path_strip,3.0,evasion
0.3367727142447693,0.42857142857142855,77352,non_flipped,xgb,path_strip,3.0,evasion
0.42791630839782174,0.6666666666666666,139319,non_flipped,xgb,path_strip,3.0,evasion
0.46976210948695907,0.42857142857142855,101047,non_flipped,xgb,path_strip,3.0,evasion
0.45543135568930926,0.6666666666666666,167657,non_flipped,xgb,path_strip,3.0,evasion
0.30983089710518774,0.6666666666666666,168681,non_flipped,xgb,path_strip,3.0,evasion
0.42103754657494985,0.42857142857142855,201866,non_flipped,xgb,path_strip,3.0,evasion
0.17626827171109202,0.25,150738,non_flipped,xgb,path_strip,3.0,evasion
0.47090856979077106,1.0,187392,non_flipped,xgb,path_strip,3.0,evasion
0.35110346804241904,0.42857142857142855,193218,non_flipped,xgb,path_strip,3.0,evasion
0.5586127830323875,0.42857142857142855,42884,non_flipped,xgb,path_strip,3.0,evasion
0.5075952995127545,0.6666666666666666,5304,non_flipped,xgb,path_strip,3.0,evasion
0.5431355689309258,0.6666666666666666,31620,non_flipped,xgb,path_strip,3.0,evasion
0.5660647750071653,0.6666666666666666,132140,non_flipped,xgb,path_strip,3.0,evasion
0.2593866437374606,0.42857142857142855,85081,non_flipped,xgb,path_strip,3.0,evasion
0.08512467755803955,0.42857142857142855,216697,non_flipped,xgb,path_strip,3.0,evasion
0.6113499570077388,0.6666666666666666,165896,non_flipped,xgb,path_strip,3.0,evasion
0.12754370879908283,0.42857142857142855,52861,non_flipped,xgb,path_strip,3.0,evasion
0.4594439667526512,0.6666666666666666,54963,non_flipped,xgb,path_strip,3.0,evasion
0.49326454571510464,0.42857142857142855,102315,non_flipped,xgb,path_strip,3.0,evasion
0.5104614502722843,0.42857142857142855,58734,non_flipped,xgb,path_strip,3.0,evasion
0.3998280309544282,0.6666666666666666,154825,non_flipped,xgb,path_strip,3.0,evasion
0.30639151619375177,0.42857142857142855,171388,non_flipped,xgb,path_strip,3.0,evasion
0.4089997133849241,1.0,818,non_flipped,xgb,path_strip,3.0,evasion
0.6084838062482086,0.6666666666666666,41334,non_flipped,xgb,path_strip,3.0,evasion
0.4565778159931213,0.42857142857142855,33611,non_flipped,xgb,path_strip,3.0,evasion
0.5517340212095156,0.42857142857142855,150441,non_flipped,xgb,path_strip,3.0,evasion
0.4548581255374033,0.42857142857142855,159278,non_flipped,xgb,path_strip,3.0,evasion
0.5012897678417885,0.42857142857142855,108010,non_flipped,xgb,path_strip,3.0,evasion
0.17626827171109202,0.25,152759,non_flipped,xgb,path_strip,3.0,evasion
0.18028088277443394,0.6666666666666666,81292,non_flipped,xgb,path_strip,3.0,evasion
0.37632559472628263,0.42857142857142855,61252,non_flipped,xgb,path_strip,3.0,evasion
0.5723703066781314,0.6666666666666666,80996,non_flipped,xgb,path_strip,3.0,evasion
0.5505875609057037,0.42857142857142855,53784,non_flipped,xgb,path_strip,3.0,evasion
0.4795070220693609,0.42857142857142855,69661,non_flipped,xgb,path_strip,3.0,evasion
0.3826311263972485,0.42857142857142855,218835,non_flipped,xgb,path_strip,3.0,evasion
0.23359128690169104,0.6666666666666666,108031,non_flipped,xgb,path_strip,3.0,evasion
0.5586127830323875,0.42857142857142855,213170,non_flipped,xgb,path_strip,3.0,evasion
0.2599598738893666,0.42857142857142855,5603,non_flipped,xgb,path_strip,3.0,evasion
0.5586127830323875,0.42857142857142855,33739,non_flipped,xgb,path_strip,3.0,evasion
0.5190599025508742,0.6666666666666666,201051,non_flipped,xgb,path_strip,3.0,evasion
0.4984236170822585,0.42857142857142855,182412,non_flipped,xgb,path_strip,3.0,evasion
0.4978503869303526,0.42857142857142855,63777,non_flipped,xgb,path_strip,3.0,evasion
0.6102034967039267,1.0,60073,non_flipped,xgb,path_strip,3.0,evasion
0.4938377758670106,0.42857142857142855,114093,non_flipped,xgb,path_strip,3.0,evasion
0.4766408713098309,1.0,187489,non_flipped,xgb,path_strip,3.0,evasion
0.4542848953854973,0.6666666666666666,17861,non_flipped,xgb,path_strip,3.0,evasion
0.2593866437374606,0.6666666666666666,52584,non_flipped,xgb,path_strip,3.0,evasion
0.3786185153339066,0.6666666666666666,57083,non_flipped,xgb,path_strip,3.0,evasion
0.4789337919174549,0.6666666666666666,85001,non_flipped,xgb,path_strip,3.0,evasion
0.6096302665520207,0.25,133898,non_flipped,xgb,path_strip,3.0,evasion
0.32702780166236745,0.42857142857142855,125574,non_flipped,xgb,path_strip,3.0,evasion
0.5202063628546861,1.0,196148,non_flipped,xgb,path_strip,3.0,evasion
0.5494411006018918,0.42857142857142855,111635,non_flipped,xgb,path_strip,3.0,evasion
0.37632559472628263,0.42857142857142855,151647,non_flipped,xgb,path_strip,3.0,evasion
0.4766408713098309,0.6666666666666666,15338,non_flipped,xgb,path_strip,3.0,evasion
0.5270851246775582,0.42857142857142855,116431,non_flipped,xgb,path_strip,3.0,evasion
0.4325021496130697,0.42857142857142855,139533,non_flipped,xgb,path_strip,3.0,evasion
0.5265118945256521,0.42857142857142855,104552,non_flipped,xgb,path_strip,3.0,evasion
0.5494411006018918,0.42857142857142855,171385,non_flipped,xgb,path_strip,3.0,evasion
0.3619948409286329,0.42857142857142855,178640,non_flipped,xgb,path_strip,3.0,evasion
0.5786758383490972,0.42857142857142855,198138,non_flipped,xgb,path_strip,3.0,evasion
0.5179134422470622,0.42857142857142855,108867,non_flipped,xgb,path_strip,3.0,evasion
0.16308397821725423,0.6666666666666666,81719,non_flipped,xgb,path_strip,3.0,evasion
0.5660647750071653,0.6666666666666666,76915,non_flipped,xgb,path_strip,3.0,evasion
0.33906563485239327,0.42857142857142855,17806,non_flipped,xgb,path_strip,3.0,evasion
0.5196331327027801,0.42857142857142855,49313,non_flipped,xgb,path_strip,3.0,evasion
0.09601605044425338,0.42857142857142855,92240,non_flipped,xgb,path_strip,3.0,evasion
0.4479793637145314,0.6666666666666666,224914,non_flipped,xgb,path_strip,3.0,evasion
0.5139008311837203,1.0,985,non_flipped,xgb,path_strip,3.0,evasion
0.45829750644883926,0.42857142857142855,114310,non_flipped,xgb,path_strip,3.0,evasion
0.5075952995127545,0.6666666666666666,149333,non_flipped,xgb,path_strip,3.0,evasion
0.43364860991688164,0.42857142857142855,232662,non_flipped,xgb,path_strip,3.0,evasion
0.5127543708799084,0.6666666666666666,68539,non_flipped,xgb,path_strip,3.0,evasion
0.5471481799942677,0.42857142857142855,53496,non_flipped,xgb,path_strip,3.0,evasion
0.4370879908283176,0.42857142857142855,196417,non_flipped,xgb,path_strip,3.0,evasion
0.6388650042992262,0.42857142857142855,178742,non_flipped,xgb,path_strip,3.0,evasion
0.4967039266265405,0.6666666666666666,72156,non_flipped,xgb,path_strip,3.0,evasion
0.5265118945256521,0.42857142857142855,142736,non_flipped,xgb,path_strip,3.0,evasion
0.5425623387790198,0.25,143658,non_flipped,xgb,path_strip,3.0,evasion
0.5586127830323875,0.6666666666666666,40067,non_flipped,xgb,path_strip,3.0,evasion
0.3212955001433076,0.1111111111111111,25636,non_flipped,xgb,path_strip,3.0,evasion
0.41358555460017205,0.42857142857142855,149866,non_flipped,xgb,path_strip,3.0,evasion
0.528804815133276,0.42857142857142855,79391,non_flipped,xgb,path_strip,3.0,evasion
0.5081685296646603,1.0,139535,non_flipped,xgb,path_strip,3.0,evasion
0.4485525938664374,0.6666666666666666,64282,non_flipped,xgb,path_strip,3.0,evasion
0.5219260533104042,0.6666666666666666,1755,non_flipped,xgb,path_strip,3.0,evasion
0.25136142161077674,0.6666666666666666,94855,non_flipped,xgb,path_strip,3.0,evasion
0.4456864431069074,0.42857142857142855,100273,non_flipped,xgb,path_strip,3.0,evasion
0.6073373459443967,0.6666666666666666,206142,non_flipped,xgb,path_strip,3.0,evasion
0.6256807108053885,0.42857142857142855,170929,non_flipped,xgb,path_strip,3.0,evasion
0.04442533677271425,0.25,143151,non_flipped,xgb,path_strip,3.0,evasion
0.6084838062482086,0.6666666666666666,113175,non_flipped,xgb,path_strip,3.0,evasion
0.3918028088277443,0.25,225907,non_flipped,xgb,path_strip,3.0,evasion
0.5505875609057037,0.6666666666666666,145681,non_flipped,xgb,path_strip,3.0,evasion
0.5437087990828318,0.6666666666666666,162342,non_flipped,xgb,path_strip,3.0,evasion
0.4984236170822585,0.42857142857142855,18032,non_flipped,xgb,path_strip,3.0,evasion
0.5035826884494125,0.6666666666666666,196211,non_flipped,xgb,path_strip,3.0,evasion
0.4657494984236171,0.42857142857142855,52962,non_flipped,xgb,path_strip,3.0,evasion
0.46001719690455717,0.6666666666666666,53072,non_flipped,xgb,path_strip,3.0,evasion
0.5574663227285757,0.42857142857142855,46832,non_flipped,xgb,path_strip,3.0,evasion
0.4233304671825739,0.42857142857142855,120000,non_flipped,xgb,path_strip,3.0,evasion
0.4903983949555747,0.42857142857142855,152727,non_flipped,xgb,path_strip,3.0,evasion
0.4955574663227286,0.42857142857142855,124703,non_flipped,xgb,path_strip,3.0,evasion
0.2846087704213242,0.6666666666666666,119153,non_flipped,xgb,path_strip,3.0,evasion
0.46345657781599314,0.6666666666666666,200958,non_flipped,xgb,path_strip,3.0,evasion
0.3459443966752651,0.6666666666666666,60870,non_flipped,xgb,path_strip,3.0,evasion
0.5414158784752079,0.42857142857142855,42969,non_flipped,xgb,path_strip,3.0,evasion
0.46345657781599314,0.42857142857142855,112278,non_flipped,xgb,path_strip,3.0,evasion
0.3000859845227859,0.42857142857142855,116183,non_flipped,xgb,path_strip,3.0,evasion
0.3000859845227859,0.42857142857142855,41876,non_flipped,xgb,path_strip,3.0,evasion
0.5586127830323875,0.42857142857142855,95333,non_flipped,xgb,path_strip,3.0,evasion
0.6359988535396962,0.42857142857142855,59459,non_flipped,xgb,path_strip,3.0,evasion
0.32817426196617944,0.42857142857142855,24054,non_flipped,xgb,path_strip,3.0,evasion
0.3665806821438808,0.42857142857142855,42652,non_flipped,xgb,path_strip,3.0,evasion
0.3367727142447693,0.42857142857142855,36089,non_flipped,xgb,path_strip,3.0,evasion
0.4548581255374033,1.0,15387,non_flipped,xgb,path_strip,3.0,evasion
0.33447979363714536,0.42857142857142855,2475,non_flipped,xgb,path_strip,3.0,evasion
0.5402694181713958,0.42857142857142855,96232,non_flipped,xgb,path_strip,3.0,evasion
0.48409286328460877,0.42857142857142855,205180,non_flipped,xgb,path_strip,3.0,evasion
0.5763829177414732,0.42857142857142855,74559,non_flipped,xgb,path_strip,3.0,evasion
0.1281169389509888,0.42857142857142855,17278,non_flipped,xgb,path_strip,3.0,evasion
0.6113499570077388,0.6666666666666666,151586,non_flipped,xgb,path_strip,3.0,evasion
0.14588707366007453,0.25,31294,non_flipped,xgb,path_strip,3.0,evasion
0.48065348237317285,0.42857142857142855,160404,non_flipped,xgb,path_strip,3.0,evasion
0.6394382344511321,0.42857142857142855,114405,non_flipped,xgb,path_strip,3.0,evasion
0.533390656348524,0.6666666666666666,190852,non_flipped,xgb,path_strip,3.0,evasion
0.33390656348523934,0.42857142857142855,202630,non_flipped,xgb,path_strip,3.0,evasion
0.5482946402980796,0.6666666666666666,127786,non_flipped,xgb,path_strip,3.0,evasion
0.08512467755803955,0.42857142857142855,77330,non_flipped,xgb,path_strip,3.0,evasion
0.5563198624247636,0.25,119165,non_flipped,xgb,path_strip,3.0,evasion
0.5230725136142161,1.0,160668,non_flipped,xgb,path_strip,3.0,evasion
0.5511607910576096,0.42857142857142855,5455,non_flipped,xgb,path_strip,3.0,evasion
0.16595012897678418,0.25,145255,non_flipped,xgb,path_strip,3.0,evasion
0.5586127830323875,0.25,10641,non_flipped,xgb,path_strip,3.0,evasion
0.1590713671539123,0.42857142857142855,206970,non_flipped,xgb,path_strip,3.0,evasion
0.4571510461450272,0.42857142857142855,81708,non_flipped,xgb,path_strip,3.0,evasion
0.5219260533104042,0.6666666666666666,162445,non_flipped,xgb,path_strip,3.0,evasion
0.5219260533104042,0.6666666666666666,38762,non_flipped,xgb,path_strip,3.0,evasion
0.46804241903124105,1.0,109290,non_flipped,xgb,path_strip,3.0,evasion
0.6107767268558326,0.6666666666666666,131945,non_flipped,xgb,path_strip,3.0,evasion
0.48925193465176275,0.6666666666666666,93095,non_flipped,xgb,path_strip,3.0,evasion
0.640011464603038,0.42857142857142855,229990,non_flipped,xgb,path_strip,3.0,evasion
0.5224992834623102,0.6666666666666666,76358,non_flipped,xgb,path_strip,3.0,evasion
0.415878475207796,0.42857142857142855,82781,non_flipped,xgb,path_strip,3.0,evasion
0.24390942963599885,0.6666666666666666,80961,non_flipped,xgb,path_strip,3.0,evasion
0.533390656348524,0.42857142857142855,74437,non_flipped,xgb,path_strip,3.0,evasion
0.295500143307538,0.42857142857142855,187407,non_flipped,xgb,path_strip,3.0,evasion
0.24964173115505878,0.42857142857142855,64927,non_flipped,xgb,path_strip,3.0,evasion
0.48179994267698484,0.6666666666666666,10692,non_flipped,xgb,path_strip,3.0,evasion
0.3975351103468043,0.42857142857142855,222331,non_flipped,xgb,path_strip,3.0,evasion
0.39925480080252224,0.42857142857142855,93974,non_flipped,xgb,path_strip,3.0,evasion
0.5918601318429351,0.6666666666666666,205087,non_flipped,xgb,path_strip,3.0,evasion
0.5219260533104042,0.42857142857142855,210693,non_flipped,xgb,path_strip,3.0,evasion
0.32358842075093147,0.6666666666666666,21020,non_flipped,xgb,path_strip,3.0,evasion
0.4296359988535397,0.6666666666666666,36582,non_flipped,xgb,path_strip,3.0,evasion
0.4938377758670106,0.42857142857142855,138292,non_flipped,xgb,path_strip,3.0,evasion
0.5586127830323875,0.42857142857142855,216487,non_flipped,xgb,path_strip,3.0,evasion
0.2553740326741187,0.6666666666666666,40553,non_flipped,xgb,path_strip,3.0,evasion
0.5224992834623102,0.6666666666666666,179261,non_flipped,xgb,path_strip,3.0,evasion
0.5460017196904557,0.6666666666666666,225035,non_flipped,xgb,path_strip,3.0,evasion
0.4903983949555747,0.6666666666666666,212302,non_flipped,xgb,path_strip,3.0,evasion
0.5425623387790198,0.42857142857142855,199282,non_flipped,xgb,path_strip,3.0,evasion
0.41645170535970194,0.6666666666666666,2195,non_flipped,xgb,path_strip,3.0,evasion
0.5098882201203784,1.0,228667,non_flipped,xgb,path_strip,3.0,evasion
0.4881054743479507,0.42857142857142855,205848,non_flipped,xgb,path_strip,3.0,evasion
0.08225852679850962,0.25,96903,non_flipped,xgb,path_strip,3.0,evasion
0.411292633992548,0.6666666666666666,137202,non_flipped,xgb,path_strip,3.0,evasion
0.2788764689022643,0.42857142857142855,154504,non_flipped,xgb,path_strip,3.0,evasion
0.595299512754371,0.6666666666666666,219437,non_flipped,xgb,path_strip,3.0,evasion
0.4565778159931213,0.6666666666666666,65671,non_flipped,xgb,path_strip,3.0,evasion
0.533390656348524,0.6666666666666666,77098,non_flipped,xgb,path_strip,3.0,evasion
0.5190599025508742,0.42857142857142855,234223,non_flipped,xgb,path_strip,3.0,evasion
0.5259386643737461,0.42857142857142855,116366,non_flipped,xgb,path_strip,3.0,evasion
0.4273430782459158,0.42857142857142855,207253,non_flipped,xgb,path_strip,3.0,evasion
0.6090570364001147,0.42857142857142855,146644,non_flipped,xgb,path_strip,3.0,evasion
0.3872169676124964,0.6666666666666666,233399,non_flipped,xgb,path_strip,3.0,evasion
0.5666380051590714,0.6666666666666666,222403,non_flipped,xgb,path_strip,3.0,evasion
0.19862424763542563,0.42857142857142855,161358,non_flipped,xgb,path_strip,3.0,evasion
0.46345657781599314,0.6666666666666666,25010,non_flipped,xgb,path_strip,3.0,evasion
0.39868157065061627,0.42857142857142855,231903,non_flipped,xgb,path_strip,3.0,evasion
0.48925193465176275,0.6666666666666666,27812,non_flipped,xgb,path_strip,3.0,evasion
0.52823158498137,0.6666666666666666,196996,non_flipped,xgb,path_strip,3.0,evasion
0.5253654342218401,0.42857142857142855,18004,non_flipped,xgb,path_strip,3.0,evasion
0.5339638865004299,0.42857142857142855,188782,non_flipped,xgb,path_strip,3.0,evasion
0.4445399828030955,0.6666666666666666,178343,non_flipped,xgb,path_strip,3.0,evasion
0.48753224419604474,0.6666666666666666,59872,non_flipped,xgb,path_strip,3.0,evasion
0.5672112353109774,0.6666666666666666,220957,non_flipped,xgb,path_strip,3.0,evasion
0.2914875322441961,1.0,6814,non_flipped,xgb,path_strip,3.0,evasion
0.34250501576382925,1.0,109338,non_flipped,xgb,path_strip,3.0,evasion
0.5156205216394382,0.42857142857142855,42820,non_flipped,xgb,path_strip,3.0,evasion
0.3940957294353683,0.42857142857142855,74192,non_flipped,xgb,path_strip,3.0,evasion
0.6107767268558326,0.6666666666666666,148161,non_flipped,xgb,path_strip,3.0,evasion
0.30581828604184585,0.42857142857142855,8683,non_flipped,xgb,path_strip,3.0,evasion
0.5723703066781314,0.6666666666666666,86440,non_flipped,xgb,path_strip,3.0,evasion
0.3958154198910863,0.6666666666666666,75213,non_flipped,xgb,path_strip,3.0,evasion
0.5700773860705074,0.6666666666666666,162473,non_flipped,xgb,path_strip,3.0,evasion
0.5517340212095156,0.42857142857142855,57446,non_flipped,xgb,path_strip,3.0,evasion
0.41358555460017205,0.42857142857142855,122333,non_flipped,xgb,path_strip,3.0,evasion
0.4359415305245056,0.6666666666666666,101399,non_flipped,xgb,path_strip,3.0,evasion
0.24218973918028092,0.42857142857142855,162648,non_flipped,xgb,path_strip,3.0,evasion
0.08512467755803955,0.42857142857142855,82379,non_flipped,xgb,path_strip,3.0,evasion
0.15505875609057035,0.6666666666666666,106248,non_flipped,xgb,path_strip,3.0,evasion
0.4926913155631987,0.42857142857142855,228428,non_flipped,xgb,path_strip,3.0,evasion
0.36772714244769283,0.6666666666666666,159235,non_flipped,xgb,path_strip,3.0,evasion
0.47205503009458305,0.6666666666666666,164051,non_flipped,xgb,path_strip,3.0,evasion
0.31097735740899973,0.42857142857142855,20338,non_flipped,xgb,path_strip,3.0,evasion
0.42103754657494985,0.42857142857142855,119933,non_flipped,xgb,path_strip,3.0,evasion
0.40613356262539413,0.6666666666666666,179337,non_flipped,xgb,path_strip,3.0,evasion
0.5167669819432502,0.42857142857142855,221938,non_flipped,xgb,path_strip,3.0,evasion
0.6107767268558326,0.6666666666666666,57383,non_flipped,xgb,path_strip,3.0,evasion
0.5505875609057037,0.42857142857142855,194951,non_flipped,xgb,path_strip,3.0,evasion
0.4021209515620522,0.6666666666666666,40606,non_flipped,xgb,path_strip,3.0,evasion
0.48753224419604474,0.6666666666666666,43227,non_flipped,xgb,path_strip,3.0,evasion
0.015190599025508743,0.25,229706,non_flipped,xgb,path_strip,3.0,evasion
0.5110346804241904,0.6666666666666666,10190,non_flipped,xgb,path_strip,3.0,evasion
0.5093149899684724,0.6666666666666666,4474,non_flipped,xgb,path_strip,3.0,evasion
0.5586127830323875,0.42857142857142855,64348,non_flipped,xgb,path_strip,3.0,evasion
0.4388076812840356,0.6666666666666666,73345,non_flipped,xgb,path_strip,3.0,evasion
0.5563198624247636,0.6666666666666666,84135,non_flipped,xgb,path_strip,3.0,evasion
0.4439667526511895,0.42857142857142855,157632,non_flipped,xgb,path_strip,3.0,evasion
0.6411579249068501,1.0,232425,non_flipped,xgb,path_strip,3.0,evasion
0.6107767268558326,0.6666666666666666,204427,non_flipped,xgb,path_strip,3.0,evasion
0.38435081685296646,0.42857142857142855,118984,non_flipped,xgb,path_strip,3.0,evasion
0.5586127830323875,0.42857142857142855,169157,non_flipped,xgb,path_strip,3.0,evasion
-0.042705646316996276,0.42857142857142855,153448,non_flipped,xgb,path_strip,3.0,evasion
0.34537116652335914,0.6666666666666666,208827,non_flipped,xgb,path_strip,3.0,evasion
0.36830037259959875,0.25,165901,non_flipped,xgb,path_strip,3.0,evasion
0.45543135568930926,0.42857142857142855,145584,non_flipped,xgb,path_strip,3.0,evasion
0.6107767268558326,0.6666666666666666,112482,non_flipped,xgb,path_strip,3.0,evasion
0.4852393235884208,0.42857142857142855,135810,non_flipped,xgb,path_strip,3.0,evasion
0.5918601318429351,0.6666666666666666,85349,non_flipped,xgb,path_strip,3.0,evasion
0.49326454571510464,0.6666666666666666,201225,non_flipped,xgb,path_strip,3.0,evasion
0.4949842361708226,1.0,48005,non_flipped,xgb,path_strip,3.0,evasion
0.5614789337919176,0.6666666666666666,134188,non_flipped,xgb,path_strip,3.0,evasion
0.5500143307537977,0.42857142857142855,30535,non_flipped,xgb,path_strip,3.0,evasion
0.5116079105760963,0.6666666666666666,53175,non_flipped,xgb,path_strip,3.0,evasion
0.4777873316136429,0.6666666666666666,92981,non_flipped,xgb,path_strip,3.0,evasion
0.41014617368873607,0.42857142857142855,179569,non_flipped,xgb,path_strip,3.0,evasion
0.5586127830323875,0.42857142857142855,113163,non_flipped,xgb,path_strip,3.0,evasion
0.47205503009458305,1.0,163988,non_flipped,xgb,path_strip,3.0,evasion
0.40957294353683005,0.42857142857142855,39701,non_flipped,xgb,path_strip,3.0,evasion
0.14072800229292062,0.42857142857142855,175374,non_flipped,xgb,path_strip,3.0,evasion
0.472628260246489,0.6666666666666666,198335,non_flipped,xgb,path_strip,3.0,evasion
0.5351103468042419,0.6666666666666666,74213,non_flipped,xgb,path_strip,3.0,evasion
0.16193751791344224,0.25,9896,non_flipped,xgb,path_strip,3.0,evasion
0.41301232444826597,0.6666666666666666,151590,non_flipped,xgb,path_strip,3.0,evasion
0.4376612209802236,0.42857142857142855,52382,non_flipped,xgb,path_strip,3.0,evasion
0.4617368873602752,0.25,64793,non_flipped,xgb,path_strip,3.0,evasion
0.3998280309544282,0.42857142857142855,100378,non_flipped,xgb,path_strip,3.0,evasion
0.5568930925766695,0.6666666666666666,143551,non_flipped,xgb,path_strip,3.0,evasion
0.4967039266265405,0.42857142857142855,40792,non_flipped,xgb,path_strip,3.0,evasion
0.46402980796789917,1.0,191362,non_flipped,xgb,path_strip,3.0,evasion
0.5161937517913443,0.42857142857142855,46192,non_flipped,xgb,path_strip,3.0,evasion
0.39868157065061627,0.6666666666666666,228417,non_flipped,xgb,path_strip,3.0,evasion
0.48294640298079683,1.0,211426,non_flipped,xgb,path_strip,3.0,evasion
0.5654915448552594,0.6666666666666666,152680,non_flipped,xgb,path_strip,3.0,evasion
0.4978503869303526,0.42857142857142855,69487,non_flipped,xgb,path_strip,3.0,evasion
0.4021209515620522,0.6666666666666666,136137,non_flipped,xgb,path_strip,3.0,evasion
0.41645170535970194,0.42857142857142855,159952,non_flipped,xgb,path_strip,3.0,evasion
0.52823158498137,0.6666666666666666,226367,non_flipped,xgb,path_strip,3.0,evasion
0.2731441673832044,0.42857142857142855,225076,non_flipped,xgb,path_strip,3.0,evasion
0.5700773860705074,0.25,159072,non_flipped,xgb,path_strip,3.0,evasion
0.4915448552593867,0.6666666666666666,21386,non_flipped,xgb,path_strip,3.0,evasion
0.5500143307537977,0.42857142857142855,15807,non_flipped,xgb,path_strip,3.0,evasion
0.17684150186299802,0.6666666666666666,194048,non_flipped,xgb,path_strip,3.0,evasion
0.6102034967039267,0.42857142857142855,213760,non_flipped,xgb,path_strip,3.0,evasion
0.6033247348810548,0.42857142857142855,60533,non_flipped,xgb,path_strip,3.0,evasion
0.4193178561192319,0.42857142857142855,134996,non_flipped,xgb,path_strip,3.0,evasion
0.5087417598165663,0.6666666666666666,14233,non_flipped,xgb,path_strip,3.0,evasion
0.4594439667526512,0.6666666666666666,69117,non_flipped,xgb,path_strip,3.0,evasion
0.38435081685296646,0.6666666666666666,117394,non_flipped,xgb,path_strip,3.0,evasion
0.6073373459443967,0.42857142857142855,194479,non_flipped,xgb,path_strip,3.0,evasion
0.6033247348810548,0.6666666666666666,156941,non_flipped,xgb,path_strip,3.0,evasion
0.17626827171109202,0.25,133789,non_flipped,xgb,path_strip,3.0,evasion
0.014617368873602753,0.42857142857142855,185704,non_flipped,xgb,path_strip,3.0,evasion
0.6096302665520207,0.6666666666666666,165277,non_flipped,xgb,path_strip,3.0,evasion
0.4800802522212669,0.42857142857142855,166946,non_flipped,xgb,path_strip,3.0,evasion
0.47205503009458305,1.0,148587,non_flipped,xgb,path_strip,3.0,evasion
0.35167669819432507,0.6666666666666666,152718,non_flipped,xgb,path_strip,3.0,evasion
0.5511607910576096,0.6666666666666666,144317,non_flipped,xgb,path_strip,3.0,evasion
0.5270851246775582,0.6666666666666666,173664,non_flipped,xgb,path_strip,3.0,evasion
0.5253654342218401,0.42857142857142855,195127,non_flipped,xgb,path_strip,3.0,evasion
0.4537116652335913,0.6666666666666666,32427,non_flipped,xgb,path_strip,3.0,evasion
0.49211808541129265,0.6666666666666666,96755,non_flipped,xgb,path_strip,3.0,evasion
0.4766408713098309,0.42857142857142855,43234,non_flipped,xgb,path_strip,3.0,evasion
0.4594439667526512,0.6666666666666666,44725,non_flipped,xgb,path_strip,3.0,evasion
0.21123531097735743,0.6666666666666666,72640,non_flipped,xgb,path_strip,3.0,evasion
0.5517340212095156,0.42857142857142855,220509,non_flipped,xgb,path_strip,3.0,evasion
0.5666380051590714,0.42857142857142855,218380,non_flipped,xgb,path_strip,3.0,evasion
0.3906563485239324,0.6666666666666666,213487,non_flipped,xgb,path_strip,3.0,evasion
0.4273430782459158,0.42857142857142855,33939,non_flipped,xgb,path_strip,3.0,evasion
0.6038979650329608,0.6666666666666666,195820,non_flipped,xgb,path_strip,3.0,evasion
0.46689595872742906,0.6666666666666666,165769,non_flipped,xgb,path_strip,3.0,evasion
0.4800802522212669,0.42857142857142855,75548,non_flipped,xgb,path_strip,3.0,evasion
0.15620521639438234,0.42857142857142855,95832,non_flipped,xgb,path_strip,3.0,evasion
0.3665806821438808,0.6666666666666666,130773,non_flipped,xgb,path_strip,3.0,evasion
0.42275723703066787,0.6666666666666666,167120,non_flipped,xgb,path_strip,3.0,evasion
0.5723703066781314,0.6666666666666666,137050,non_flipped,xgb,path_strip,3.0,evasion
0.34823731728288915,0.42857142857142855,59173,non_flipped,xgb,path_strip,3.0,evasion
0.5517340212095156,0.42857142857142855,195476,non_flipped,xgb,path_strip,3.0,evasion
0.5586127830323875,0.42857142857142855,124056,non_flipped,xgb,path_strip,3.0,evasion
0.4978503869303526,1.0,80060,non_flipped,xgb,path_strip,3.0,evasion
0.5104614502722843,0.42857142857142855,130792,non_flipped,xgb,path_strip,3.0,evasion
0.3918028088277443,1.0,110376,non_flipped,xgb,path_strip,3.0,evasion
0.6084838062482086,0.6666666666666666,71767,non_flipped,xgb,path_strip,3.0,evasion
0.4537116652335913,0.6666666666666666,197192,non_flipped,xgb,path_strip,3.0,evasion
0.42103754657494985,0.42857142857142855,63025,non_flipped,xgb,path_strip,3.0,evasion
0.44511321295500145,0.6666666666666666,6745,non_flipped,xgb,path_strip,3.0,evasion
0.18429349383777588,0.6666666666666666,56448,non_flipped,xgb,path_strip,3.0,evasion
0.45772427629693324,0.25,27835,non_flipped,xgb,path_strip,3.0,evasion
0.16079105760963025,0.42857142857142855,99999,non_flipped,xgb,path_strip,3.0,evasion
0.5586127830323875,0.42857142857142855,24603,non_flipped,xgb,path_strip,3.0,evasion
0.5586127830323875,0.42857142857142855,25046,non_flipped,xgb,path_strip,3.0,evasion
0.6067641157924908,0.6666666666666666,52802,non_flipped,xgb,path_strip,3.0,evasion
0.5041559186013185,0.6666666666666666,185583,non_flipped,xgb,path_strip,3.0,evasion
0.25766695328174266,0.6666666666666666,35460,non_flipped,xgb,path_strip,3.0,evasion
0.4181713958154199,0.42857142857142855,28592,non_flipped,xgb,path_strip,3.0,evasion
0.3327601031814274,0.6666666666666666,46383,non_flipped,xgb,path_strip,3.0,evasion
0.4067067927773001,0.25,32229,non_flipped,xgb,path_strip,3.0,evasion
0.5121811407280022,0.42857142857142855,75260,non_flipped,xgb,path_strip,3.0,evasion
0.6079105760963028,0.6666666666666666,105459,non_flipped,xgb,path_strip,3.0,evasion
0.46402980796789917,0.6666666666666666,156908,non_flipped,xgb,path_strip,3.0,evasion
0.4657494984236171,0.42857142857142855,116812,non_flipped,xgb,path_strip,3.0,evasion
0.22155345371166527,0.25,49265,non_flipped,xgb,path_strip,3.0,evasion
0.5161937517913443,0.25,150954,non_flipped,xgb,path_strip,3.0,evasion
0.5001433075379765,0.42857142857142855,28820,non_flipped,xgb,path_strip,3.0,evasion
0.5586127830323875,0.42857142857142855,40624,non_flipped,xgb,path_strip,3.0,evasion
0.5563198624247636,0.6666666666666666,25355,non_flipped,xgb,path_strip,3.0,evasion
0.5098882201203784,1.0,65728,non_flipped,xgb,path_strip,3.0,evasion
0.46976210948695907,0.6666666666666666,11487,non_flipped,xgb,path_strip,3.0,evasion
0.4181713958154199,0.42857142857142855,143577,non_flipped,xgb,path_strip,3.0,evasion
0.5803955288048152,0.42857142857142855,197790,non_flipped,xgb,path_strip,3.0,evasion
0.37632559472628263,0.6666666666666666,142017,non_flipped,xgb,path_strip,3.0,evasion
0.42791630839782174,0.42857142857142855,74672,non_flipped,xgb,path_strip,3.0,evasion
0.6044711951848667,0.6666666666666666,99928,non_flipped,xgb,path_strip,3.0,evasion
0.10404127257093723,0.6666666666666666,119336,non_flipped,xgb,path_strip,3.0,evasion
0.49957007738607057,1.0,136480,non_flipped,xgb,path_strip,3.0,evasion
0.471481799942677,0.42857142857142855,157552,non_flipped,xgb,path_strip,3.0,evasion
0.6079105760963028,0.42857142857142855,46539,non_flipped,xgb,path_strip,3.0,evasion
0.13900831183720266,0.42857142857142855,225681,non_flipped,xgb,path_strip,3.0,evasion
-0.003152765835482947,0.42857142857142855,57937,non_flipped,xgb,path_strip,3.0,evasion
0.5351103468042419,0.6666666666666666,166787,non_flipped,xgb,path_strip,3.0,evasion
0.1940384064201777,0.6666666666666666,222300,non_flipped,xgb,path_strip,3.0,evasion
0.23416451705359703,0.6666666666666666,62718,non_flipped,xgb,path_strip,3.0,evasion
0.5081685296646603,1.0,43182,non_flipped,xgb,path_strip,3.0,evasion
0.5586127830323875,0.42857142857142855,163260,non_flipped,xgb,path_strip,3.0,evasion
0.37575236457437666,0.6666666666666666,177950,non_flipped,xgb,path_strip,3.0,evasion
0.46345657781599314,0.6666666666666666,73562,non_flipped,xgb,path_strip,3.0,evasion
0.5505875609057037,0.42857142857142855,194245,non_flipped,xgb,path_strip,3.0,evasion
0.19289194611636573,0.6666666666666666,147972,non_flipped,xgb,path_strip,3.0,evasion
0.3207222699914016,0.6666666666666666,207216,non_flipped,xgb,path_strip,3.0,evasion
0.4766408713098309,0.42857142857142855,35383,non_flipped,xgb,path_strip,3.0,evasion
-0.10174835196331326,0.25,113652,non_flipped,xgb,path_strip,3.0,evasion
-0.22785898538263116,0.6666666666666666,36719,non_flipped,xgb,path_strip,3.0,evasion
0.5500143307537977,0.6666666666666666,94004,non_flipped,xgb,path_strip,3.0,evasion
0.527658354829464,0.42857142857142855,110700,non_flipped,xgb,path_strip,3.0,evasion
0.5993121238177129,0.42857142857142855,78341,non_flipped,xgb,path_strip,3.0,evasion
0.4972771567784465,0.42857142857142855,78461,non_flipped,xgb,path_strip,3.0,evasion
0.468615649183147,0.6666666666666666,108093,non_flipped,xgb,path_strip,3.0,evasion
0.05818286041845802,0.25,22236,non_flipped,xgb,path_strip,3.0,evasion
0.13958154198910863,0.25,102803,non_flipped,xgb,path_strip,3.0,evasion
0.5975924333619949,0.42857142857142855,220701,non_flipped,xgb,path_strip,3.0,evasion
0.177414732014904,0.42857142857142855,64044,non_flipped,xgb,path_strip,3.0,evasion
0.5672112353109774,0.6666666666666666,27685,non_flipped,xgb,path_strip,3.0,evasion
0.35740899971338497,0.25,192096,non_flipped,xgb,path_strip,3.0,evasion
0.47090856979077106,1.0,142956,non_flipped,xgb,path_strip,3.0,evasion
0.5746632272857553,0.6666666666666666,16979,non_flipped,xgb,path_strip,3.0,evasion
0.41243909429635994,0.6666666666666666,182880,non_flipped,xgb,path_strip,3.0,evasion
0.4881054743479507,0.6666666666666666,47480,non_flipped,xgb,path_strip,3.0,evasion
0.5723703066781314,0.6666666666666666,202259,non_flipped,xgb,path_strip,3.0,evasion
0.5482946402980796,0.42857142857142855,206959,non_flipped,xgb,path_strip,3.0,evasion
0.46345657781599314,0.6666666666666666,206614,non_flipped,xgb,path_strip,3.0,evasion
0.4938377758670106,0.6666666666666666,121983,non_flipped,xgb,path_strip,3.0,evasion
0.236457437661221,0.6666666666666666,199185,non_flipped,xgb,path_strip,3.0,evasion
0.590713671539123,0.42857142857142855,190574,non_flipped,xgb,path_strip,3.0,evasion
0.5637718543995415,0.42857142857142855,144298,non_flipped,xgb,path_strip,3.0,evasion
0.42505015763829185,0.6666666666666666,170778,non_flipped,xgb,path_strip,3.0,evasion
0.47090856979077106,1.0,52035,non_flipped,xgb,path_strip,3.0,evasion
0.4273430782459158,0.6666666666666666,64994,non_flipped,xgb,path_strip,3.0,evasion
0.5729435368300373,0.42857142857142855,189160,non_flipped,xgb,path_strip,3.0,evasion
0.5110346804241904,0.6666666666666666,203646,non_flipped,xgb,path_strip,3.0,evasion
0.5293780452851821,0.6666666666666666,174908,non_flipped,xgb,path_strip,3.0,evasion
0.49957007738607057,1.0,154520,non_flipped,xgb,path_strip,3.0,evasion
0.3654342218400688,0.6666666666666666,158260,non_flipped,xgb,path_strip,3.0,evasion
0.5586127830323875,0.42857142857142855,194051,non_flipped,xgb,path_strip,3.0,evasion
0.3803382057896246,0.6666666666666666,16134,non_flipped,xgb,path_strip,3.0,evasion
0.4967039266265405,0.6666666666666666,187426,non_flipped,xgb,path_strip,3.0,evasion
0.40842648323301806,0.6666666666666666,91874,non_flipped,xgb,path_strip,3.0,evasion
0.4984236170822585,0.42857142857142855,143506,non_flipped,xgb,path_strip,3.0,evasion
0.5586127830323875,0.42857142857142855,220372,non_flipped,xgb,path_strip,3.0,evasion
0.34537116652335914,1.0,51203,non_flipped,xgb,path_strip,3.0,evasion
0.5173402120951562,1.0,116752,non_flipped,xgb,path_strip,3.0,evasion
0.48179994267698484,0.6666666666666666,213662,non_flipped,xgb,path_strip,3.0,evasion
0.5414158784752079,0.6666666666666666,72397,non_flipped,xgb,path_strip,3.0,evasion
0.5706506162224133,0.6666666666666666,23378,non_flipped,xgb,path_strip,3.0,evasion
0.5586127830323875,0.42857142857142855,68676,non_flipped,xgb,path_strip,3.0,evasion
0.5018629979936945,1.0,173607,non_flipped,xgb,path_strip,3.0,evasion
0.4009744912582402,0.25,177666,non_flipped,xgb,path_strip,3.0,evasion
0.5179134422470622,0.42857142857142855,53334,non_flipped,xgb,path_strip,3.0,evasion
0.45829750644883926,0.6666666666666666,44441,non_flipped,xgb,path_strip,3.0,evasion
0.4560045858412153,0.6666666666666666,29117,non_flipped,xgb,path_strip,3.0,evasion
0.45829750644883926,0.6666666666666666,122611,non_flipped,xgb,path_strip,3.0,evasion
-0.04958440813986816,0.42857142857142855,29040,non_flipped,xgb,path_strip,3.0,evasion
0.3155631986242477,0.6666666666666666,12619,non_flipped,xgb,path_strip,3.0,evasion
0.46976210948695907,0.6666666666666666,41381,non_flipped,xgb,path_strip,3.0,evasion
0.2295786758383491,0.6666666666666666,116253,non_flipped,xgb,path_strip,3.0,evasion
0.3958154198910863,0.42857142857142855,27462,non_flipped,xgb,path_strip,3.0,evasion
0.38836342791630846,0.6666666666666666,116046,non_flipped,xgb,path_strip,3.0,evasion
0.4204643164230438,0.42857142857142855,148488,non_flipped,xgb,path_strip,3.0,evasion
0.5024362281456005,0.6666666666666666,199018,non_flipped,xgb,path_strip,3.0,evasion
0.5098882201203784,0.42857142857142855,210104,non_flipped,xgb,path_strip,3.0,evasion
0.45829750644883926,0.6666666666666666,181234,non_flipped,xgb,path_strip,3.0,evasion
0.3642877615362568,0.42857142857142855,77160,non_flipped,xgb,path_strip,3.0,evasion
0.5075952995127545,0.6666666666666666,80813,non_flipped,xgb,path_strip,3.0,evasion
0.2611063341931786,0.42857142857142855,115140,non_flipped,xgb,path_strip,3.0,evasion
0.39638865004299234,0.42857142857142855,188638,non_flipped,xgb,path_strip,3.0,evasion
0.4938377758670106,0.42857142857142855,78496,non_flipped,xgb,path_strip,3.0,evasion
0.5580395528804815,0.6666666666666666,44247,non_flipped,xgb,path_strip,3.0,evasion
0.4926913155631987,0.42857142857142855,112347,non_flipped,xgb,path_strip,3.0,evasion
0.5523072513614217,0.6666666666666666,225267,non_flipped,xgb,path_strip,3.0,evasion
0.5586127830323875,0.42857142857142855,234630,non_flipped,xgb,path_strip,3.0,evasion
0.23129836629406705,0.42857142857142855,187851,non_flipped,xgb,path_strip,3.0,evasion
0.529951275437088,0.6666666666666666,167866,non_flipped,xgb,path_strip,3.0,evasion
0.12181140728002295,0.6666666666666666,194217,non_flipped,xgb,path_strip,3.0,evasion
0.3253081112066495,0.42857142857142855,190299,non_flipped,xgb,path_strip,3.0,evasion
0.39237603897965034,0.6666666666666666,194522,non_flipped,xgb,path_strip,3.0,evasion
0.2662654055603325,0.42857142857142855,138457,non_flipped,xgb,path_strip,3.0,evasion
0.40842648323301806,0.6666666666666666,109178,non_flipped,xgb,path_strip,3.0,evasion
0.36600745199197476,0.42857142857142855,196191,non_flipped,xgb,path_strip,3.0,evasion
0.533390656348524,0.42857142857142855,223590,non_flipped,xgb,path_strip,3.0,evasion
0.08741759816566352,0.42857142857142855,38090,non_flipped,xgb,path_strip,3.0,evasion
0.5265118945256521,0.6666666666666666,233499,non_flipped,xgb,path_strip,3.0,evasion
0.5374032674118658,0.42857142857142855,14249,non_flipped,xgb,path_strip,3.0,evasion
0.5482946402980796,0.6666666666666666,106458,non_flipped,xgb,path_strip,3.0,evasion
0.5580395528804815,0.6666666666666666,234133,non_flipped,xgb,path_strip,3.0,evasion
0.4846660934365148,1.0,59527,non_flipped,xgb,path_strip,3.0,evasion
0.5179134422470622,0.6666666666666666,147406,non_flipped,xgb,path_strip,3.0,evasion
0.22327314416738323,0.25,209145,non_flipped,xgb,path_strip,3.0,evasion
0.5173402120951562,0.42857142857142855,152780,non_flipped,xgb,path_strip,3.0,evasion
0.177414732014904,0.42857142857142855,118603,non_flipped,xgb,path_strip,3.0,evasion
0.35454284895385496,0.6666666666666666,140816,non_flipped,xgb,path_strip,3.0,evasion
0.5631986242476354,0.6666666666666666,88606,non_flipped,xgb,path_strip,3.0,evasion
0.09143020922900545,0.42857142857142855,195677,non_flipped,xgb,path_strip,3.0,evasion
0.5505875609057037,0.42857142857142855,76884,non_flipped,xgb,path_strip,3.0,evasion
0.6061908856405848,0.42857142857142855,28279,non_flipped,xgb,path_strip,3.0,evasion
0.4393809114359415,0.6666666666666666,174198,non_flipped,xgb,path_strip,3.0,evasion
0.6096302665520207,0.6666666666666666,96031,non_flipped,xgb,path_strip,3.0,evasion
0.43536830037259966,1.0,15624,non_flipped,xgb,path_strip,3.0,evasion
0.6119231871596447,0.6666666666666666,124913,non_flipped,xgb,path_strip,3.0,evasion
0.529951275437088,0.6666666666666666,26195,non_flipped,xgb,path_strip,3.0,evasion
0.5586127830323875,0.42857142857142855,69427,non_flipped,xgb,path_strip,3.0,evasion
0.44625967325881344,0.42857142857142855,178543,non_flipped,xgb,path_strip,3.0,evasion
0.5374032674118658,0.42857142857142855,48369,non_flipped,xgb,path_strip,3.0,evasion
0.4072800229292061,0.6666666666666666,175720,non_flipped,xgb,path_strip,3.0,evasion
0.4560045858412153,0.42857142857142855,233269,non_flipped,xgb,path_strip,3.0,evasion
0.532817426196618,1.0,81024,non_flipped,xgb,path_strip,3.0,evasion
0.5500143307537977,0.6666666666666666,229393,non_flipped,xgb,path_strip,3.0,evasion
0.35224992834623103,0.42857142857142855,44076,non_flipped,xgb,path_strip,3.0,evasion
0.2674118658641445,0.42857142857142855,60180,non_flipped,xgb,path_strip,3.0,evasion
0.44969905417024936,0.6666666666666666,59556,non_flipped,xgb,path_strip,3.0,evasion
0.4078532530811121,0.6666666666666666,176516,non_flipped,xgb,path_strip,3.0,evasion
0.22327314416738323,0.25,156964,non_flipped,xgb,path_strip,3.0,evasion
0.47205503009458305,1.0,223023,non_flipped,xgb,path_strip,3.0,evasion
0.22671252507881914,0.42857142857142855,76093,non_flipped,xgb,path_strip,3.0,evasion
0.37632559472628263,0.42857142857142855,68087,non_flipped,xgb,path_strip,3.0,evasion
0.09773574089997136,0.6666666666666666,147801,non_flipped,xgb,path_strip,3.0,evasion
0.19747778733161364,0.42857142857142855,30964,non_flipped,xgb,path_strip,3.0,evasion
0.3276010318142734,0.42857142857142855,63989,non_flipped,xgb,path_strip,3.0,evasion
0.4949842361708226,1.0,55843,non_flipped,xgb,path_strip,3.0,evasion
0.3298939524218974,0.42857142857142855,210677,non_flipped,xgb,path_strip,3.0,evasion
0.6038979650329608,0.42857142857142855,115842,non_flipped,xgb,path_strip,3.0,evasion
0.35970192032100895,0.42857142857142855,112954,non_flipped,xgb,path_strip,3.0,evasion
0.590713671539123,0.42857142857142855,159115,non_flipped,xgb,path_strip,3.0,evasion
0.5087417598165663,0.6666666666666666,229222,non_flipped,xgb,path_strip,3.0,evasion
0.3155631986242477,1.0,209795,non_flipped,xgb,path_strip,3.0,evasion
-0.019776440240756664,0.42857142857142855,233108,non_flipped,xgb,path_strip,3.0,evasion
0.5098882201203784,1.0,172570,non_flipped,xgb,path_strip,3.0,evasion
0.4032674118658641,0.6666666666666666,110387,non_flipped,xgb,path_strip,3.0,evasion
0.5586127830323875,0.42857142857142855,88364,non_flipped,xgb,path_strip,3.0,evasion
0.537976497563772,0.42857142857142855,5824,non_flipped,xgb,path_strip,3.0,evasion
0.3774720550300946,0.6666666666666666,111512,non_flipped,xgb,path_strip,3.0,evasion
0.5081685296646603,0.6666666666666666,85037,non_flipped,xgb,path_strip,3.0,evasion
0.09716251074806535,0.42857142857142855,191470,non_flipped,xgb,path_strip,3.0,evasion
0.4261966179421038,0.42857142857142855,225583,non_flipped,xgb,path_strip,3.0,evasion
0.5500143307537977,0.42857142857142855,130720,non_flipped,xgb,path_strip,3.0,evasion
0.25193465176268276,0.42857142857142855,192900,non_flipped,xgb,path_strip,3.0,evasion
0.4881054743479507,0.42857142857142855,203070,non_flipped,xgb,path_strip,3.0,evasion
0.32874749211808546,0.6666666666666666,164607,non_flipped,xgb,path_strip,3.0,evasion
0.3436514760676412,0.6666666666666666,61599,non_flipped,xgb,path_strip,3.0,evasion
0.5173402120951562,1.0,188788,non_flipped,xgb,path_strip,3.0,evasion
0.3906563485239324,0.6666666666666666,43201,non_flipped,xgb,path_strip,3.0,evasion
0.5173402120951562,0.42857142857142855,160427,non_flipped,xgb,path_strip,3.0,evasion
0.5253654342218401,0.42857142857142855,49017,non_flipped,xgb,path_strip,3.0,evasion
0.472628260246489,0.6666666666666666,228264,non_flipped,xgb,path_strip,3.0,evasion
0.48753224419604474,1.0,9567,non_flipped,xgb,path_strip,3.0,evasion
0.26397248495270853,0.25,145091,non_flipped,xgb,path_strip,3.0,evasion
0.4846660934365148,0.42857142857142855,72732,non_flipped,xgb,path_strip,3.0,evasion
0.13327601031814273,0.6666666666666666,19306,non_flipped,xgb,path_strip,3.0,evasion
0.6113499570077388,0.6666666666666666,70377,non_flipped,xgb,path_strip,3.0,evasion
0.3906563485239324,0.6666666666666666,228732,non_flipped,xgb,path_strip,3.0,evasion
0.5339638865004299,0.6666666666666666,145379,non_flipped,xgb,path_strip,3.0,evasion
0.3935224992834623,0.6666666666666666,209218,non_flipped,xgb,path_strip,3.0,evasion
0.36027515047291486,0.6666666666666666,207516,non_flipped,xgb,path_strip,3.0,evasion
0.4846660934365148,1.0,201266,non_flipped,xgb,path_strip,3.0,evasion
0.3952421897391803,0.6666666666666666,109187,non_flipped,xgb,path_strip,3.0,evasion
0.5511607910576096,0.42857142857142855,155354,non_flipped,xgb,path_strip,3.0,evasion
0.5488678704499858,0.42857142857142855,28258,non_flipped,xgb,path_strip,3.0,evasion
0.36830037259959875,0.25,49738,non_flipped,xgb,path_strip,3.0,evasion
0.5723703066781314,0.6666666666666666,73690,non_flipped,xgb,path_strip,3.0,evasion
0.5505875609057037,0.42857142857142855,111688,non_flipped,xgb,path_strip,3.0,evasion
0.3126970478647177,0.6666666666666666,230562,non_flipped,xgb,path_strip,3.0,evasion
0.5173402120951562,1.0,73519,non_flipped,xgb,path_strip,3.0,evasion
0.6079105760963028,0.6666666666666666,159077,non_flipped,xgb,path_strip,3.0,evasion
0.5391229578675838,0.6666666666666666,93353,non_flipped,xgb,path_strip,3.0,evasion
0.5586127830323875,0.42857142857142855,164585,non_flipped,xgb,path_strip,3.0,evasion
0.5161937517913443,0.42857142857142855,151222,non_flipped,xgb,path_strip,3.0,evasion
0.5419891086271139,0.42857142857142855,183586,non_flipped,xgb,path_strip,3.0,evasion
0.17626827171109202,0.25,61649,non_flipped,xgb,path_strip,3.0,evasion
0.4915448552593867,1.0,213668,non_flipped,xgb,path_strip,3.0,evasion
0.4004012611063342,0.25,188676,non_flipped,xgb,path_strip,3.0,evasion
-0.024362281456004588,0.42857142857142855,206877,non_flipped,xgb,path_strip,3.0,evasion
0.6107767268558326,0.6666666666666666,134597,non_flipped,xgb,path_strip,3.0,evasion
0.45141874462596737,1.0,81315,non_flipped,xgb,path_strip,3.0,evasion
0.5918601318429351,0.6666666666666666,6482,non_flipped,xgb,path_strip,3.0,evasion
0.37632559472628263,0.42857142857142855,189674,non_flipped,xgb,path_strip,3.0,evasion
0.6084838062482086,0.42857142857142855,84377,non_flipped,xgb,path_strip,3.0,evasion
0.5918601318429351,0.42857142857142855,201222,non_flipped,xgb,path_strip,3.0,evasion
0.13843508168529664,0.1111111111111111,120137,non_flipped,xgb,path_strip,3.0,evasion
0.024362281456004588,0.25,149116,non_flipped,xgb,path_strip,3.0,evasion
0.6033247348810548,0.6666666666666666,230107,non_flipped,xgb,path_strip,3.0,evasion
0.5253654342218401,0.42857142857142855,194964,non_flipped,xgb,path_strip,3.0,evasion
0.4542848953854973,0.42857142857142855,97233,non_flipped,xgb,path_strip,3.0,evasion
0.473774720550301,0.6666666666666666,6995,non_flipped,xgb,path_strip,3.0,evasion
0.4846660934365148,0.42857142857142855,131632,non_flipped,xgb,path_strip,3.0,evasion
0.5133276010318143,1.0,38440,non_flipped,xgb,path_strip,3.0,evasion
0.5706506162224133,0.6666666666666666,198983,non_flipped,xgb,path_strip,3.0,evasion
0.3304671825738034,0.42857142857142855,185263,non_flipped,xgb,path_strip,3.0,evasion
0.3900831183720264,0.6666666666666666,210789,non_flipped,xgb,path_strip,3.0,evasion
0.49957007738607057,1.0,65000,non_flipped,xgb,path_strip,3.0,evasion
0.5064488392089425,1.0,225390,non_flipped,xgb,path_strip,3.0,evasion
0.15792490685010033,0.42857142857142855,191059,non_flipped,xgb,path_strip,3.0,evasion
0.5007165376898824,0.42857142857142855,67813,non_flipped,xgb,path_strip,3.0,evasion
0.6056176554886786,0.42857142857142855,54968,non_flipped,xgb,path_strip,3.0,evasion
0.6033247348810548,0.6666666666666666,149130,non_flipped,xgb,path_strip,3.0,evasion
0.595299512754371,0.6666666666666666,184997,non_flipped,xgb,path_strip,3.0,evasion
0.25250788191458867,0.42857142857142855,81361,non_flipped,xgb,path_strip,3.0,evasion
0.5723703066781314,0.6666666666666666,190896,non_flipped,xgb,path_strip,3.0,evasion
0.4743479507022069,0.6666666666666666,157170,non_flipped,xgb,path_strip,3.0,evasion
0.5586127830323875,0.42857142857142855,220570,non_flipped,xgb,path_strip,3.0,evasion
0.5563198624247636,0.42857142857142855,125563,non_flipped,xgb,path_strip,3.0,evasion
0.3585554600171969,0.42857142857142855,18950,non_flipped,xgb,path_strip,3.0,evasion
0.4949842361708226,0.6666666666666666,46311,non_flipped,xgb,path_strip,3.0,evasion
0.5781026081971912,0.6666666666666666,233095,non_flipped,xgb,path_strip,3.0,evasion
0.4777873316136429,0.6666666666666666,215407,non_flipped,xgb,path_strip,3.0,evasion
0.26397248495270853,0.25,144366,non_flipped,xgb,path_strip,3.0,evasion
0.6102034967039267,0.6666666666666666,193736,non_flipped,xgb,path_strip,3.0,evasion
0.05760963026655202,0.25,197730,non_flipped,xgb,path_strip,3.0,evasion
0.3459443966752651,0.6666666666666666,104927,non_flipped,xgb,path_strip,3.0,evasion
0.47033533963886504,0.42857142857142855,118196,non_flipped,xgb,path_strip,3.0,evasion
0.532817426196618,1.0,87629,non_flipped,xgb,path_strip,3.0,evasion
0.5740899971338492,0.42857142857142855,164762,non_flipped,xgb,path_strip,3.0,evasion
0.41014617368873607,0.6666666666666666,60669,non_flipped,xgb,path_strip,3.0,evasion
0.46918887933505304,0.6666666666666666,215747,non_flipped,xgb,path_strip,3.0,evasion
0.2679850960160505,0.6666666666666666,189442,non_flipped,xgb,path_strip,3.0,evasion
0.28632846087704217,0.6666666666666666,98630,non_flipped,xgb,path_strip,3.0,evasion
0.5654915448552594,0.42857142857142855,140100,non_flipped,xgb,path_strip,3.0,evasion
0.13786185153339064,0.42857142857142855,157156,non_flipped,xgb,path_strip,3.0,evasion
0.3837775867010605,0.42857142857142855,35208,non_flipped,xgb,path_strip,3.0,evasion
0.43479507022069364,1.0,173934,non_flipped,xgb,path_strip,3.0,evasion
0.5070220693608484,0.6666666666666666,170475,non_flipped,xgb,path_strip,3.0,evasion
0.47205503009458305,0.42857142857142855,234670,non_flipped,xgb,path_strip,3.0,evasion
0.6239610203496704,0.42857142857142855,231718,non_flipped,xgb,path_strip,3.0,evasion
0.4984236170822585,0.42857142857142855,25919,non_flipped,xgb,path_strip,3.0,evasion
0.3998280309544282,0.6666666666666666,172703,non_flipped,xgb,path_strip,3.0,evasion
0.43364860991688164,0.6666666666666666,34275,non_flipped,xgb,path_strip,3.0,evasion
0.5396961880194898,0.42857142857142855,173162,non_flipped,xgb,path_strip,3.0,evasion
0.534537116652336,0.42857142857142855,127441,non_flipped,xgb,path_strip,3.0,evasion
0.2416165090283749,1.0,9883,non_flipped,xgb,path_strip,3.0,evasion
0.4571510461450272,0.6666666666666666,33759,non_flipped,xgb,path_strip,3.0,evasion
0.4938377758670106,0.42857142857142855,220929,non_flipped,xgb,path_strip,3.0,evasion
0.3384924047004873,0.42857142857142855,25886,non_flipped,xgb,path_strip,3.0,evasion
0.5517340212095156,0.42857142857142855,896,non_flipped,xgb,path_strip,3.0,evasion
0.6061908856405848,0.42857142857142855,6046,non_flipped,xgb,path_strip,3.0,evasion
0.48753224419604474,0.6666666666666666,165805,non_flipped,xgb,path_strip,3.0,evasion
0.5081685296646603,1.0,87184,non_flipped,xgb,path_strip,3.0,evasion
0.6107767268558326,0.6666666666666666,191031,non_flipped,xgb,path_strip,3.0,evasion
0.41186586414445403,0.6666666666666666,87809,non_flipped,xgb,path_strip,3.0,evasion
0.6021782745772427,0.6666666666666666,198423,non_flipped,xgb,path_strip,3.0,evasion
0.36772714244769283,0.42857142857142855,185581,non_flipped,xgb,path_strip,3.0,evasion
0.24792204069934082,0.6666666666666666,166815,non_flipped,xgb,path_strip,3.0,evasion
0.5127543708799084,0.42857142857142855,98988,non_flipped,xgb,path_strip,3.0,evasion
0.09200343938091143,0.42857142857142855,202816,non_flipped,xgb,path_strip,3.0,evasion
0.4307824591573517,0.42857142857142855,56885,non_flipped,xgb,path_strip,3.0,evasion
0.6027515047291488,1.0,160863,non_flipped,xgb,path_strip,3.0,evasion
0.19633132702780168,0.42857142857142855,101797,non_flipped,xgb,path_strip,3.0,evasion
0.5001433075379765,1.0,207926,non_flipped,xgb,path_strip,3.0,evasion
0.5935798222986529,0.6666666666666666,183317,non_flipped,xgb,path_strip,3.0,evasion
0.49613069647463465,0.6666666666666666,60243,non_flipped,xgb,path_strip,3.0,evasion
0.5528804815133277,0.6666666666666666,141143,non_flipped,xgb,path_strip,3.0,evasion
0.5712238463743193,0.42857142857142855,25757,non_flipped,xgb,path_strip,3.0,evasion
0.5488678704499858,0.6666666666666666,97711,non_flipped,xgb,path_strip,3.0,evasion
0.5528804815133277,0.42857142857142855,110002,non_flipped,xgb,path_strip,3.0,evasion
0.2737173975351104,0.42857142857142855,46651,non_flipped,xgb,path_strip,3.0,evasion
0.2897678417884781,0.42857142857142855,131617,non_flipped,xgb,path_strip,3.0,evasion
0.5064488392089425,0.42857142857142855,4398,non_flipped,xgb,path_strip,3.0,evasion
0.41186586414445403,0.42857142857142855,76819,non_flipped,xgb,path_strip,3.0,evasion
0.36830037259959875,0.25,173457,non_flipped,xgb,path_strip,3.0,evasion
0.5597592433361995,0.6666666666666666,107135,non_flipped,xgb,path_strip,3.0,evasion
0.22327314416738323,0.6666666666666666,59772,non_flipped,xgb,path_strip,3.0,evasion
0.4955574663227286,0.42857142857142855,105217,non_flipped,xgb,path_strip,3.0,evasion
0.5844081398681572,0.42857142857142855,106515,non_flipped,xgb,path_strip,3.0,evasion
0.3832043565491545,0.42857142857142855,230023,non_flipped,xgb,path_strip,3.0,evasion
-0.03468042419031241,0.42857142857142855,121404,non_flipped,xgb,path_strip,3.0,evasion
0.5236457437661222,0.42857142857142855,96691,non_flipped,xgb,path_strip,3.0,evasion
0.5723703066781314,0.6666666666666666,110094,non_flipped,xgb,path_strip,3.0,evasion
0.5253654342218401,0.42857142857142855,221261,non_flipped,xgb,path_strip,3.0,evasion
0.6044711951848667,0.6666666666666666,103673,non_flipped,xgb,path_strip,3.0,evasion
0.6061908856405848,0.6666666666666666,17629,non_flipped,xgb,path_strip,3.0,evasion
0.48409286328460877,0.42857142857142855,159230,non_flipped,xgb,path_strip,3.0,evasion
0.4365147606764116,1.0,142757,non_flipped,xgb,path_strip,3.0,evasion
0.6033247348810548,0.6666666666666666,199047,non_flipped,xgb,path_strip,3.0,evasion
0.45829750644883926,0.6666666666666666,161595,non_flipped,xgb,path_strip,3.0,evasion
0.5437087990828318,0.6666666666666666,32811,non_flipped,xgb,path_strip,3.0,evasion
0.5253654342218401,0.42857142857142855,164248,non_flipped,xgb,path_strip,3.0,evasion
0.4605904270564632,0.42857142857142855,85823,non_flipped,xgb,path_strip,3.0,evasion
0.08225852679850962,0.42857142857142855,176442,non_flipped,xgb,path_strip,3.0,evasion
0.08225852679850962,0.25,39007,non_flipped,xgb,path_strip,3.0,evasion
0.6354256233877902,0.42857142857142855,39434,non_flipped,xgb,path_strip,3.0,evasion
0.5672112353109774,0.6666666666666666,115700,non_flipped,xgb,path_strip,3.0,evasion
0.39638865004299234,0.6666666666666666,54993,non_flipped,xgb,path_strip,3.0,evasion
0.44224706219547155,0.42857142857142855,37593,non_flipped,xgb,path_strip,3.0,evasion
0.3837775867010605,0.42857142857142855,117424,non_flipped,xgb,path_strip,3.0,evasion
0.4089997133849241,0.42857142857142855,71114,non_flipped,xgb,path_strip,3.0,evasion
0.5253654342218401,0.42857142857142855,220606,non_flipped,xgb,path_strip,3.0,evasion
0.4456864431069074,0.42857142857142855,57488,non_flipped,xgb,path_strip,3.0,evasion
0.532244196044712,0.6666666666666666,97061,non_flipped,xgb,path_strip,3.0,evasion
0.4560045858412153,1.0,138622,non_flipped,xgb,path_strip,3.0,evasion
0.4938377758670106,0.42857142857142855,157510,non_flipped,xgb,path_strip,3.0,evasion
0.5752364574376612,0.42857142857142855,97480,non_flipped,xgb,path_strip,3.0,evasion
0.27199770707939236,0.6666666666666666,62572,non_flipped,xgb,path_strip,3.0,evasion
0.16938950988822013,0.25,102831,non_flipped,xgb,path_strip,3.0,evasion
0.1905990255087418,0.6666666666666666,120972,non_flipped,xgb,path_strip,3.0,evasion
0.5723703066781314,0.6666666666666666,72267,non_flipped,xgb,path_strip,3.0,evasion
0.41759816566351393,0.6666666666666666,59649,non_flipped,xgb,path_strip,3.0,evasion
0.3132702780166237,0.42857142857142855,126067,non_flipped,xgb,path_strip,3.0,evasion
0.5586127830323875,0.42857142857142855,114236,non_flipped,xgb,path_strip,3.0,evasion
0.39810834049871024,0.42857142857142855,149951,non_flipped,xgb,path_strip,3.0,evasion
0.29091430209229,0.6666666666666666,55616,non_flipped,xgb,path_strip,3.0,evasion
0.31785611923187157,0.6666666666666666,72315,non_flipped,xgb,path_strip,3.0,evasion
0.44625967325881344,0.6666666666666666,129218,non_flipped,xgb,path_strip,3.0,evasion
0.4399541415878475,0.6666666666666666,105824,non_flipped,xgb,path_strip,3.0,evasion
0.25766695328174266,0.1111111111111111,164683,non_flipped,xgb,path_strip,3.0,evasion
0.6107767268558326,0.6666666666666666,67915,non_flipped,xgb,path_strip,3.0,evasion
-0.04213241616509028,0.42857142857142855,24945,non_flipped,xgb,path_strip,3.0,evasion
0.4949842361708226,1.0,218406,non_flipped,xgb,path_strip,3.0,evasion
0.5253654342218401,0.42857142857142855,129640,non_flipped,xgb,path_strip,3.0,evasion
0.6096302665520207,0.6666666666666666,109599,non_flipped,xgb,path_strip,3.0,evasion
0.6079105760963028,1.0,221716,non_flipped,xgb,path_strip,3.0,evasion
0.6084838062482086,0.6666666666666666,170943,non_flipped,xgb,path_strip,3.0,evasion
0.5064488392089425,0.42857142857142855,45716,non_flipped,xgb,path_strip,3.0,evasion
0.24734881054743482,0.6666666666666666,228866,non_flipped,xgb,path_strip,3.0,evasion
0.5643450845514474,0.42857142857142855,15986,non_flipped,xgb,path_strip,3.0,evasion
0.3958154198910863,0.42857142857142855,155983,non_flipped,xgb,path_strip,3.0,evasion
0.6084838062482086,0.42857142857142855,36646,non_flipped,xgb,path_strip,3.0,evasion
0.29206076239610207,0.6666666666666666,21154,non_flipped,xgb,path_strip,3.0,evasion
0.5746632272857553,0.42857142857142855,232995,non_flipped,xgb,path_strip,3.0,evasion
0.3379191745485812,1.0,162941,non_flipped,xgb,path_strip,3.0,evasion
0.6038979650329608,0.42857142857142855,164146,non_flipped,xgb,path_strip,3.0,evasion
0.2295786758383491,0.42857142857142855,26973,non_flipped,xgb,path_strip,3.0,evasion
0.28862138148466615,0.25,117135,non_flipped,xgb,path_strip,3.0,evasion
0.5546001719690455,0.6666666666666666,208371,non_flipped,xgb,path_strip,3.0,evasion
0.5821152192605331,0.42857142857142855,5846,non_flipped,xgb,path_strip,3.0,evasion
0.48867870449985673,0.25,143514,non_flipped,xgb,path_strip,3.0,evasion
0.5586127830323875,0.42857142857142855,129911,non_flipped,xgb,path_strip,3.0,evasion
-0.024935511607910573,0.42857142857142855,155488,non_flipped,xgb,path_strip,3.0,evasion
0.30639151619375177,0.25,2009,non_flipped,xgb,path_strip,3.0,evasion
0.5500143307537977,0.42857142857142855,31964,non_flipped,xgb,path_strip,3.0,evasion
0.44511321295500145,0.6666666666666666,11618,non_flipped,xgb,path_strip,3.0,evasion
0.38836342791630846,0.42857142857142855,56046,non_flipped,xgb,path_strip,3.0,evasion
0.039839495557466326,0.25,90550,non_flipped,xgb,path_strip,3.0,evasion
0.5517340212095156,0.42857142857142855,166634,non_flipped,xgb,path_strip,3.0,evasion
0.40957294353683005,0.42857142857142855,128624,non_flipped,xgb,path_strip,3.0,evasion
0.5574663227285757,0.42857142857142855,124921,non_flipped,xgb,path_strip,3.0,evasion
0.6308397821725423,0.42857142857142855,146010,non_flipped,xgb,path_strip,3.0,evasion
0.5798222986529092,0.42857142857142855,160971,non_flipped,xgb,path_strip,3.0,evasion
0.37689882487818865,0.42857142857142855,209559,non_flipped,xgb,path_strip,3.0,evasion
-0.3665806821438808,0.42857142857142855,131239,non_flipped,xgb,path_strip,3.0,evasion
0.021496130696474637,0.42857142857142855,204279,non_flipped,xgb,path_strip,3.0,evasion
0.2599598738893666,0.25,188800,non_flipped,xgb,path_strip,3.0,evasion
0.6084838062482086,0.6666666666666666,220827,non_flipped,xgb,path_strip,3.0,evasion
0.41702493551160796,0.6666666666666666,213210,non_flipped,xgb,path_strip,3.0,evasion
0.47090856979077106,1.0,219381,non_flipped,xgb,path_strip,3.0,evasion
0.5173402120951562,0.6666666666666666,96081,non_flipped,xgb,path_strip,3.0,evasion
0.5391229578675838,0.42857142857142855,170201,non_flipped,xgb,path_strip,3.0,evasion
0.4846660934365148,1.0,193130,non_flipped,xgb,path_strip,3.0,evasion
0.48179994267698484,0.42857142857142855,76030,non_flipped,xgb,path_strip,3.0,evasion
0.5230725136142161,0.42857142857142855,180935,non_flipped,xgb,path_strip,3.0,evasion
0.27773000859845226,0.42857142857142855,4814,non_flipped,xgb,path_strip,3.0,evasion
0.5643450845514474,0.6666666666666666,44565,non_flipped,xgb,path_strip,3.0,evasion
0.32932072226999143,0.42857142857142855,148875,non_flipped,xgb,path_strip,3.0,evasion
0.4594439667526512,0.6666666666666666,174885,non_flipped,xgb,path_strip,3.0,evasion
0.5173402120951562,0.42857142857142855,231110,non_flipped,xgb,path_strip,3.0,evasion
0.6096302665520207,0.6666666666666666,159537,non_flipped,xgb,path_strip,3.0,evasion
0.4909716251074807,1.0,202406,non_flipped,xgb,path_strip,3.0,evasion
0.5551734021209516,0.25,12891,non_flipped,xgb,path_strip,3.0,evasion
0.5419891086271139,0.25,40674,non_flipped,xgb,path_strip,3.0,evasion
0.5557466322728576,0.6666666666666666,20684,non_flipped,xgb,path_strip,3.0,evasion
0.4330753797649757,0.42857142857142855,42286,non_flipped,xgb,path_strip,3.0,evasion
0.6073373459443967,0.6666666666666666,23077,non_flipped,xgb,path_strip,3.0,evasion
0.3711665233591287,0.6666666666666666,218755,non_flipped,xgb,path_strip,3.0,evasion
0.3946689595872744,0.42857142857142855,108406,non_flipped,xgb,path_strip,3.0,evasion
0.5740899971338492,0.6666666666666666,94759,non_flipped,xgb,path_strip,3.0,evasion
0.357982229865291,0.6666666666666666,122048,non_flipped,xgb,path_strip,3.0,evasion
0.1831470335339639,0.42857142857142855,129994,non_flipped,xgb,path_strip,3.0,evasion
0.4044138721696762,0.42857142857142855,133984,non_flipped,xgb,path_strip,3.0,evasion
0.17282889079965608,0.6666666666666666,47328,non_flipped,xgb,path_strip,3.0,evasion
0.17684150186299802,0.6666666666666666,192601,non_flipped,xgb,path_strip,3.0,evasion
0.5563198624247636,0.42857142857142855,66981,non_flipped,xgb,path_strip,3.0,evasion
0.12754370879908283,0.6666666666666666,14014,non_flipped,xgb,path_strip,3.0,evasion
0.473201490398395,0.42857142857142855,37434,non_flipped,xgb,path_strip,3.0,evasion
0.15047291487532244,0.42857142857142855,48072,non_flipped,xgb,path_strip,3.0,evasion
0.4869590140441387,0.42857142857142855,73888,non_flipped,xgb,path_strip,3.0,evasion
0.18429349383777588,0.6666666666666666,55679,non_flipped,xgb,path_strip,3.0,evasion
0.29263399254800804,0.6666666666666666,43114,non_flipped,xgb,path_strip,3.0,evasion
0.473774720550301,0.6666666666666666,153844,non_flipped,xgb,path_strip,3.0,evasion
0.4474061335626254,0.42857142857142855,166707,non_flipped,xgb,path_strip,3.0,evasion
0.5505875609057037,0.42857142857142855,104317,non_flipped,xgb,path_strip,3.0,evasion
0.4760676411579249,0.42857142857142855,132586,non_flipped,xgb,path_strip,3.0,evasion
0.5654915448552594,0.6666666666666666,117559,non_flipped,xgb,path_strip,3.0,evasion
0.30352536543422187,0.6666666666666666,214274,non_flipped,xgb,path_strip,3.0,evasion
0.5586127830323875,0.42857142857142855,11210,non_flipped,xgb,path_strip,3.0,evasion
0.5740899971338492,0.6666666666666666,191024,non_flipped,xgb,path_strip,3.0,evasion
0.3585554600171969,0.6666666666666666,105426,non_flipped,xgb,path_strip,3.0,evasion
0.4359415305245056,0.6666666666666666,225622,non_flipped,xgb,path_strip,3.0,evasion
0.4193178561192319,1.0,116042,non_flipped,xgb,path_strip,3.0,evasion
0.5517340212095156,0.42857142857142855,230168,non_flipped,xgb,path_strip,3.0,evasion
0.4846660934365148,1.0,223679,non_flipped,xgb,path_strip,3.0,evasion
0.36887360275150477,0.6666666666666666,215055,non_flipped,xgb,path_strip,3.0,evasion
0.4852393235884208,0.42857142857142855,209108,non_flipped,xgb,path_strip,3.0,evasion
0.41702493551160796,0.42857142857142855,118642,non_flipped,xgb,path_strip,3.0,evasion
0.5998853539696188,0.42857142857142855,40040,non_flipped,xgb,path_strip,3.0,evasion
0.4433935224992835,0.6666666666666666,193798,non_flipped,xgb,path_strip,3.0,evasion
0.5471481799942677,0.42857142857142855,147555,non_flipped,xgb,path_strip,3.0,evasion
0.4519919747778734,0.42857142857142855,193872,non_flipped,xgb,path_strip,3.0,evasion
0.355116079105761,0.42857142857142855,204921,non_flipped,xgb,path_strip,3.0,evasion
0.3184293493837776,0.25,50203,non_flipped,xgb,path_strip,3.0,evasion
0.4078532530811121,0.42857142857142855,86765,non_flipped,xgb,path_strip,3.0,evasion
0.43422184006878767,0.42857142857142855,115122,non_flipped,xgb,path_strip,3.0,evasion
0.5586127830323875,0.42857142857142855,30326,non_flipped,xgb,path_strip,3.0,evasion
0.5362568071080539,1.0,136678,non_flipped,xgb,path_strip,3.0,evasion
0.5695041559186014,0.6666666666666666,182059,non_flipped,xgb,path_strip,3.0,evasion
0.41243909429635994,0.42857142857142855,86977,non_flipped,xgb,path_strip,3.0,evasion
0.4089997133849241,0.6666666666666666,130204,non_flipped,xgb,path_strip,3.0,evasion
0.5586127830323875,0.42857142857142855,37561,non_flipped,xgb,path_strip,3.0,evasion
0.5087417598165663,0.6666666666666666,222717,non_flipped,xgb,path_strip,3.0,evasion
0.295500143307538,0.6666666666666666,148623,non_flipped,xgb,path_strip,3.0,evasion
-0.18028088277443394,0.25,227603,non_flipped,xgb,path_strip,3.0,evasion
0.3906563485239324,0.6666666666666666,47238,non_flipped,xgb,path_strip,3.0,evasion
0.5918601318429351,0.6666666666666666,137972,non_flipped,xgb,path_strip,3.0,evasion
0.39638865004299234,1.0,98716,non_flipped,xgb,path_strip,3.0,evasion
0.5586127830323875,0.42857142857142855,197964,non_flipped,xgb,path_strip,3.0,evasion
0.35568930925766695,0.42857142857142855,136149,non_flipped,xgb,path_strip,3.0,evasion
0.6084838062482086,0.42857142857142855,51058,non_flipped,xgb,path_strip,3.0,evasion
0.35740899971338497,0.42857142857142855,110271,non_flipped,xgb,path_strip,3.0,evasion
0.6016050444253368,0.6666666666666666,13911,non_flipped,xgb,path_strip,3.0,evasion
0.3895098882201204,0.25,234260,non_flipped,xgb,path_strip,3.0,evasion
0.47205503009458305,1.0,71546,non_flipped,xgb,path_strip,3.0,evasion
0.5505875609057037,0.6666666666666666,33713,non_flipped,xgb,path_strip,3.0,evasion
0.2651189452565205,0.42857142857142855,233845,non_flipped,xgb,path_strip,3.0,evasion
0.22384637431928922,0.6666666666666666,154555,non_flipped,xgb,path_strip,3.0,evasion
0.43364860991688164,0.6666666666666666,3174,non_flipped,xgb,path_strip,3.0,evasion
0.5041559186013185,0.6666666666666666,94014,non_flipped,xgb,path_strip,3.0,evasion
0.2295786758383491,0.6666666666666666,13166,non_flipped,xgb,path_strip,3.0,evasion
0.4984236170822585,0.42857142857142855,122077,non_flipped,xgb,path_strip,3.0,evasion
0.4984236170822585,0.6666666666666666,21508,non_flipped,xgb,path_strip,3.0,evasion
0.5081685296646603,1.0,172153,non_flipped,xgb,path_strip,3.0,evasion
0.4846660934365148,1.0,215258,non_flipped,xgb,path_strip,3.0,evasion
0.4560045858412153,0.6666666666666666,108711,non_flipped,xgb,path_strip,3.0,evasion
0.4978503869303526,0.42857142857142855,91762,non_flipped,xgb,path_strip,3.0,evasion
0.5769561478933792,0.42857142857142855,45152,non_flipped,xgb,path_strip,3.0,evasion
0.4881054743479507,0.6666666666666666,22056,non_flipped,xgb,path_strip,3.0,evasion
0.08283175695041559,0.42857142857142855,194496,non_flipped,xgb,path_strip,3.0,evasion
0.34823731728288915,0.6666666666666666,207978,non_flipped,xgb,path_strip,3.0,evasion
0.5356835769561479,0.6666666666666666,200233,non_flipped,xgb,path_strip,3.0,evasion
0.5505875609057037,0.42857142857142855,8806,non_flipped,xgb,path_strip,3.0,evasion
0.28919461163657206,1.0,78075,non_flipped,xgb,path_strip,3.0,evasion
0.49613069647463465,0.6666666666666666,3531,non_flipped,xgb,path_strip,3.0,evasion
0.5408426483233019,0.6666666666666666,39293,non_flipped,xgb,path_strip,3.0,evasion
0.45829750644883926,0.42857142857142855,142867,non_flipped,xgb,path_strip,3.0,evasion
0.23875035826884497,0.6666666666666666,182480,non_flipped,xgb,path_strip,3.0,evasion
0.43020922900544567,0.6666666666666666,114706,non_flipped,xgb,path_strip,3.0,evasion
0.48867870449985673,0.42857142857142855,97769,non_flipped,xgb,path_strip,3.0,evasion
0.4967039266265405,0.6666666666666666,37247,non_flipped,xgb,path_strip,3.0,evasion
0.5505875609057037,0.42857142857142855,141794,non_flipped,xgb,path_strip,3.0,evasion
0.5018629979936945,0.42857142857142855,126143,non_flipped,xgb,path_strip,3.0,evasion
0.6038979650329608,0.6666666666666666,106919,non_flipped,xgb,path_strip,3.0,evasion
0.5265118945256521,0.6666666666666666,4313,non_flipped,xgb,path_strip,3.0,evasion
0.5098882201203784,0.42857142857142855,116142,non_flipped,xgb,path_strip,3.0,evasion
0.46632272857552304,0.6666666666666666,188578,non_flipped,xgb,path_strip,3.0,evasion
0.4537116652335913,0.6666666666666666,6094,non_flipped,xgb,path_strip,3.0,evasion
0.6113499570077388,0.6666666666666666,118159,non_flipped,xgb,path_strip,3.0,evasion
0.23244482659787907,1.0,28027,non_flipped,xgb,path_strip,3.0,evasion
0.5586127830323875,0.42857142857142855,7844,non_flipped,xgb,path_strip,3.0,evasion
0.3000859845227859,1.0,132372,non_flipped,xgb,path_strip,3.0,evasion
0.15104614502722846,0.25,80481,non_flipped,xgb,path_strip,3.0,evasion
-0.07194038406420179,0.25,60955,non_flipped,xgb,path_strip,3.0,evasion
0.3247348810547435,0.42857142857142855,80119,non_flipped,xgb,path_strip,3.0,evasion
0.28002292920607624,0.25,177765,non_flipped,xgb,path_strip,3.0,evasion
0.4542848953854973,0.6666666666666666,67127,non_flipped,xgb,path_strip,3.0,evasion
0.4445399828030955,0.25,162246,non_flipped,xgb,path_strip,3.0,evasion
0.5517340212095156,0.42857142857142855,38398,non_flipped,xgb,path_strip,3.0,evasion
0.4967039266265405,0.42857142857142855,73357,non_flipped,xgb,path_strip,3.0,evasion
0.15161937517913443,0.25,19721,non_flipped,xgb,path_strip,3.0,evasion
0.527658354829464,0.42857142857142855,68950,non_flipped,xgb,path_strip,3.0,evasion
0.48925193465176275,0.6666666666666666,52629,non_flipped,xgb,path_strip,3.0,evasion
0.39696188019489825,0.42857142857142855,199088,non_flipped,xgb,path_strip,3.0,evasion
0.5236457437661222,0.6666666666666666,67535,non_flipped,xgb,path_strip,3.0,evasion
0.4898251648036687,0.6666666666666666,226267,non_flipped,xgb,path_strip,3.0,evasion
0.46976210948695907,0.42857142857142855,165145,non_flipped,xgb,path_strip,3.0,evasion
0.5075952995127545,1.0,98335,non_flipped,xgb,path_strip,3.0,evasion
0.4021209515620522,0.6666666666666666,213622,non_flipped,xgb,path_strip,3.0,evasion
0.41530524505589,0.6666666666666666,101766,non_flipped,xgb,path_strip,3.0,evasion
0.1940384064201777,0.6666666666666666,223144,non_flipped,xgb,path_strip,3.0,evasion
0.5133276010318143,1.0,91953,non_flipped,xgb,path_strip,3.0,evasion
0.21123531097735743,0.6666666666666666,130655,non_flipped,xgb,path_strip,3.0,evasion
0.5425623387790198,0.6666666666666666,69679,non_flipped,xgb,path_strip,3.0,evasion
0.48867870449985673,1.0,39998,non_flipped,xgb,path_strip,3.0,evasion
0.5035826884494125,0.6666666666666666,20341,non_flipped,xgb,path_strip,3.0,evasion
0.4560045858412153,1.0,17837,non_flipped,xgb,path_strip,3.0,evasion
0.5202063628546861,0.6666666666666666,11844,non_flipped,xgb,path_strip,3.0,evasion
0.5574663227285757,0.42857142857142855,152678,non_flipped,xgb,path_strip,3.0,evasion
0.3241616509028375,0.42857142857142855,120112,non_flipped,xgb,path_strip,3.0,evasion
0.5070220693608484,1.0,179277,non_flipped,xgb,path_strip,3.0,evasion
0.5763829177414732,0.42857142857142855,30655,non_flipped,xgb,path_strip,3.0,evasion
0.5505875609057037,0.42857142857142855,191018,non_flipped,xgb,path_strip,3.0,evasion
0.4846660934365148,1.0,145122,non_flipped,xgb,path_strip,3.0,evasion
0.4926913155631987,0.42857142857142855,89169,non_flipped,xgb,path_strip,3.0,evasion
0.5121811407280022,0.42857142857142855,56940,non_flipped,xgb,path_strip,3.0,evasion
0.5075952995127545,0.42857142857142855,65987,non_flipped,xgb,path_strip,3.0,evasion
0.5402694181713958,0.6666666666666666,116447,non_flipped,xgb,path_strip,3.0,evasion
0.3562625394095729,1.0,36758,non_flipped,xgb,path_strip,3.0,evasion
0.48867870449985673,0.6666666666666666,131256,non_flipped,xgb,path_strip,3.0,evasion
0.5998853539696188,0.6666666666666666,175568,non_flipped,xgb,path_strip,3.0,evasion
0.4926913155631987,0.42857142857142855,216200,non_flipped,xgb,path_strip,3.0,evasion
0.09716251074806535,0.42857142857142855,69573,non_flipped,xgb,path_strip,3.0,evasion
0.46001719690455717,0.6666666666666666,143401,non_flipped,xgb,path_strip,3.0,evasion
0.35167669819432507,0.6666666666666666,143178,non_flipped,xgb,path_strip,3.0,evasion
0.22040699340785327,0.25,25750,non_flipped,xgb,path_strip,3.0,evasion
0.44052737173975354,0.6666666666666666,171561,non_flipped,xgb,path_strip,3.0,evasion
0.4989968472341646,1.0,150541,non_flipped,xgb,path_strip,3.0,evasion
0.5706506162224133,0.6666666666666666,112227,non_flipped,xgb,path_strip,3.0,evasion
0.49957007738607057,1.0,99068,non_flipped,xgb,path_strip,3.0,evasion
0.4359415305245056,0.25,68166,non_flipped,xgb,path_strip,3.0,evasion
0.5070220693608484,0.6666666666666666,104661,non_flipped,xgb,path_strip,3.0,evasion
0.353396388650043,0.6666666666666666,105598,non_flipped,xgb,path_strip,3.0,evasion
0.4903983949555747,0.6666666666666666,141388,non_flipped,xgb,path_strip,3.0,evasion
0.411292633992548,1.0,131729,non_flipped,xgb,path_strip,3.0,evasion
0.4938377758670106,0.6666666666666666,51447,non_flipped,xgb,path_strip,3.0,evasion
0.4198910862711379,0.6666666666666666,123988,non_flipped,xgb,path_strip,3.0,evasion
0.47205503009458305,1.0,142069,non_flipped,xgb,path_strip,3.0,evasion
0.5064488392089425,0.6666666666666666,73625,non_flipped,xgb,path_strip,3.0,evasion
0.4307824591573517,0.42857142857142855,210063,non_flipped,xgb,path_strip,3.0,evasion
0.4502722843221554,0.6666666666666666,107621,non_flipped,xgb,path_strip,3.0,evasion
0.4846660934365148,1.0,98678,non_flipped,xgb,path_strip,3.0,evasion
-0.1711092003439381,0.25,90861,non_flipped,xgb,path_strip,3.0,evasion
0.5763829177414732,0.42857142857142855,197927,non_flipped,xgb,path_strip,3.0,evasion
0.6050444253367727,0.6666666666666666,96385,non_flipped,xgb,path_strip,3.0,evasion
0.5700773860705074,0.6666666666666666,53719,non_flipped,xgb,path_strip,3.0,evasion
0.09486959014044138,0.42857142857142855,183703,non_flipped,xgb,path_strip,3.0,evasion
0.4984236170822585,0.6666666666666666,213992,non_flipped,xgb,path_strip,3.0,evasion
0.2622527944969905,0.6666666666666666,231480,non_flipped,xgb,path_strip,3.0,evasion
0.3814846660934365,0.42857142857142855,60980,non_flipped,xgb,path_strip,3.0,evasion
0.41243909429635994,0.6666666666666666,102203,non_flipped,xgb,path_strip,3.0,evasion
0.3321868730295214,0.6666666666666666,204980,non_flipped,xgb,path_strip,3.0,evasion
0.11550587560905705,0.42857142857142855,108789,non_flipped,xgb,path_strip,3.0,evasion
0.3253081112066495,0.6666666666666666,229897,non_flipped,xgb,path_strip,3.0,evasion
0.5993121238177129,0.6666666666666666,167929,non_flipped,xgb,path_strip,3.0,evasion
0.46001719690455717,0.6666666666666666,41346,non_flipped,xgb,path_strip,3.0,evasion
0.6079105760963028,0.42857142857142855,164396,non_flipped,xgb,path_strip,3.0,evasion
0.3935224992834623,0.6666666666666666,164506,non_flipped,xgb,path_strip,3.0,evasion
0.13155631986242478,0.42857142857142855,71069,non_flipped,xgb,path_strip,3.0,evasion
0.5396961880194898,0.42857142857142855,117325,non_flipped,xgb,path_strip,3.0,evasion
0.6107767268558326,0.6666666666666666,100645,non_flipped,xgb,path_strip,3.0,evasion
0.5867010604757811,0.6666666666666666,110235,non_flipped,xgb,path_strip,3.0,evasion
-0.042705646316996276,0.25,98157,non_flipped,xgb,path_strip,3.0,evasion
0.4846660934365148,1.0,175018,non_flipped,xgb,path_strip,3.0,evasion
0.6004585841215249,0.6666666666666666,6546,non_flipped,xgb,path_strip,3.0,evasion
0.25766695328174266,0.6666666666666666,105088,non_flipped,xgb,path_strip,3.0,evasion
0.3786185153339066,0.6666666666666666,69000,non_flipped,xgb,path_strip,3.0,evasion
0.3671539122957868,0.42857142857142855,99786,non_flipped,xgb,path_strip,3.0,evasion
0.38435081685296646,0.42857142857142855,76533,non_flipped,xgb,path_strip,3.0,evasion
0.5723703066781314,0.42857142857142855,150708,non_flipped,xgb,path_strip,3.0,evasion
0.5717970765262252,0.42857142857142855,74282,non_flipped,xgb,path_strip,3.0,evasion
0.40613356262539413,0.6666666666666666,83170,non_flipped,xgb,path_strip,3.0,evasion
0.2788764689022643,0.6666666666666666,183666,non_flipped,xgb,path_strip,3.0,evasion
0.12525078819145888,0.42857142857142855,4819,non_flipped,xgb,path_strip,3.0,evasion
0.6044711951848667,0.42857142857142855,229106,non_flipped,xgb,path_strip,3.0,evasion
0.6038979650329608,0.42857142857142855,170968,non_flipped,xgb,path_strip,3.0,evasion
0.5500143307537977,0.6666666666666666,103878,non_flipped,xgb,path_strip,3.0,evasion
0.3780452851820006,0.6666666666666666,130477,non_flipped,xgb,path_strip,3.0,evasion
0.43422184006878767,0.6666666666666666,207435,non_flipped,xgb,path_strip,3.0,evasion
0.5500143307537977,0.6666666666666666,165034,non_flipped,xgb,path_strip,3.0,evasion
0.6107767268558326,0.6666666666666666,44153,non_flipped,xgb,path_strip,3.0,evasion
0.42791630839782174,0.6666666666666666,177533,non_flipped,xgb,path_strip,3.0,evasion
0.35970192032100895,0.42857142857142855,154297,non_flipped,xgb,path_strip,3.0,evasion
0.6113499570077388,0.6666666666666666,88200,non_flipped,xgb,path_strip,3.0,evasion
0.44912582401834333,0.6666666666666666,118807,non_flipped,xgb,path_strip,3.0,evasion
-0.010031527658354831,0.42857142857142855,153033,non_flipped,xgb,path_strip,3.0,evasion
0.5723703066781314,0.6666666666666666,71294,non_flipped,xgb,path_strip,3.0,evasion
0.29206076239610207,0.6666666666666666,46745,non_flipped,xgb,path_strip,3.0,evasion
0.0048724562912009165,0.25,104381,non_flipped,xgb,path_strip,3.0,evasion
0.42791630839782174,0.42857142857142855,95270,non_flipped,xgb,path_strip,3.0,evasion
0.5511607910576096,0.42857142857142855,156719,non_flipped,xgb,path_strip,3.0,evasion
0.47090856979077106,1.0,69020,non_flipped,xgb,path_strip,3.0,evasion
0.473774720550301,1.0,126064,non_flipped,xgb,path_strip,3.0,evasion
0.532817426196618,0.42857142857142855,111031,non_flipped,xgb,path_strip,3.0,evasion
0.5803955288048152,0.42857142857142855,187181,non_flipped,xgb,path_strip,3.0,evasion
0.5586127830323875,0.42857142857142855,214255,non_flipped,xgb,path_strip,3.0,evasion
0.42275723703066787,0.42857142857142855,104707,non_flipped,xgb,path_strip,3.0,evasion
0.6027515047291488,0.6666666666666666,131316,non_flipped,xgb,path_strip,3.0,evasion
0.4502722843221554,0.6666666666666666,228218,non_flipped,xgb,path_strip,3.0,evasion
0.46460303811980513,1.0,228368,non_flipped,xgb,path_strip,3.0,evasion
0.5586127830323875,0.42857142857142855,155668,non_flipped,xgb,path_strip,3.0,evasion
0.3327601031814274,0.6666666666666666,220814,non_flipped,xgb,path_strip,3.0,evasion
0.15047291487532244,0.42857142857142855,142446,non_flipped,xgb,path_strip,3.0,evasion
0.4881054743479507,1.0,149150,non_flipped,xgb,path_strip,3.0,evasion
0.5500143307537977,0.42857142857142855,123331,non_flipped,xgb,path_strip,3.0,evasion
0.4233304671825739,0.42857142857142855,141240,non_flipped,xgb,path_strip,3.0,evasion
0.20321008885067357,0.42857142857142855,22692,non_flipped,xgb,path_strip,3.0,evasion
0.4032674118658641,0.6666666666666666,82569,non_flipped,xgb,path_strip,3.0,evasion
0.48065348237317285,0.42857142857142855,178874,non_flipped,xgb,path_strip,3.0,evasion
0.31097735740899973,0.42857142857142855,217825,non_flipped,xgb,path_strip,3.0,evasion
0.29378045285182003,0.42857142857142855,195529,non_flipped,xgb,path_strip,3.0,evasion
0.4657494984236171,0.42857142857142855,49559,non_flipped,xgb,path_strip,3.0,evasion
0.5253654342218401,0.42857142857142855,60546,non_flipped,xgb,path_strip,3.0,evasion
0.17282889079965608,0.6666666666666666,178584,non_flipped,xgb,path_strip,3.0,evasion
0.49957007738607057,0.42857142857142855,206779,non_flipped,xgb,path_strip,3.0,evasion
0.4938377758670106,0.25,232666,non_flipped,xgb,path_strip,3.0,evasion
0.48294640298079683,0.6666666666666666,182170,non_flipped,xgb,path_strip,3.0,evasion
0.5064488392089425,1.0,91425,non_flipped,xgb,path_strip,3.0,evasion
0.11665233591286903,0.25,14652,non_flipped,xgb,path_strip,3.0,evasion
0.08225852679850962,0.42857142857142855,39138,non_flipped,xgb,path_strip,3.0,evasion
0.5396961880194898,0.6666666666666666,233448,non_flipped,xgb,path_strip,3.0,evasion
0.4846660934365148,1.0,48352,non_flipped,xgb,path_strip,3.0,evasion
0.4955574663227286,0.42857142857142855,215761,non_flipped,xgb,path_strip,3.0,evasion
0.6113499570077388,0.6666666666666666,196249,non_flipped,xgb,path_strip,3.0,evasion
0.473774720550301,0.42857142857142855,35787,non_flipped,xgb,path_strip,3.0,evasion
0.5196331327027801,1.0,187053,non_flipped,xgb,path_strip,3.0,evasion
0.5224992834623102,0.6666666666666666,165164,non_flipped,xgb,path_strip,3.0,evasion
0.26339925480080256,0.6666666666666666,24949,non_flipped,xgb,path_strip,3.0,evasion
0.4004012611063342,0.6666666666666666,234372,non_flipped,xgb,path_strip,3.0,evasion
0.35110346804241904,0.42857142857142855,176945,non_flipped,xgb,path_strip,3.0,evasion
0.20607623961020352,0.6666666666666666,136633,non_flipped,xgb,path_strip,3.0,evasion
0.4078532530811121,0.6666666666666666,62562,non_flipped,xgb,path_strip,3.0,evasion
0.6033247348810548,1.0,65343,non_flipped,xgb,path_strip,3.0,evasion
0.5517340212095156,0.42857142857142855,41206,non_flipped,xgb,path_strip,3.0,evasion
0.5253654342218401,0.42857142857142855,170877,non_flipped,xgb,path_strip,3.0,evasion
0.6096302665520207,0.6666666666666666,34458,non_flipped,xgb,path_strip,3.0,evasion
0.5253654342218401,0.42857142857142855,1115,non_flipped,xgb,path_strip,3.0,evasion
0.4605904270564632,0.6666666666666666,72354,non_flipped,xgb,path_strip,3.0,evasion
0.5586127830323875,0.42857142857142855,163092,non_flipped,xgb,path_strip,3.0,evasion
0.5586127830323875,0.42857142857142855,143333,non_flipped,xgb,path_strip,3.0,evasion
0.5070220693608484,0.6666666666666666,118575,non_flipped,xgb,path_strip,3.0,evasion
0.6056176554886786,0.6666666666666666,34223,non_flipped,xgb,path_strip,3.0,evasion
0.5586127830323875,0.42857142857142855,170740,non_flipped,xgb,path_strip,3.0,evasion
0.5517340212095156,0.42857142857142855,233161,non_flipped,xgb,path_strip,3.0,evasion
0.42275723703066787,0.42857142857142855,196431,non_flipped,xgb,path_strip,3.0,evasion
0.6096302665520207,0.6666666666666666,88414,non_flipped,xgb,path_strip,3.0,evasion
0.47492118085411295,0.6666666666666666,154651,non_flipped,xgb,path_strip,3.0,evasion
0.4846660934365148,1.0,89728,non_flipped,xgb,path_strip,3.0,evasion
0.23359128690169104,0.25,71628,non_flipped,xgb,path_strip,3.0,evasion
0.5505875609057037,0.42857142857142855,22215,non_flipped,xgb,path_strip,3.0,evasion
0.4479793637145314,0.42857142857142855,215081,non_flipped,xgb,path_strip,3.0,evasion
0.4388076812840356,0.42857142857142855,118211,non_flipped,xgb,path_strip,3.0,evasion
0.6216680997420464,0.42857142857142855,36562,non_flipped,xgb,path_strip,3.0,evasion
0.5133276010318143,0.6666666666666666,34259,non_flipped,xgb,path_strip,3.0,evasion
0.46345657781599314,1.0,37429,non_flipped,xgb,path_strip,3.0,evasion
0.42906276870163373,0.42857142857142855,15245,non_flipped,xgb,path_strip,3.0,evasion
0.5706506162224133,0.6666666666666666,173436,non_flipped,xgb,path_strip,3.0,evasion
0.45543135568930926,0.6666666666666666,160113,non_flipped,xgb,path_strip,3.0,evasion
0.3361994840928633,0.6666666666666666,60582,non_flipped,xgb,path_strip,3.0,evasion
0.5505875609057037,0.42857142857142855,233848,non_flipped,xgb,path_strip,3.0,evasion
0.6222413298939525,0.42857142857142855,66262,non_flipped,xgb,path_strip,3.0,evasion
0.6084838062482086,0.6666666666666666,150148,non_flipped,xgb,path_strip,3.0,evasion
0.42676984809400975,0.42857142857142855,53029,non_flipped,xgb,path_strip,3.0,evasion
0.597019203210089,0.42857142857142855,233835,non_flipped,xgb,path_strip,3.0,evasion
0.40154772141014616,1.0,66759,non_flipped,xgb,path_strip,3.0,evasion
0.5586127830323875,0.42857142857142855,5144,non_flipped,xgb,path_strip,3.0,evasion
0.5310977357409,0.6666666666666666,180177,non_flipped,xgb,path_strip,3.0,evasion
0.4846660934365148,1.0,131480,non_flipped,xgb,path_strip,3.0,evasion
0.5018629979936945,0.6666666666666666,175820,non_flipped,xgb,path_strip,3.0,evasion
0.5307966055297016,1.0,52210,flipped,rf,path_strip,2.0,evasion
0.6277032575964961,1.0,88740,flipped,rf,path_strip,2.0,evasion
0.6238707911305776,0.6666666666666666,211905,flipped,rf,path_strip,2.0,evasion
0.5138242540377773,1.0,233332,flipped,rf,path_strip,2.0,evasion
0.5532439091157952,1.0,224198,flipped,rf,path_strip,2.0,evasion
0.5806186695866412,1.0,21569,flipped,rf,path_strip,2.0,evasion
0.4508623049548317,1.0,179668,flipped,rf,path_strip,2.0,evasion
0.5707637558171367,1.0,61535,flipped,rf,path_strip,2.0,evasion
0.5658362989323845,1.0,106129,flipped,rf,path_strip,2.0,evasion
0.5570763755817137,0.6666666666666666,125693,flipped,rf,path_strip,2.0,evasion
0.5915685737749795,0.6666666666666666,16659,flipped,rf,path_strip,2.0,evasion
0.4546947714207501,1.0,66319,flipped,rf,path_strip,2.0,evasion
0.4782370654256775,1.0,87452,flipped,rf,path_strip,2.0,evasion
0.5362715576238709,0.42857142857142855,49757,flipped,rf,path_strip,2.0,evasion
0.49411442649876813,0.6666666666666666,24849,flipped,rf,path_strip,2.0,evasion
0.4464823432794964,1.0,18476,flipped,rf,path_strip,2.0,evasion
0.5729537366548044,0.6666666666666666,167027,flipped,rf,path_strip,2.0,evasion
0.5975910210785657,0.6666666666666666,217683,flipped,rf,path_strip,2.0,evasion
0.5921160689843964,0.42857142857142855,31452,flipped,rf,path_strip,2.0,evasion
0.5209416917601972,0.6666666666666666,88407,flipped,rf,path_strip,2.0,evasion
0.5713112510265536,1.0,171260,flipped,rf,path_strip,2.0,evasion
-0.06268820147823707,0.6666666666666666,70534,flipped,rf,path_strip,2.0,evasion
0.5494114426498768,1.0,118353,flipped,rf,path_strip,2.0,evasion
0.5598138516287984,1.0,209390,flipped,rf,path_strip,2.0,evasion
0.5866411168902272,1.0,90284,flipped,rf,path_strip,2.0,evasion
0.5258691486449494,1.0,204905,flipped,rf,path_strip,2.0,evasion
0.5488639474404599,1.0,54600,flipped,rf,path_strip,2.0,evasion
0.5061593211059404,1.0,108413,flipped,rf,path_strip,2.0,evasion
0.5778811935395566,1.0,42239,flipped,rf,path_strip,2.0,evasion
0.62168081029291,1.0,70458,flipped,rf,path_strip,2.0,evasion
-0.07966055297016152,0.42857142857142855,150688,flipped,rf,path_strip,2.0,evasion
0.6298932384341637,1.0,63898,flipped,rf,path_strip,2.0,evasion
0.4886394744045991,1.0,123933,flipped,rf,path_strip,2.0,evasion
0.515466739666028,1.0,173717,flipped,rf,path_strip,2.0,evasion
0.6260607719682453,1.0,108704,flipped,rf,path_strip,2.0,evasion
0.6173008486175747,1.0,72025,flipped,rf,path_strip,2.0,evasion
0.5789761839583905,0.6666666666666666,25617,flipped,rf,path_strip,2.0,evasion
0.4798795510539284,0.6666666666666666,24225,flipped,rf,path_strip,2.0,evasion
0.4984943881741035,1.0,189317,flipped,rf,path_strip,2.0,evasion
0.5362715576238709,1.0,85937,flipped,rf,path_strip,2.0,evasion
0.5028743498494389,0.6666666666666666,211341,flipped,rf,path_strip,2.0,evasion
0.45688475225841774,1.0,9986,flipped,rf,path_strip,2.0,evasion
0.5023268546400219,0.6666666666666666,101614,flipped,rf,path_strip,2.0,evasion
0.6140158773610732,1.0,135764,flipped,rf,path_strip,2.0,evasion
0.5247741582261156,1.0,16081,flipped,rf,path_strip,2.0,evasion
0.4798795510539284,0.6666666666666666,114487,flipped,rf,path_strip,2.0,evasion
0.5756912127018889,0.6666666666666666,135626,flipped,rf,path_strip,2.0,evasion
0.5691212701888859,0.6666666666666666,135321,flipped,rf,path_strip,2.0,evasion
0.5067068163153573,0.6666666666666666,198913,flipped,rf,path_strip,2.0,evasion
0.5778811935395566,0.42857142857142855,163243,flipped,rf,path_strip,2.0,evasion
0.5756912127018889,0.6666666666666666,205540,flipped,rf,path_strip,2.0,evasion
0.5132767588283604,1.0,71521,flipped,rf,path_strip,2.0,evasion
0.482069531891596,1.0,135486,flipped,rf,path_strip,2.0,evasion
0.5663837941418013,1.0,227328,flipped,rf,path_strip,2.0,evasion
0.5691212701888859,1.0,233399,flipped,rf,path_strip,2.0,evasion
0.628250752805913,1.0,65059,flipped,rf,path_strip,2.0,evasion
0.24445661100465374,0.6666666666666666,111755,flipped,rf,path_strip,2.0,evasion
0.5023268546400219,1.0,124131,flipped,rf,path_strip,2.0,evasion
0.5570763755817137,1.0,72855,flipped,rf,path_strip,2.0,evasion
0.5773336983301396,1.0,119543,flipped,rf,path_strip,2.0,evasion
0.4990418833835205,1.0,74907,flipped,rf,path_strip,2.0,evasion
0.5275116342732001,1.0,185513,flipped,rf,path_strip,2.0,evasion
0.581713660005475,1.0,201001,flipped,rf,path_strip,2.0,evasion
0.6189433342458254,0.42857142857142855,66992,flipped,rf,path_strip,2.0,evasion
0.5444839857651246,0.42857142857142855,169686,flipped,rf,path_strip,2.0,evasion
0.5773336983301396,1.0,121869,flipped,rf,path_strip,2.0,evasion
0.4448398576512456,0.6666666666666666,58344,flipped,rf,path_strip,2.0,evasion
0.37366548042704634,0.6666666666666666,172505,flipped,rf,path_strip,2.0,evasion
0.49739939775526965,1.0,51597,flipped,rf,path_strip,2.0,evasion
0.5198467013413633,0.42857142857142855,152594,flipped,rf,path_strip,2.0,evasion
0.6118258965234055,1.0,12266,flipped,rf,path_strip,2.0,evasion
0.6123733917328225,0.6666666666666666,97597,flipped,rf,path_strip,2.0,evasion
0.5592663564193814,1.0,116523,flipped,rf,path_strip,2.0,evasion
0.5143717492471942,1.0,95617,flipped,rf,path_strip,2.0,evasion
0.5335340815767863,1.0,225748,flipped,rf,path_strip,2.0,evasion
0.5121817684095266,1.0,234372,flipped,rf,path_strip,2.0,evasion
0.5609088420476323,0.6666666666666666,197119,flipped,rf,path_strip,2.0,evasion
0.5209416917601972,1.0,224588,flipped,rf,path_strip,2.0,evasion
0.5329865863673693,0.6666666666666666,54952,flipped,rf,path_strip,2.0,evasion
0.5669312893512183,1.0,228750,flipped,rf,path_strip,2.0,evasion
0.5713112510265536,1.0,114085,flipped,rf,path_strip,2.0,evasion
0.5450314809745415,0.6666666666666666,127515,flipped,rf,path_strip,2.0,evasion
0.5773336983301396,1.0,136337,flipped,rf,path_strip,2.0,evasion
0.5433889953462908,1.0,228911,flipped,rf,path_strip,2.0,evasion
0.5061593211059404,1.0,199276,flipped,rf,path_strip,2.0,evasion
0.4108951546673967,1.0,202940,flipped,rf,path_strip,2.0,evasion
0.5247741582261156,0.6666666666666666,157647,flipped,rf,path_strip,2.0,evasion
0.6140158773610732,1.0,96948,flipped,rf,path_strip,2.0,evasion
0.5625513276758829,0.6666666666666666,111194,flipped,rf,path_strip,2.0,evasion
0.5718587462359705,1.0,225285,flipped,rf,path_strip,2.0,evasion
0.5581713660005476,1.0,19334,flipped,rf,path_strip,2.0,evasion
0.4640021899808377,1.0,168176,flipped,rf,path_strip,2.0,evasion
0.5849986312619765,1.0,59244,flipped,rf,path_strip,2.0,evasion
0.5450314809745415,1.0,62658,flipped,rf,path_strip,2.0,evasion
0.6238707911305776,1.0,234508,flipped,rf,path_strip,2.0,evasion
0.5516014234875445,0.6666666666666666,210330,flipped,rf,path_strip,2.0,evasion
0.4842595127292637,0.6666666666666666,37265,flipped,rf,path_strip,2.0,evasion
0.508349301943608,1.0,116302,flipped,rf,path_strip,2.0,evasion
0.4990418833835205,1.0,130341,flipped,rf,path_strip,2.0,evasion
0.5992335067068165,0.6666666666666666,17778,flipped,rf,path_strip,2.0,evasion
0.5756912127018889,1.0,222209,flipped,rf,path_strip,2.0,evasion
0.48973446482343286,1.0,36445,flipped,rf,path_strip,2.0,evasion
0.4995893785929374,1.0,193365,flipped,rf,path_strip,2.0,evasion
0.6277032575964961,1.0,26993,flipped,rf,path_strip,2.0,evasion
0.49356693128935125,1.0,68167,flipped,rf,path_strip,2.0,evasion
0.4990418833835205,0.42857142857142855,127036,flipped,rf,path_strip,2.0,evasion
0.5138242540377773,1.0,198707,flipped,rf,path_strip,2.0,evasion
0.5318915959485355,1.0,124469,flipped,rf,path_strip,2.0,evasion
0.5510539282781276,0.6666666666666666,201685,flipped,rf,path_strip,2.0,evasion
0.37366548042704634,0.6666666666666666,224567,flipped,rf,path_strip,2.0,evasion
0.5795236791678073,1.0,170555,flipped,rf,path_strip,2.0,evasion
0.5784286887489735,1.0,109308,flipped,rf,path_strip,2.0,evasion
0.5203941965507802,0.6666666666666666,186466,flipped,rf,path_strip,2.0,evasion
0.4574322474678347,0.6666666666666666,130448,flipped,rf,path_strip,2.0,evasion
0.5603613468382153,0.6666666666666666,151008,flipped,rf,path_strip,2.0,evasion
0.5390090336709554,1.0,232671,flipped,rf,path_strip,2.0,evasion
0.49356693128935125,0.6666666666666666,76249,flipped,rf,path_strip,2.0,evasion
0.5970435258691488,1.0,138000,flipped,rf,path_strip,2.0,evasion
0.5505064330687107,0.6666666666666666,50276,flipped,rf,path_strip,2.0,evasion
0.5034218450588558,1.0,91202,flipped,rf,path_strip,2.0,evasion
0.54174650971804,0.6666666666666666,79670,flipped,rf,path_strip,2.0,evasion
0.5505064330687107,1.0,105714,flipped,rf,path_strip,2.0,evasion
0.4464823432794964,0.6666666666666666,99403,flipped,rf,path_strip,2.0,evasion
0.5702162606077197,0.6666666666666666,201037,flipped,rf,path_strip,2.0,evasion
0.562003832466466,0.6666666666666666,146725,flipped,rf,path_strip,2.0,evasion
0.5203941965507802,1.0,22211,flipped,rf,path_strip,2.0,evasion
0.4519572953736655,1.0,153480,flipped,rf,path_strip,2.0,evasion
0.49082945524226673,0.6666666666666666,89667,flipped,rf,path_strip,2.0,evasion
0.5756912127018889,1.0,165391,flipped,rf,path_strip,2.0,evasion
0.581713660005475,1.0,67191,flipped,rf,path_strip,2.0,evasion
0.5499589378592937,0.6666666666666666,211449,flipped,rf,path_strip,2.0,evasion
0.54174650971804,0.6666666666666666,184016,flipped,rf,path_strip,2.0,evasion
0.6244182863399946,1.0,211795,flipped,rf,path_strip,2.0,evasion
0.5669312893512183,1.0,11992,flipped,rf,path_strip,2.0,evasion
0.5543388995346292,0.6666666666666666,157603,flipped,rf,path_strip,2.0,evasion
0.5811661647960581,0.6666666666666666,149756,flipped,rf,path_strip,2.0,evasion
0.6266082671776623,0.6666666666666666,12175,flipped,rf,path_strip,2.0,evasion
0.5072543115247741,0.6666666666666666,67088,flipped,rf,path_strip,2.0,evasion
0.5866411168902272,1.0,140617,flipped,rf,path_strip,2.0,evasion
0.5532439091157952,1.0,60451,flipped,rf,path_strip,2.0,evasion
0.5592663564193814,1.0,23619,flipped,rf,path_strip,2.0,evasion
0.5548863947440461,1.0,217420,flipped,rf,path_strip,2.0,evasion
0.535176567205037,0.42857142857142855,135886,flipped,rf,path_strip,2.0,evasion
0.6255132767588284,1.0,191752,flipped,rf,path_strip,2.0,evasion
0.5192992061319465,0.6666666666666666,163514,flipped,rf,path_strip,2.0,evasion
0.5499589378592937,1.0,61223,flipped,rf,path_strip,2.0,evasion
0.5324390911579525,1.0,198334,flipped,rf,path_strip,2.0,evasion
0.581713660005475,0.6666666666666666,153650,flipped,rf,path_strip,2.0,evasion
0.5718587462359705,1.0,107179,flipped,rf,path_strip,2.0,evasion
0.528606624692034,0.6666666666666666,17530,flipped,rf,path_strip,2.0,evasion
0.575143717492472,1.0,34276,flipped,rf,path_strip,2.0,evasion
0.5795236791678073,0.6666666666666666,81428,flipped,rf,path_strip,2.0,evasion
0.5789761839583905,1.0,79594,flipped,rf,path_strip,2.0,evasion
0.5910210785655626,0.6666666666666666,63432,flipped,rf,path_strip,2.0,evasion
0.5061593211059404,0.6666666666666666,233164,flipped,rf,path_strip,2.0,evasion
0.5056118258965234,1.0,151958,flipped,rf,path_strip,2.0,evasion
0.547768957021626,0.6666666666666666,151844,flipped,rf,path_strip,2.0,evasion
0.508349301943608,1.0,32914,flipped,rf,path_strip,2.0,evasion
0.5028743498494389,1.0,184050,flipped,rf,path_strip,2.0,evasion
0.4875444839857652,1.0,224896,flipped,rf,path_strip,2.0,evasion
0.5866411168902272,1.0,129961,flipped,rf,path_strip,2.0,evasion
0.5696687653983029,0.6666666666666666,218183,flipped,rf,path_strip,2.0,evasion
0.5121817684095266,1.0,59316,flipped,rf,path_strip,2.0,evasion
0.5395565288803724,1.0,200972,flipped,rf,path_strip,2.0,evasion
0.3462907199562004,0.6666666666666666,144982,flipped,rf,path_strip,2.0,evasion
0.5034218450588558,1.0,182976,flipped,rf,path_strip,2.0,evasion
0.5669312893512183,0.6666666666666666,230932,flipped,rf,path_strip,2.0,evasion
0.5182042157131127,0.6666666666666666,214595,flipped,rf,path_strip,2.0,evasion
0.48918696961401587,0.6666666666666666,219908,flipped,rf,path_strip,2.0,evasion
0.5598138516287984,1.0,44053,flipped,rf,path_strip,2.0,evasion
0.5899260881467288,0.6666666666666666,105753,flipped,rf,path_strip,2.0,evasion
0.5225841773884479,0.6666666666666666,126922,flipped,rf,path_strip,2.0,evasion
0.42020257322748433,1.0,47070,flipped,rf,path_strip,2.0,evasion
0.5450314809745415,1.0,109142,flipped,rf,path_strip,2.0,evasion
0.6200383246646592,1.0,196947,flipped,rf,path_strip,2.0,evasion
0.5214891869696141,0.6666666666666666,45518,flipped,rf,path_strip,2.0,evasion
0.5225841773884479,1.0,54371,flipped,rf,path_strip,2.0,evasion
0.3922803175472215,1.0,150100,flipped,rf,path_strip,2.0,evasion
0.49630440733643577,0.6666666666666666,234678,flipped,rf,path_strip,2.0,evasion
0.5072543115247741,1.0,161412,flipped,rf,path_strip,2.0,evasion
0.5724062414453874,0.6666666666666666,18767,flipped,rf,path_strip,2.0,evasion
0.54174650971804,1.0,137050,flipped,rf,path_strip,2.0,evasion
0.4426498768135779,1.0,68128,flipped,rf,path_strip,2.0,evasion
0.5822611552148919,1.0,49029,flipped,rf,path_strip,2.0,evasion
0.5132767588283604,0.6666666666666666,19088,flipped,rf,path_strip,2.0,evasion
0.5943060498220641,1.0,145429,flipped,rf,path_strip,2.0,evasion
0.5127292636189434,1.0,58568,flipped,rf,path_strip,2.0,evasion
0.5034218450588558,0.6666666666666666,33683,flipped,rf,path_strip,2.0,evasion
0.5466739666027923,1.0,162075,flipped,rf,path_strip,2.0,evasion
0.44867232411716407,1.0,210491,flipped,rf,path_strip,2.0,evasion
0.5866411168902272,1.0,84607,flipped,rf,path_strip,2.0,evasion
0.5099917875718588,1.0,83436,flipped,rf,path_strip,2.0,evasion
0.5576238707911307,1.0,68690,flipped,rf,path_strip,2.0,evasion
0.3501231864221188,0.6666666666666666,215631,flipped,rf,path_strip,2.0,evasion
0.6271557623870792,1.0,57249,flipped,rf,path_strip,2.0,evasion
0.3720229947987955,1.0,122203,flipped,rf,path_strip,2.0,evasion
0.5034218450588558,1.0,134378,flipped,rf,path_strip,2.0,evasion
0.516014234875445,0.6666666666666666,143638,flipped,rf,path_strip,2.0,evasion
0.48261702710101295,0.6666666666666666,143995,flipped,rf,path_strip,2.0,evasion
0.4995893785929374,1.0,68987,flipped,rf,path_strip,2.0,evasion
0.4776895702162606,1.0,102566,flipped,rf,path_strip,2.0,evasion
0.5023268546400219,0.6666666666666666,77655,flipped,rf,path_strip,2.0,evasion
0.54174650971804,0.6666666666666666,181386,flipped,rf,path_strip,2.0,evasion
0.4990418833835205,0.6666666666666666,107418,flipped,rf,path_strip,2.0,evasion
0.4640021899808377,0.6666666666666666,93774,flipped,rf,path_strip,2.0,evasion
0.49356693128935125,1.0,228123,flipped,rf,path_strip,2.0,evasion
0.4990418833835205,0.6666666666666666,228326,flipped,rf,path_strip,2.0,evasion
0.5888310977278949,1.0,166753,flipped,rf,path_strip,2.0,evasion
0.4990418833835205,1.0,174247,flipped,rf,path_strip,2.0,evasion
0.54174650971804,1.0,59795,flipped,rf,path_strip,2.0,evasion
0.581713660005475,0.6666666666666666,206561,flipped,rf,path_strip,2.0,evasion
0.5247741582261156,1.0,158411,flipped,rf,path_strip,2.0,evasion
0.5910210785655626,1.0,45073,flipped,rf,path_strip,2.0,evasion
0.46892964686559,0.6666666666666666,108471,flipped,rf,path_strip,2.0,evasion
0.535176567205037,1.0,76744,flipped,rf,path_strip,2.0,evasion
0.5318915959485355,0.6666666666666666,161102,flipped,rf,path_strip,2.0,evasion
0.4886394744045991,1.0,116825,flipped,rf,path_strip,2.0,evasion
0.5943060498220641,1.0,51933,flipped,rf,path_strip,2.0,evasion
0.47714207500684375,1.0,182877,flipped,rf,path_strip,2.0,evasion
0.5724062414453874,1.0,56911,flipped,rf,path_strip,2.0,evasion
0.5488639474404599,0.6666666666666666,38808,flipped,rf,path_strip,2.0,evasion
0.5592663564193814,0.6666666666666666,98644,flipped,rf,path_strip,2.0,evasion
0.5576238707911307,1.0,72313,flipped,rf,path_strip,2.0,evasion
0.4990418833835205,1.0,158329,flipped,rf,path_strip,2.0,evasion
0.5784286887489735,0.6666666666666666,181637,flipped,rf,path_strip,2.0,evasion
0.5078018067341911,0.6666666666666666,194435,flipped,rf,path_strip,2.0,evasion
0.49685190254585276,0.6666666666666666,107810,flipped,rf,path_strip,2.0,evasion
0.6183958390364085,1.0,64345,flipped,rf,path_strip,2.0,evasion
0.4869969887763482,0.6666666666666666,50286,flipped,rf,path_strip,2.0,evasion
0.62879824801533,1.0,120782,flipped,rf,path_strip,2.0,evasion
0.5455789761839585,1.0,151608,flipped,rf,path_strip,2.0,evasion
0.5516014234875445,1.0,187151,flipped,rf,path_strip,2.0,evasion
0.5379140432521216,1.0,135530,flipped,rf,path_strip,2.0,evasion
0.5860936216808104,1.0,4275,flipped,rf,path_strip,2.0,evasion
0.4995893785929374,1.0,41018,flipped,rf,path_strip,2.0,evasion
0.568026279770052,1.0,139264,flipped,rf,path_strip,2.0,evasion
0.5767862031207228,1.0,192619,flipped,rf,path_strip,2.0,evasion
0.5165617300848618,0.6666666666666666,220582,flipped,rf,path_strip,2.0,evasion
0.6036134683821517,0.6666666666666666,156316,flipped,rf,path_strip,2.0,evasion
0.5182042157131127,0.6666666666666666,77169,flipped,rf,path_strip,2.0,evasion
0.5149192444566111,0.6666666666666666,43379,flipped,rf,path_strip,2.0,evasion
0.6112784013139886,1.0,147350,flipped,rf,path_strip,2.0,evasion
0.495209416917602,0.6666666666666666,149018,flipped,rf,path_strip,2.0,evasion
0.5581713660005476,1.0,208515,flipped,rf,path_strip,2.0,evasion
0.5061593211059404,0.6666666666666666,74281,flipped,rf,path_strip,2.0,evasion
0.5395565288803724,1.0,74421,flipped,rf,path_strip,2.0,evasion
0.48097454147276225,0.6666666666666666,122239,flipped,rf,path_strip,2.0,evasion
0.49794689296468664,0.6666666666666666,147452,flipped,rf,path_strip,2.0,evasion
0.5954010402408979,0.6666666666666666,232382,flipped,rf,path_strip,2.0,evasion
0.5406515192992062,1.0,94059,flipped,rf,path_strip,2.0,evasion
0.5510539282781276,0.6666666666666666,61304,flipped,rf,path_strip,2.0,evasion
0.5466739666027923,1.0,38440,flipped,rf,path_strip,2.0,evasion
0.6156583629893239,0.42857142857142855,167169,flipped,rf,path_strip,2.0,evasion
0.4880919791951821,1.0,74076,flipped,rf,path_strip,2.0,evasion
0.6074459348480702,1.0,106550,flipped,rf,path_strip,2.0,evasion
0.5329865863673693,0.6666666666666666,175951,flipped,rf,path_strip,2.0,evasion
0.5647413085135506,0.6666666666666666,158533,flipped,rf,path_strip,2.0,evasion
0.6260607719682453,1.0,138796,flipped,rf,path_strip,2.0,evasion
0.5050643306871065,0.6666666666666666,42681,flipped,rf,path_strip,2.0,evasion
0.5970435258691488,0.6666666666666666,74087,flipped,rf,path_strip,2.0,evasion
0.5488639474404599,1.0,206022,flipped,rf,path_strip,2.0,evasion
0.5132767588283604,1.0,204012,flipped,rf,path_strip,2.0,evasion
0.5964960306597318,0.6666666666666666,70822,flipped,rf,path_strip,2.0,evasion
0.548316452231043,1.0,87474,flipped,rf,path_strip,2.0,evasion
0.48371201751984677,1.0,147173,flipped,rf,path_strip,2.0,evasion
0.4924719408705174,0.42857142857142855,156717,flipped,rf,path_strip,2.0,evasion
0.4880919791951821,1.0,28824,flipped,rf,path_strip,2.0,evasion
0.5357240624144539,1.0,183348,flipped,rf,path_strip,2.0,evasion
0.5702162606077197,0.6666666666666666,61836,flipped,rf,path_strip,2.0,evasion
0.4661921708185054,1.0,180373,flipped,rf,path_strip,2.0,evasion
0.5121817684095266,0.6666666666666666,42302,flipped,rf,path_strip,2.0,evasion
0.47714207500684375,1.0,123459,flipped,rf,path_strip,2.0,evasion
0.4722146181220915,0.6666666666666666,225457,flipped,rf,path_strip,2.0,evasion
0.5921160689843964,1.0,115500,flipped,rf,path_strip,2.0,evasion
0.5099917875718588,1.0,220191,flipped,rf,path_strip,2.0,evasion
0.4212975636463182,1.0,86075,flipped,rf,path_strip,2.0,evasion
0.5023268546400219,1.0,75541,flipped,rf,path_strip,2.0,evasion
0.4295099917875719,0.6666666666666666,110856,flipped,rf,path_strip,2.0,evasion
0.628250752805913,1.0,87980,flipped,rf,path_strip,2.0,evasion
0.62168081029291,0.6666666666666666,104359,flipped,rf,path_strip,2.0,evasion
0.5532439091157952,1.0,94599,flipped,rf,path_strip,2.0,evasion
0.5455789761839585,1.0,211067,flipped,rf,path_strip,2.0,evasion
0.5061593211059404,0.6666666666666666,151752,flipped,rf,path_strip,2.0,evasion
0.548316452231043,1.0,197797,flipped,rf,path_strip,2.0,evasion
0.6200383246646592,1.0,210171,flipped,rf,path_strip,2.0,evasion
0.5888310977278949,1.0,117926,flipped,rf,path_strip,2.0,evasion
0.5795236791678073,0.6666666666666666,115483,flipped,rf,path_strip,2.0,evasion
0.5225841773884479,1.0,172777,flipped,rf,path_strip,2.0,evasion
0.5023268546400219,1.0,46311,flipped,rf,path_strip,2.0,evasion
0.5981385162879826,1.0,182778,flipped,rf,path_strip,2.0,evasion
0.5625513276758829,0.6666666666666666,114089,flipped,rf,path_strip,2.0,evasion
0.5975910210785657,1.0,181314,flipped,rf,path_strip,2.0,evasion
0.5614563372570491,1.0,68575,flipped,rf,path_strip,2.0,evasion
0.555433889953463,1.0,159865,flipped,rf,path_strip,2.0,evasion
0.5526964139063784,0.6666666666666666,161157,flipped,rf,path_strip,2.0,evasion
0.5849986312619765,0.6666666666666666,27309,flipped,rf,path_strip,2.0,evasion
0.588283602518478,0.6666666666666666,131366,flipped,rf,path_strip,2.0,evasion
0.5899260881467288,1.0,128480,flipped,rf,path_strip,2.0,evasion
0.6260607719682453,0.6666666666666666,91962,flipped,rf,path_strip,2.0,evasion
0.5318915959485355,1.0,215032,flipped,rf,path_strip,2.0,evasion
0.5132767588283604,0.6666666666666666,133307,flipped,rf,path_strip,2.0,evasion
0.4782370654256775,0.6666666666666666,125511,flipped,rf,path_strip,2.0,evasion
0.4880919791951821,1.0,65542,flipped,rf,path_strip,2.0,evasion
0.14645496851902548,0.42857142857142855,64188,flipped,rf,path_strip,2.0,evasion
0.3430057486996989,0.6666666666666666,223282,flipped,rf,path_strip,2.0,evasion
0.3616205858198741,0.6666666666666666,122979,flipped,rf,path_strip,2.0,evasion
0.3616205858198741,0.6666666666666666,61606,flipped,rf,path_strip,2.0,evasion
0.48480700793868065,0.6666666666666666,19886,flipped,rf,path_strip,2.0,evasion
0.5839036408431427,1.0,223032,flipped,rf,path_strip,2.0,evasion
0.6200383246646592,0.6666666666666666,72300,flipped,rf,path_strip,2.0,evasion
0.5231316725978649,1.0,214445,flipped,rf,path_strip,2.0,evasion
0.5357240624144539,1.0,213012,flipped,rf,path_strip,2.0,evasion
0.5718587462359705,1.0,78334,flipped,rf,path_strip,2.0,evasion
0.49794689296468664,1.0,167466,flipped,rf,path_strip,2.0,evasion
0.5302491103202848,0.6666666666666666,173505,flipped,rf,path_strip,2.0,evasion
0.5516014234875445,1.0,124525,flipped,rf,path_strip,2.0,evasion
0.6101834108951548,0.6666666666666666,78972,flipped,rf,path_strip,2.0,evasion
0.5214891869696141,1.0,75099,flipped,rf,path_strip,2.0,evasion
0.5127292636189434,1.0,229436,flipped,rf,path_strip,2.0,evasion
0.6271557623870792,0.6666666666666666,141177,flipped,rf,path_strip,2.0,evasion
0.5318915959485355,1.0,87752,flipped,rf,path_strip,2.0,evasion
0.5647413085135506,1.0,129122,flipped,rf,path_strip,2.0,evasion
0.5915685737749795,0.6666666666666666,202123,flipped,rf,path_strip,2.0,evasion
0.6266082671776623,1.0,176374,flipped,rf,path_strip,2.0,evasion
0.5691212701888859,0.6666666666666666,26190,flipped,rf,path_strip,2.0,evasion
0.5110867779906926,0.6666666666666666,37283,flipped,rf,path_strip,2.0,evasion
0.5203941965507802,0.6666666666666666,134821,flipped,rf,path_strip,2.0,evasion
0.5762387079113058,0.6666666666666666,86374,flipped,rf,path_strip,2.0,evasion
0.5943060498220641,1.0,45080,flipped,rf,path_strip,2.0,evasion
0.5132767588283604,1.0,129841,flipped,rf,path_strip,2.0,evasion
0.568026279770052,1.0,61295,flipped,rf,path_strip,2.0,evasion
0.5516014234875445,0.6666666666666666,160668,flipped,rf,path_strip,2.0,evasion
0.4722146181220915,0.6666666666666666,122289,flipped,rf,path_strip,2.0,evasion
0.6211333150834931,1.0,184808,flipped,rf,path_strip,2.0,evasion
0.6173008486175747,1.0,198375,flipped,rf,path_strip,2.0,evasion
0.4081576786203121,0.6666666666666666,71487,flipped,rf,path_strip,2.0,evasion
0.501779359430605,1.0,38762,flipped,rf,path_strip,2.0,evasion
0.555433889953463,1.0,65848,flipped,rf,path_strip,2.0,evasion
0.5713112510265536,1.0,193165,flipped,rf,path_strip,2.0,evasion
0.08896797153024913,0.42857142857142855,140701,flipped,rf,path_strip,2.0,evasion
0.54174650971804,0.6666666666666666,38914,flipped,rf,path_strip,2.0,evasion
0.5844511360525596,0.6666666666666666,122662,flipped,rf,path_strip,2.0,evasion
0.4984943881741035,1.0,101427,flipped,rf,path_strip,2.0,evasion
0.628250752805913,1.0,97008,flipped,rf,path_strip,2.0,evasion
0.4278675061593212,0.6666666666666666,38768,flipped,rf,path_strip,2.0,evasion
0.32658089241719135,0.6666666666666666,94214,flipped,rf,path_strip,2.0,evasion
0.6167533534081577,0.6666666666666666,193602,flipped,rf,path_strip,2.0,evasion
0.5373665480427047,0.6666666666666666,56156,flipped,rf,path_strip,2.0,evasion
0.5187517109225295,1.0,146432,flipped,rf,path_strip,2.0,evasion
0.5072543115247741,1.0,62516,flipped,rf,path_strip,2.0,evasion
0.5444839857651246,1.0,70225,flipped,rf,path_strip,2.0,evasion
0.6183958390364085,0.6666666666666666,90367,flipped,rf,path_strip,2.0,evasion
0.5028743498494389,1.0,220219,flipped,rf,path_strip,2.0,evasion
0.5581713660005476,1.0,101297,flipped,rf,path_strip,2.0,evasion
0.5636463180947168,1.0,87053,flipped,rf,path_strip,2.0,evasion
0.5767862031207228,1.0,228012,flipped,rf,path_strip,2.0,evasion
0.5401040240897893,0.6666666666666666,142527,flipped,rf,path_strip,2.0,evasion
0.5559813851628799,1.0,215486,flipped,rf,path_strip,2.0,evasion
0.522036682179031,0.6666666666666666,82734,flipped,rf,path_strip,2.0,evasion
0.4990418833835205,1.0,159314,flipped,rf,path_strip,2.0,evasion
0.5428415001368738,1.0,142580,flipped,rf,path_strip,2.0,evasion
0.5340815767862032,1.0,208067,flipped,rf,path_strip,2.0,evasion
0.5307966055297016,1.0,204528,flipped,rf,path_strip,2.0,evasion
0.62879824801533,1.0,126887,flipped,rf,path_strip,2.0,evasion
0.6249657815494115,1.0,107544,flipped,rf,path_strip,2.0,evasion
0.5231316725978649,1.0,91701,flipped,rf,path_strip,2.0,evasion
0.5860936216808104,1.0,144673,flipped,rf,path_strip,2.0,evasion
0.508349301943608,1.0,129191,flipped,rf,path_strip,2.0,evasion
0.5587188612099646,1.0,70178,flipped,rf,path_strip,2.0,evasion
0.5548863947440461,1.0,106254,flipped,rf,path_strip,2.0,evasion
0.5023268546400219,0.6666666666666666,136624,flipped,rf,path_strip,2.0,evasion
0.5061593211059404,1.0,196416,flipped,rf,path_strip,2.0,evasion
0.5472214618122092,1.0,150584,flipped,rf,path_strip,2.0,evasion
0.6129208869422393,1.0,13713,flipped,rf,path_strip,2.0,evasion
0.5926635641938133,0.6666666666666666,12104,flipped,rf,path_strip,2.0,evasion
0.4815220366821791,1.0,59162,flipped,rf,path_strip,2.0,evasion
0.5433889953462908,1.0,160551,flipped,rf,path_strip,2.0,evasion
0.5625513276758829,1.0,38624,flipped,rf,path_strip,2.0,evasion
0.46947714207500685,1.0,68770,flipped,rf,path_strip,2.0,evasion
0.5910210785655626,0.6666666666666666,198626,flipped,rf,path_strip,2.0,evasion
0.5444839857651246,1.0,115604,flipped,rf,path_strip,2.0,evasion
0.6074459348480702,0.6666666666666666,116299,flipped,rf,path_strip,2.0,evasion
0.5789761839583905,0.6666666666666666,209359,flipped,rf,path_strip,2.0,evasion
0.5543388995346292,1.0,233331,flipped,rf,path_strip,2.0,evasion
0.4108951546673967,1.0,178550,flipped,rf,path_strip,2.0,evasion
0.5636463180947168,1.0,2215,flipped,rf,path_strip,2.0,evasion
0.5932110594032303,1.0,33801,flipped,rf,path_strip,2.0,evasion
0.5149192444566111,1.0,130578,flipped,rf,path_strip,2.0,evasion
0.5001368738023542,1.0,204934,flipped,rf,path_strip,2.0,evasion
0.5505064330687107,1.0,102420,flipped,rf,path_strip,2.0,evasion
0.5784286887489735,1.0,172593,flipped,rf,path_strip,2.0,evasion
0.628250752805913,0.6666666666666666,157082,flipped,rf,path_strip,2.0,evasion
0.5691212701888859,0.6666666666666666,77908,flipped,rf,path_strip,2.0,evasion
0.5844511360525596,0.6666666666666666,110177,flipped,rf,path_strip,2.0,evasion
0.4913769504516836,0.6666666666666666,166868,flipped,rf,path_strip,2.0,evasion
0.5839036408431427,0.6666666666666666,69364,flipped,rf,path_strip,2.0,evasion
0.54174650971804,0.6666666666666666,192057,flipped,rf,path_strip,2.0,evasion
0.5269641390637833,1.0,69855,flipped,rf,path_strip,2.0,evasion
0.5324390911579525,1.0,97424,flipped,rf,path_strip,2.0,evasion
0.5110867779906926,0.6666666666666666,93992,flipped,rf,path_strip,2.0,evasion
0.5839036408431427,0.6666666666666666,2740,flipped,rf,path_strip,2.0,evasion
0.5143717492471942,1.0,30744,flipped,rf,path_strip,2.0,evasion
0.5740487270736382,1.0,223000,flipped,rf,path_strip,2.0,evasion
0.6249657815494115,1.0,114700,flipped,rf,path_strip,2.0,evasion
0.547768957021626,1.0,111016,flipped,rf,path_strip,2.0,evasion
0.49739939775526965,0.42857142857142855,129200,flipped,rf,path_strip,2.0,evasion
0.6277032575964961,1.0,170345,flipped,rf,path_strip,2.0,evasion
0.5855461264713934,0.6666666666666666,85010,flipped,rf,path_strip,2.0,evasion
0.415275116342732,0.6666666666666666,202719,flipped,rf,path_strip,2.0,evasion
0.5707637558171367,0.6666666666666666,85680,flipped,rf,path_strip,2.0,evasion
0.5505064330687107,1.0,56543,flipped,rf,path_strip,2.0,evasion
0.5099917875718588,1.0,90676,flipped,rf,path_strip,2.0,evasion
0.5368190528332877,1.0,118926,flipped,rf,path_strip,2.0,evasion
0.5548863947440461,0.6666666666666666,137412,flipped,rf,path_strip,2.0,evasion
0.4492198193265809,1.0,170859,flipped,rf,path_strip,2.0,evasion
0.5587188612099646,0.6666666666666666,22426,flipped,rf,path_strip,2.0,evasion
0.3430057486996989,0.6666666666666666,168849,flipped,rf,path_strip,2.0,evasion
0.575143717492472,1.0,22463,flipped,rf,path_strip,2.0,evasion
0.4886394744045991,1.0,86640,flipped,rf,path_strip,2.0,evasion
0.5658362989323845,1.0,52451,flipped,rf,path_strip,2.0,evasion
0.5833561456337257,1.0,5089,flipped,rf,path_strip,2.0,evasion
0.6249657815494115,0.6666666666666666,173060,flipped,rf,path_strip,2.0,evasion
0.5444839857651246,0.6666666666666666,207051,flipped,rf,path_strip,2.0,evasion
0.5247741582261156,0.6666666666666666,67370,flipped,rf,path_strip,2.0,evasion
0.49411442649876813,1.0,156188,flipped,rf,path_strip,2.0,evasion
0.3638105666575418,1.0,168188,flipped,rf,path_strip,2.0,evasion
0.5379140432521216,1.0,211841,flipped,rf,path_strip,2.0,evasion
0.5893785929373118,1.0,142594,flipped,rf,path_strip,2.0,evasion
0.5871886120996442,1.0,129833,flipped,rf,path_strip,2.0,evasion
0.6189433342458254,1.0,223716,flipped,rf,path_strip,2.0,evasion
0.5784286887489735,1.0,164666,flipped,rf,path_strip,2.0,evasion
0.5203941965507802,0.6666666666666666,119409,flipped,rf,path_strip,2.0,evasion
0.5915685737749795,1.0,145019,flipped,rf,path_strip,2.0,evasion
0.4990418833835205,0.6666666666666666,220891,flipped,rf,path_strip,2.0,evasion
0.48535450314809747,0.6666666666666666,137998,flipped,rf,path_strip,2.0,evasion
0.5444839857651246,0.6666666666666666,162743,flipped,rf,path_strip,2.0,evasion
0.2619764577059951,0.6666666666666666,205424,flipped,rf,path_strip,2.0,evasion
0.508349301943608,1.0,62360,flipped,rf,path_strip,2.0,evasion
0.5718587462359705,1.0,179389,flipped,rf,path_strip,2.0,evasion
0.5778811935395566,0.6666666666666666,75443,flipped,rf,path_strip,2.0,evasion
0.5165617300848618,1.0,57838,flipped,rf,path_strip,2.0,evasion
0.562003832466466,1.0,216561,flipped,rf,path_strip,2.0,evasion
0.5849986312619765,0.6666666666666666,105354,flipped,rf,path_strip,2.0,evasion
0.5340815767862032,1.0,897,flipped,rf,path_strip,2.0,evasion
0.5696687653983029,1.0,3204,flipped,rf,path_strip,2.0,evasion
0.5740487270736382,0.6666666666666666,77150,flipped,rf,path_strip,2.0,evasion
0.3501231864221188,0.6666666666666666,68943,flipped,rf,path_strip,2.0,evasion
0.5368190528332877,1.0,204262,flipped,rf,path_strip,2.0,evasion
0.5625513276758829,1.0,128493,flipped,rf,path_strip,2.0,evasion
0.5516014234875445,0.6666666666666666,111920,flipped,rf,path_strip,2.0,evasion
0.5877361073090611,1.0,232630,flipped,rf,path_strip,2.0,evasion
0.04024089789214345,0.6666666666666666,181453,flipped,rf,path_strip,2.0,evasion
0.5609088420476323,0.6666666666666666,52960,flipped,rf,path_strip,2.0,evasion
0.5187517109225295,0.6666666666666666,98825,flipped,rf,path_strip,2.0,evasion
0.5630988228852998,1.0,11688,flipped,rf,path_strip,2.0,evasion
0.47714207500684375,0.6666666666666666,226754,flipped,rf,path_strip,2.0,evasion
0.5231316725978649,1.0,96710,flipped,rf,path_strip,2.0,evasion
0.5899260881467288,1.0,160699,flipped,rf,path_strip,2.0,evasion
0.5516014234875445,1.0,163069,flipped,rf,path_strip,2.0,evasion
0.6266082671776623,1.0,112043,flipped,rf,path_strip,2.0,evasion
0.5335340815767863,1.0,110206,flipped,rf,path_strip,2.0,evasion
0.535176567205037,1.0,174153,flipped,rf,path_strip,2.0,evasion
0.5537914043252122,1.0,182691,flipped,rf,path_strip,2.0,evasion
0.594853545031481,1.0,74406,flipped,rf,path_strip,2.0,evasion
0.5954010402408979,0.6666666666666666,208350,flipped,rf,path_strip,2.0,evasion
0.6205858198740762,1.0,122801,flipped,rf,path_strip,2.0,evasion
0.5729537366548044,1.0,60991,flipped,rf,path_strip,2.0,evasion
0.44593484807007944,1.0,65631,flipped,rf,path_strip,2.0,evasion
0.49794689296468664,1.0,10665,flipped,rf,path_strip,2.0,evasion
0.5860936216808104,0.6666666666666666,71670,flipped,rf,path_strip,2.0,evasion
0.4875444839857652,1.0,106026,flipped,rf,path_strip,2.0,evasion
0.628250752805913,1.0,17326,flipped,rf,path_strip,2.0,evasion
0.48480700793868065,0.6666666666666666,69829,flipped,rf,path_strip,2.0,evasion
0.5258691486449494,0.6666666666666666,32731,flipped,rf,path_strip,2.0,evasion
0.5269641390637833,0.6666666666666666,168296,flipped,rf,path_strip,2.0,evasion
0.5357240624144539,1.0,18834,flipped,rf,path_strip,2.0,evasion
0.53462907199562,1.0,220206,flipped,rf,path_strip,2.0,evasion
0.5587188612099646,1.0,52579,flipped,rf,path_strip,2.0,evasion
0.5384615384615385,0.6666666666666666,35733,flipped,rf,path_strip,2.0,evasion
0.615110867779907,1.0,124666,flipped,rf,path_strip,2.0,evasion
0.4919244456611006,1.0,178571,flipped,rf,path_strip,2.0,evasion
0.5537914043252122,1.0,118321,flipped,rf,path_strip,2.0,evasion
0.5149192444566111,1.0,23786,flipped,rf,path_strip,2.0,evasion
0.5959485354503148,1.0,85241,flipped,rf,path_strip,2.0,evasion
0.4048727073638106,1.0,185082,flipped,rf,path_strip,2.0,evasion
0.628250752805913,0.6666666666666666,158399,flipped,rf,path_strip,2.0,evasion
0.5609088420476323,0.6666666666666666,114406,flipped,rf,path_strip,2.0,evasion
0.575143717492472,1.0,88967,flipped,rf,path_strip,2.0,evasion
0.5975910210785657,1.0,123988,flipped,rf,path_strip,2.0,evasion
0.49301943607993437,1.0,189072,flipped,rf,path_strip,2.0,evasion
0.45031480974541477,1.0,164936,flipped,rf,path_strip,2.0,evasion
0.5860936216808104,1.0,146864,flipped,rf,path_strip,2.0,evasion
0.42513003011223655,1.0,166985,flipped,rf,path_strip,2.0,evasion
0.5910210785655626,1.0,194465,flipped,rf,path_strip,2.0,evasion
0.5997810019162333,1.0,114340,flipped,rf,path_strip,2.0,evasion
0.5526964139063784,0.6666666666666666,70354,flipped,rf,path_strip,2.0,evasion
0.4990418833835205,1.0,115922,flipped,rf,path_strip,2.0,evasion
0.5373665480427047,1.0,230512,flipped,rf,path_strip,2.0,evasion
0.5072543115247741,0.6666666666666666,69677,flipped,rf,path_strip,2.0,evasion
0.5718587462359705,1.0,185766,flipped,rf,path_strip,2.0,evasion
0.6249657815494115,1.0,174896,flipped,rf,path_strip,2.0,evasion
0.5548863947440461,1.0,94260,flipped,rf,path_strip,2.0,evasion
0.4995893785929374,1.0,119514,flipped,rf,path_strip,2.0,evasion
0.5439364905557077,1.0,226251,flipped,rf,path_strip,2.0,evasion
0.34848070079386806,0.6666666666666666,202944,flipped,rf,path_strip,2.0,evasion
0.35888310977278953,0.6666666666666666,172328,flipped,rf,path_strip,2.0,evasion
0.31344100739118536,1.0,169338,flipped,rf,path_strip,2.0,evasion
0.48371201751984677,0.6666666666666666,20871,flipped,rf,path_strip,2.0,evasion
0.42458253490281966,1.0,89289,flipped,rf,path_strip,2.0,evasion
0.522036682179031,0.6666666666666666,152300,flipped,rf,path_strip,2.0,evasion
0.5729537366548044,1.0,28111,flipped,rf,path_strip,2.0,evasion
0.5116342732001096,1.0,185173,flipped,rf,path_strip,2.0,evasion
0.5702162606077197,0.6666666666666666,104340,flipped,rf,path_strip,2.0,evasion
0.48371201751984677,0.6666666666666666,49337,flipped,rf,path_strip,2.0,evasion
0.6238707911305776,1.0,63818,flipped,rf,path_strip,2.0,evasion
0.5828086504243088,1.0,75033,flipped,rf,path_strip,2.0,evasion
0.4924719408705174,0.6666666666666666,119043,flipped,rf,path_strip,2.0,evasion
0.5598138516287984,1.0,140243,flipped,rf,path_strip,2.0,evasion
0.5028743498494389,1.0,46924,flipped,rf,path_strip,2.0,evasion
0.38187790856830006,0.6666666666666666,33756,flipped,rf,path_strip,2.0,evasion
0.5981385162879826,1.0,216523,flipped,rf,path_strip,2.0,evasion
0.5888310977278949,0.6666666666666666,129563,flipped,rf,path_strip,2.0,evasion
0.5932110594032303,1.0,50738,flipped,rf,path_strip,2.0,evasion
0.6211333150834931,0.6666666666666666,119845,flipped,rf,path_strip,2.0,evasion
0.5340815767862032,0.42857142857142855,178470,flipped,rf,path_strip,2.0,evasion
0.6227758007117438,1.0,139526,flipped,rf,path_strip,2.0,evasion
0.5324390911579525,1.0,175763,flipped,rf,path_strip,2.0,evasion
0.5833561456337257,0.6666666666666666,123633,flipped,rf,path_strip,2.0,evasion
0.48535450314809747,0.6666666666666666,110707,flipped,rf,path_strip,2.0,evasion
0.5182042157131127,1.0,47018,flipped,rf,path_strip,2.0,evasion
0.5888310977278949,1.0,38726,flipped,rf,path_strip,2.0,evasion
0.5149192444566111,1.0,136454,flipped,rf,path_strip,2.0,evasion
0.4256775253216535,1.0,25268,flipped,rf,path_strip,2.0,evasion
0.6277032575964961,1.0,177738,flipped,rf,path_strip,2.0,evasion
0.501231864221188,1.0,108640,flipped,rf,path_strip,2.0,evasion
0.5745962222830551,0.6666666666666666,97261,flipped,rf,path_strip,2.0,evasion
0.5067068163153573,1.0,43632,flipped,rf,path_strip,2.0,evasion
0.5795236791678073,0.6666666666666666,59978,flipped,rf,path_strip,2.0,evasion
0.49794689296468664,1.0,68433,flipped,rf,path_strip,2.0,evasion
0.62879824801533,1.0,160741,flipped,rf,path_strip,2.0,evasion
0.5789761839583905,0.6666666666666666,154501,flipped,rf,path_strip,2.0,evasion
0.5828086504243088,0.6666666666666666,71599,flipped,rf,path_strip,2.0,evasion
0.5871886120996442,0.6666666666666666,29246,flipped,rf,path_strip,2.0,evasion
0.5362715576238709,1.0,210544,flipped,rf,path_strip,2.0,evasion
0.5132767588283604,0.6666666666666666,137126,flipped,rf,path_strip,2.0,evasion
0.5625513276758829,0.6666666666666666,169146,flipped,rf,path_strip,2.0,evasion
0.5614563372570491,1.0,159808,flipped,rf,path_strip,2.0,evasion
0.4404598959759103,1.0,146739,flipped,rf,path_strip,2.0,evasion
0.5034218450588558,0.6666666666666666,208277,flipped,rf,path_strip,2.0,evasion
0.6244182863399946,1.0,213842,flipped,rf,path_strip,2.0,evasion
0.5521489186969614,1.0,68001,flipped,rf,path_strip,2.0,evasion
0.5691212701888859,1.0,194470,flipped,rf,path_strip,2.0,evasion
0.5773336983301396,1.0,80510,flipped,rf,path_strip,2.0,evasion
0.5603613468382153,1.0,57443,flipped,rf,path_strip,2.0,evasion
0.4815220366821791,1.0,170604,flipped,rf,path_strip,2.0,evasion
0.6277032575964961,1.0,150924,flipped,rf,path_strip,2.0,evasion
0.3627155762387079,1.0,68163,flipped,rf,path_strip,2.0,evasion
0.5231316725978649,1.0,197478,flipped,rf,path_strip,2.0,evasion
0.4333424582534903,1.0,192623,flipped,rf,path_strip,2.0,evasion
0.5828086504243088,0.6666666666666666,60026,flipped,rf,path_strip,2.0,evasion
0.5625513276758829,1.0,202869,flipped,rf,path_strip,2.0,evasion
0.6293457432247468,1.0,157469,flipped,rf,path_strip,2.0,evasion
0.5149192444566111,1.0,23641,flipped,rf,path_strip,2.0,evasion
0.6271557623870792,1.0,28344,flipped,rf,path_strip,2.0,evasion
0.501779359430605,1.0,122697,flipped,rf,path_strip,2.0,evasion
0.5789761839583905,0.6666666666666666,12353,flipped,rf,path_strip,2.0,evasion
0.5406515192992062,1.0,161240,flipped,rf,path_strip,2.0,evasion
0.594853545031481,1.0,91282,flipped,rf,path_strip,2.0,evasion
0.6260607719682453,1.0,91126,flipped,rf,path_strip,2.0,evasion
0.4880919791951821,1.0,173656,flipped,rf,path_strip,2.0,evasion
0.5778811935395566,1.0,144225,flipped,rf,path_strip,2.0,evasion
0.49685190254585276,0.6666666666666666,145061,flipped,rf,path_strip,2.0,evasion
0.46783465644675615,1.0,24633,flipped,rf,path_strip,2.0,evasion
0.5559813851628799,1.0,26294,flipped,rf,path_strip,2.0,evasion
0.562003832466466,0.6666666666666666,141828,flipped,rf,path_strip,2.0,evasion
0.5444839857651246,0.6666666666666666,25960,flipped,rf,path_strip,2.0,evasion
0.5844511360525596,0.6666666666666666,93468,flipped,rf,path_strip,2.0,evasion
0.6211333150834931,1.0,148500,flipped,rf,path_strip,2.0,evasion
0.5702162606077197,1.0,227909,flipped,rf,path_strip,2.0,evasion
0.5789761839583905,1.0,90012,flipped,rf,path_strip,2.0,evasion
0.581713660005475,1.0,144223,flipped,rf,path_strip,2.0,evasion
0.5039693402682727,1.0,212197,flipped,rf,path_strip,2.0,evasion
0.5713112510265536,0.6666666666666666,84558,flipped,rf,path_strip,2.0,evasion
0.49739939775526965,1.0,208057,flipped,rf,path_strip,2.0,evasion
0.5324390911579525,1.0,225598,flipped,rf,path_strip,2.0,evasion
0.5877361073090611,0.42857142857142855,139499,flipped,rf,path_strip,2.0,evasion
0.5516014234875445,0.6666666666666666,32523,flipped,rf,path_strip,2.0,evasion
0.48918696961401587,1.0,121409,flipped,rf,path_strip,2.0,evasion
0.5121817684095266,1.0,132045,flipped,rf,path_strip,2.0,evasion
0.5340815767862032,0.6666666666666666,20957,flipped,rf,path_strip,2.0,evasion
0.5406515192992062,1.0,63873,flipped,rf,path_strip,2.0,evasion
0.575143717492472,1.0,230107,flipped,rf,path_strip,2.0,evasion
0.5521489186969614,1.0,57993,flipped,rf,path_strip,2.0,evasion
0.5395565288803724,1.0,55303,flipped,rf,path_strip,2.0,evasion
0.6008759923350672,1.0,40109,flipped,rf,path_strip,2.0,evasion
0.46673966602792233,1.0,220646,flipped,rf,path_strip,2.0,evasion
0.548316452231043,1.0,77631,flipped,rf,path_strip,2.0,evasion
0.3462907199562004,0.6666666666666666,35158,flipped,rf,path_strip,2.0,evasion
0.5592663564193814,0.6666666666666666,169156,flipped,rf,path_strip,2.0,evasion
0.5855461264713934,1.0,60145,flipped,rf,path_strip,2.0,evasion
0.5735012318642213,1.0,226431,flipped,rf,path_strip,2.0,evasion
0.382425403777717,0.6666666666666666,4260,flipped,rf,path_strip,2.0,evasion
0.5138242540377773,0.6666666666666666,91285,flipped,rf,path_strip,2.0,evasion
0.5297016151108678,1.0,184514,flipped,rf,path_strip,2.0,evasion
0.5937585546126471,0.6666666666666666,118742,flipped,rf,path_strip,2.0,evasion
0.5696687653983029,1.0,81393,flipped,rf,path_strip,2.0,evasion
0.11360525595401041,0.42857142857142855,135394,flipped,rf,path_strip,2.0,evasion
0.5954010402408979,1.0,189591,flipped,rf,path_strip,2.0,evasion
0.6277032575964961,1.0,111676,flipped,rf,path_strip,2.0,evasion
0.5275116342732001,0.6666666666666666,93863,flipped,rf,path_strip,2.0,evasion
0.5329865863673693,1.0,217994,flipped,rf,path_strip,2.0,evasion
0.5745962222830551,1.0,39483,flipped,rf,path_strip,2.0,evasion
0.5138242540377773,1.0,102224,flipped,rf,path_strip,2.0,evasion
0.5499589378592937,1.0,218871,flipped,rf,path_strip,2.0,evasion
0.5258691486449494,1.0,108476,flipped,rf,path_strip,2.0,evasion
-0.0917054475773337,0.25,46126,flipped,rf,path_strip,2.0,evasion
0.5242266630166987,1.0,227035,flipped,rf,path_strip,2.0,evasion
0.5099917875718588,1.0,223714,flipped,rf,path_strip,2.0,evasion
0.5110867779906926,1.0,135746,flipped,rf,path_strip,2.0,evasion
0.5510539282781276,0.6666666666666666,234280,flipped,rf,path_strip,2.0,evasion
0.46728716123733927,1.0,3387,flipped,rf,path_strip,2.0,evasion
0.5756912127018889,0.6666666666666666,124025,flipped,rf,path_strip,2.0,evasion
0.4590747330960855,1.0,178452,flipped,rf,path_strip,2.0,evasion
0.5461264713933753,1.0,74866,flipped,rf,path_strip,2.0,evasion
0.4640021899808377,0.6666666666666666,70585,flipped,rf,path_strip,2.0,evasion
0.5877361073090611,1.0,196148,flipped,rf,path_strip,2.0,evasion
0.5280591294826171,1.0,175322,flipped,rf,path_strip,2.0,evasion
0.5860936216808104,0.6666666666666666,61204,flipped,rf,path_strip,2.0,evasion
0.508349301943608,1.0,183616,flipped,rf,path_strip,2.0,evasion
0.568026279770052,1.0,224867,flipped,rf,path_strip,2.0,evasion
0.4984943881741035,1.0,175598,flipped,rf,path_strip,2.0,evasion
0.5444839857651246,0.6666666666666666,130387,flipped,rf,path_strip,2.0,evasion
0.6255132767588284,1.0,175283,flipped,rf,path_strip,2.0,evasion
0.5143717492471942,1.0,105914,flipped,rf,path_strip,2.0,evasion
0.5247741582261156,1.0,217609,flipped,rf,path_strip,2.0,evasion
0.6205858198740762,1.0,141273,flipped,rf,path_strip,2.0,evasion
0.16616479605803453,0.6666666666666666,158880,flipped,rf,path_strip,2.0,evasion
0.5373665480427047,0.6666666666666666,231849,flipped,rf,path_strip,2.0,evasion
0.5707637558171367,1.0,90630,flipped,rf,path_strip,2.0,evasion
0.6085409252669041,1.0,107135,flipped,rf,path_strip,2.0,evasion
0.4541472762113332,1.0,56377,flipped,rf,path_strip,2.0,evasion
0.5001368738023542,0.6666666666666666,56618,flipped,rf,path_strip,2.0,evasion
0.4995893785929374,1.0,211305,flipped,rf,path_strip,2.0,evasion
0.5275116342732001,0.6666666666666666,52489,flipped,rf,path_strip,2.0,evasion
0.5061593211059404,1.0,25015,flipped,rf,path_strip,2.0,evasion
0.5784286887489735,0.6666666666666666,41108,flipped,rf,path_strip,2.0,evasion
0.46947714207500685,0.6666666666666666,129424,flipped,rf,path_strip,2.0,evasion
0.5373665480427047,1.0,150180,flipped,rf,path_strip,2.0,evasion
0.5121817684095266,1.0,173636,flipped,rf,path_strip,2.0,evasion
0.5740487270736382,1.0,37980,flipped,rf,path_strip,2.0,evasion
0.4990418833835205,1.0,164557,flipped,rf,path_strip,2.0,evasion
0.5893785929373118,0.6666666666666666,84927,flipped,rf,path_strip,2.0,evasion
0.5182042157131127,1.0,153121,flipped,rf,path_strip,2.0,evasion
0.5143717492471942,1.0,102690,flipped,rf,path_strip,2.0,evasion
0.475499589378593,1.0,185199,flipped,rf,path_strip,2.0,evasion
0.4880919791951821,1.0,102439,flipped,rf,path_strip,2.0,evasion
0.5499589378592937,0.6666666666666666,203394,flipped,rf,path_strip,2.0,evasion
0.5258691486449494,0.6666666666666666,73449,flipped,rf,path_strip,2.0,evasion
0.6293457432247468,0.42857142857142855,80254,flipped,rf,path_strip,2.0,evasion
0.5280591294826171,0.6666666666666666,108,flipped,rf,path_strip,2.0,evasion
0.5362715576238709,1.0,75085,flipped,rf,path_strip,2.0,evasion
0.5198467013413633,1.0,223071,flipped,rf,path_strip,2.0,evasion
0.628250752805913,1.0,96171,flipped,rf,path_strip,2.0,evasion
0.5674787845606352,1.0,234473,flipped,rf,path_strip,2.0,evasion
0.5937585546126471,1.0,162574,flipped,rf,path_strip,2.0,evasion
0.5056118258965234,0.6666666666666666,191009,flipped,rf,path_strip,2.0,evasion
0.5877361073090611,1.0,159015,flipped,rf,path_strip,2.0,evasion
0.5614563372570491,1.0,134823,flipped,rf,path_strip,2.0,evasion
0.5307966055297016,1.0,45370,flipped,rf,path_strip,2.0,evasion
0.5581713660005476,1.0,91360,flipped,rf,path_strip,2.0,evasion
0.5915685737749795,0.6666666666666666,36626,flipped,rf,path_strip,2.0,evasion
0.6249657815494115,1.0,137888,flipped,rf,path_strip,2.0,evasion
0.5532439091157952,0.6666666666666666,106990,flipped,rf,path_strip,2.0,evasion
0.49685190254585276,0.6666666666666666,27430,flipped,rf,path_strip,2.0,evasion
0.5828086504243088,1.0,227382,flipped,rf,path_strip,2.0,evasion
0.5045168354776896,1.0,46764,flipped,rf,path_strip,2.0,evasion
0.5061593211059404,0.6666666666666666,220899,flipped,rf,path_strip,2.0,evasion
0.522036682179031,0.6666666666666666,86031,flipped,rf,path_strip,2.0,evasion
0.508349301943608,1.0,60193,flipped,rf,path_strip,2.0,evasion
0.32658089241719135,0.6666666666666666,23030,flipped,rf,path_strip,2.0,evasion
0.5209416917601972,0.6666666666666666,37533,flipped,rf,path_strip,2.0,evasion
0.5368190528332877,1.0,67746,flipped,rf,path_strip,2.0,evasion
0.5866411168902272,1.0,143000,flipped,rf,path_strip,2.0,evasion
0.4798795510539284,0.6666666666666666,70367,flipped,rf,path_strip,2.0,evasion
0.5455789761839585,1.0,229643,flipped,rf,path_strip,2.0,evasion
0.5258691486449494,0.6666666666666666,166772,flipped,rf,path_strip,2.0,evasion
0.6249657815494115,1.0,102069,flipped,rf,path_strip,2.0,evasion
0.48535450314809747,1.0,204737,flipped,rf,path_strip,2.0,evasion
0.5625513276758829,0.6666666666666666,75778,flipped,rf,path_strip,2.0,evasion
0.6173008486175747,0.6666666666666666,101546,flipped,rf,path_strip,2.0,evasion
0.5855461264713934,0.6666666666666666,220383,flipped,rf,path_strip,2.0,evasion
0.5997810019162333,1.0,71955,flipped,rf,path_strip,2.0,evasion
0.5231316725978649,1.0,86587,flipped,rf,path_strip,2.0,evasion
0.40542020257322753,1.0,43495,flipped,rf,path_strip,2.0,evasion
0.46892964686559,0.6666666666666666,11849,flipped,rf,path_strip,2.0,evasion
0.5855461264713934,0.6666666666666666,104979,flipped,rf,path_strip,2.0,evasion
0.5428415001368738,0.6666666666666666,49277,flipped,rf,path_strip,2.0,evasion
0.53462907199562,0.6666666666666666,136527,flipped,rf,path_strip,2.0,evasion
0.5061593211059404,1.0,162845,flipped,rf,path_strip,2.0,evasion
0.5997810019162333,1.0,44354,flipped,rf,path_strip,2.0,evasion
0.547768957021626,1.0,232318,flipped,rf,path_strip,2.0,evasion
0.5696687653983029,0.6666666666666666,127179,flipped,rf,path_strip,2.0,evasion
0.6145633725704901,1.0,45494,flipped,rf,path_strip,2.0,evasion
0.6085409252669041,1.0,105332,flipped,rf,path_strip,2.0,evasion
0.5411990145086231,0.6666666666666666,192889,flipped,rf,path_strip,2.0,evasion
0.4880919791951821,1.0,191944,flipped,rf,path_strip,2.0,evasion
0.5784286887489735,1.0,99422,flipped,rf,path_strip,2.0,evasion
0.5247741582261156,1.0,23890,flipped,rf,path_strip,2.0,evasion
0.5455789761839585,1.0,199254,flipped,rf,path_strip,2.0,evasion
0.5335340815767863,0.6666666666666666,116631,flipped,rf,path_strip,2.0,evasion
0.5745962222830551,0.6666666666666666,127954,flipped,rf,path_strip,2.0,evasion
0.5609088420476323,1.0,57283,flipped,rf,path_strip,2.0,evasion
0.5559813851628799,1.0,52607,flipped,rf,path_strip,2.0,evasion
0.628250752805913,1.0,43354,flipped,rf,path_strip,2.0,evasion
0.16233232959211608,0.42857142857142855,37910,flipped,rf,path_strip,2.0,evasion
0.5767862031207228,1.0,168550,flipped,rf,path_strip,2.0,evasion
0.5707637558171367,1.0,155074,flipped,rf,path_strip,2.0,evasion
0.5630988228852998,0.6666666666666666,196066,flipped,rf,path_strip,2.0,evasion
0.6194908294552424,1.0,47077,flipped,rf,path_strip,2.0,evasion
0.508349301943608,1.0,15913,flipped,rf,path_strip,2.0,evasion
0.6260607719682453,1.0,133298,flipped,rf,path_strip,2.0,evasion
0.5975910210785657,1.0,33131,flipped,rf,path_strip,2.0,evasion
0.5860936216808104,1.0,179466,flipped,rf,path_strip,2.0,evasion
0.5707637558171367,1.0,114152,flipped,rf,path_strip,2.0,evasion
0.5329865863673693,0.6666666666666666,156642,flipped,rf,path_strip,2.0,evasion
0.4946619217081851,1.0,229662,flipped,rf,path_strip,2.0,evasion
0.5247741582261156,1.0,225794,flipped,rf,path_strip,2.0,evasion
0.555433889953463,1.0,98022,flipped,rf,path_strip,2.0,evasion
0.501779359430605,1.0,94642,flipped,rf,path_strip,2.0,evasion
0.5499589378592937,1.0,10628,flipped,rf,path_strip,2.0,evasion
0.4574322474678347,0.6666666666666666,141634,flipped,rf,path_strip,2.0,evasion
0.5915685737749795,0.6666666666666666,215613,flipped,rf,path_strip,2.0,evasion
0.5839036408431427,0.6666666666666666,230002,flipped,rf,path_strip,2.0,evasion
0.4990418833835205,1.0,201430,flipped,rf,path_strip,2.0,evasion
0.535176567205037,0.6666666666666666,76648,flipped,rf,path_strip,2.0,evasion
0.5860936216808104,1.0,190777,flipped,rf,path_strip,2.0,evasion
0.5625513276758829,0.6666666666666666,233046,flipped,rf,path_strip,2.0,evasion
0.5921160689843964,1.0,79927,flipped,rf,path_strip,2.0,evasion
0.5516014234875445,1.0,183666,flipped,rf,path_strip,2.0,evasion
0.5428415001368738,1.0,136947,flipped,rf,path_strip,2.0,evasion
0.62879824801533,1.0,92470,flipped,rf,path_strip,2.0,evasion
0.5390090336709554,1.0,61484,flipped,rf,path_strip,2.0,evasion
0.5833561456337257,1.0,160523,flipped,rf,path_strip,2.0,evasion
0.5970435258691488,1.0,56974,flipped,rf,path_strip,2.0,evasion
0.5050643306871065,0.6666666666666666,91070,flipped,rf,path_strip,2.0,evasion
0.6255132767588284,1.0,83279,flipped,rf,path_strip,2.0,evasion
0.5658362989323845,1.0,157307,flipped,rf,path_strip,2.0,evasion
0.5187517109225295,0.6666666666666666,45740,flipped,rf,path_strip,2.0,evasion
0.522036682179031,0.6666666666666666,8684,flipped,rf,path_strip,2.0,evasion
0.6277032575964961,1.0,208416,flipped,rf,path_strip,2.0,evasion
0.568026279770052,1.0,155759,flipped,rf,path_strip,2.0,evasion
0.6238707911305776,1.0,171959,flipped,rf,path_strip,2.0,evasion
0.49082945524226673,1.0,146359,flipped,rf,path_strip,2.0,evasion
0.5149192444566111,1.0,119011,flipped,rf,path_strip,2.0,evasion
0.6189433342458254,1.0,20943,flipped,rf,path_strip,2.0,evasion
0.6255132767588284,1.0,62340,flipped,rf,path_strip,2.0,evasion
0.5406515192992062,1.0,222485,flipped,rf,path_strip,2.0,evasion
0.39666027922255687,1.0,63463,flipped,rf,path_strip,2.0,evasion
0.415275116342732,0.6666666666666666,185015,flipped,rf,path_strip,2.0,evasion
0.5833561456337257,0.6666666666666666,133715,flipped,rf,path_strip,2.0,evasion
0.562003832466466,1.0,76826,flipped,rf,path_strip,2.0,evasion
0.5127292636189434,1.0,201020,flipped,rf,path_strip,2.0,evasion
0.4804270462633453,0.6666666666666666,140150,flipped,rf,path_strip,2.0,evasion
0.548316452231043,0.6666666666666666,172878,flipped,rf,path_strip,2.0,evasion
0.49356693128935125,1.0,182418,flipped,rf,path_strip,2.0,evasion
0.5001368738023542,1.0,152212,flipped,rf,path_strip,2.0,evasion
0.501779359430605,1.0,161907,flipped,rf,path_strip,2.0,evasion
0.53462907199562,0.6666666666666666,109966,flipped,rf,path_strip,2.0,evasion
0.5822611552148919,1.0,185781,flipped,rf,path_strip,2.0,evasion
0.5696687653983029,1.0,132696,flipped,rf,path_strip,2.0,evasion
0.5056118258965234,1.0,140684,flipped,rf,path_strip,2.0,evasion
0.5636463180947168,1.0,48623,flipped,rf,path_strip,2.0,evasion
0.5729537366548044,1.0,92678,flipped,rf,path_strip,2.0,evasion
0.6238707911305776,1.0,82715,flipped,rf,path_strip,2.0,evasion
0.6293457432247468,1.0,130228,flipped,rf,path_strip,2.0,evasion
0.5269641390637833,1.0,143800,flipped,rf,path_strip,2.0,evasion
0.5379140432521216,1.0,231246,flipped,rf,path_strip,2.0,evasion
0.5028743498494389,1.0,138855,flipped,rf,path_strip,2.0,evasion
0.5877361073090611,1.0,86320,flipped,rf,path_strip,2.0,evasion
0.26690391459074736,0.6666666666666666,77796,flipped,rf,path_strip,2.0,evasion
0.49739939775526965,0.42857142857142855,85708,flipped,rf,path_strip,2.0,evasion
0.5849986312619765,0.6666666666666666,23918,flipped,rf,path_strip,2.0,evasion
0.5373665480427047,0.6666666666666666,221292,flipped,rf,path_strip,2.0,evasion
0.5647413085135506,0.6666666666666666,182792,flipped,rf,path_strip,2.0,evasion
-0.08294552422666303,0.6666666666666666,102189,flipped,rf,path_strip,2.0,evasion
0.5937585546126471,1.0,169089,flipped,rf,path_strip,2.0,evasion
0.4804270462633453,0.6666666666666666,122403,flipped,rf,path_strip,2.0,evasion
0.535176567205037,0.6666666666666666,34802,flipped,rf,path_strip,2.0,evasion
0.5855461264713934,0.6666666666666666,86130,flipped,rf,path_strip,2.0,evasion
0.5390090336709554,1.0,119608,flipped,rf,path_strip,2.0,evasion
0.5860936216808104,0.6666666666666666,120388,flipped,rf,path_strip,2.0,evasion
-0.019983575143717496,0.42857142857142855,176323,flipped,rf,path_strip,2.0,evasion
0.5001368738023542,1.0,27387,flipped,rf,path_strip,2.0,evasion
0.501779359430605,1.0,173890,flipped,rf,path_strip,2.0,evasion
0.46783465644675615,1.0,225301,flipped,rf,path_strip,2.0,evasion
0.5406515192992062,1.0,142547,flipped,rf,path_strip,2.0,evasion
0.5702162606077197,1.0,102031,flipped,rf,path_strip,2.0,evasion
0.594853545031481,1.0,185180,flipped,rf,path_strip,2.0,evasion
0.5072543115247741,1.0,210516,flipped,rf,path_strip,2.0,evasion
0.5001368738023542,1.0,186393,flipped,rf,path_strip,2.0,evasion
0.5959485354503148,0.6666666666666666,4734,flipped,rf,path_strip,2.0,evasion
0.5094442923624418,0.6666666666666666,83354,flipped,rf,path_strip,2.0,evasion
0.5581713660005476,1.0,159195,flipped,rf,path_strip,2.0,evasion
0.5609088420476323,1.0,111535,flipped,rf,path_strip,2.0,evasion
0.5214891869696141,1.0,16043,flipped,rf,path_strip,2.0,evasion
0.4995893785929374,1.0,43811,flipped,rf,path_strip,2.0,evasion
0.5778811935395566,0.6666666666666666,86078,flipped,rf,path_strip,2.0,evasion
0.5691212701888859,0.6666666666666666,114797,flipped,rf,path_strip,2.0,evasion
0.4913769504516836,0.6666666666666666,61672,flipped,rf,path_strip,2.0,evasion
0.38078291814946624,0.6666666666666666,170532,flipped,rf,path_strip,2.0,evasion
0.5078018067341911,0.6666666666666666,87562,flipped,rf,path_strip,2.0,evasion
0.41308513550506437,1.0,132969,flipped,rf,path_strip,2.0,evasion
0.5176567205036957,1.0,109146,flipped,rf,path_strip,2.0,evasion
0.5132767588283604,1.0,222080,flipped,rf,path_strip,2.0,evasion
0.5735012318642213,1.0,130026,flipped,rf,path_strip,2.0,evasion
0.5499589378592937,0.6666666666666666,132790,flipped,rf,path_strip,2.0,evasion
0.5466739666027923,0.6666666666666666,209085,flipped,rf,path_strip,2.0,evasion
0.5028743498494389,1.0,229901,flipped,rf,path_strip,2.0,evasion
0.62168081029291,1.0,42878,flipped,rf,path_strip,2.0,evasion
0.5707637558171367,1.0,186865,flipped,rf,path_strip,2.0,evasion
0.5587188612099646,0.6666666666666666,61058,flipped,rf,path_strip,2.0,evasion
0.5943060498220641,0.42857142857142855,178711,flipped,rf,path_strip,2.0,evasion
0.501779359430605,1.0,71645,flipped,rf,path_strip,2.0,evasion
0.4798795510539284,0.6666666666666666,182835,flipped,rf,path_strip,2.0,evasion
0.5357240624144539,1.0,5669,flipped,rf,path_strip,2.0,evasion
0.4048727073638106,1.0,104919,flipped,rf,path_strip,2.0,evasion
0.5943060498220641,1.0,70317,flipped,rf,path_strip,2.0,evasion
0.4776895702162606,1.0,144690,flipped,rf,path_strip,2.0,evasion
0.568573774979469,0.6666666666666666,121001,flipped,rf,path_strip,2.0,evasion
0.5548863947440461,1.0,208876,flipped,rf,path_strip,2.0,evasion
0.49411442649876813,1.0,166809,flipped,rf,path_strip,2.0,evasion
0.5455789761839585,1.0,156244,flipped,rf,path_strip,2.0,evasion
0.5707637558171367,1.0,54963,flipped,rf,path_strip,2.0,evasion
0.548316452231043,1.0,46383,flipped,rf,path_strip,2.0,evasion
0.0479058308239803,0.6666666666666666,207927,flipped,rf,path_strip,2.0,evasion
0.4295099917875719,0.6666666666666666,30147,flipped,rf,path_strip,2.0,evasion
0.6200383246646592,1.0,156098,flipped,rf,path_strip,2.0,evasion
0.5132767588283604,1.0,143044,flipped,rf,path_strip,2.0,evasion
0.6140158773610732,0.42857142857142855,105703,flipped,rf,path_strip,2.0,evasion
0.522036682179031,0.6666666666666666,143855,flipped,rf,path_strip,2.0,evasion
0.6183958390364085,1.0,9895,flipped,rf,path_strip,2.0,evasion
0.46673966602792233,1.0,74755,flipped,rf,path_strip,2.0,evasion
0.5702162606077197,1.0,139561,flipped,rf,path_strip,2.0,evasion
0.5921160689843964,0.6666666666666666,217019,flipped,rf,path_strip,2.0,evasion
0.5258691486449494,0.6666666666666666,220001,flipped,rf,path_strip,2.0,evasion
0.5214891869696141,1.0,121918,flipped,rf,path_strip,2.0,evasion
0.5603613468382153,0.6666666666666666,202543,flipped,rf,path_strip,2.0,evasion
0.5526964139063784,1.0,72130,flipped,rf,path_strip,2.0,evasion
0.382425403777717,0.6666666666666666,88749,flipped,rf,path_strip,2.0,evasion
0.5707637558171367,1.0,187958,flipped,rf,path_strip,2.0,evasion
0.5411990145086231,1.0,54311,flipped,rf,path_strip,2.0,evasion
0.04516835477689571,0.6666666666666666,50694,flipped,rf,path_strip,2.0,evasion
0.48480700793868065,1.0,190462,flipped,rf,path_strip,2.0,evasion
0.5225841773884479,1.0,193260,flipped,rf,path_strip,2.0,evasion
0.5329865863673693,0.6666666666666666,28263,flipped,rf,path_strip,2.0,evasion
0.5795236791678073,1.0,168222,flipped,rf,path_strip,2.0,evasion
0.5707637558171367,1.0,22625,flipped,rf,path_strip,2.0,evasion
0.53462907199562,1.0,208259,flipped,rf,path_strip,2.0,evasion
0.5718587462359705,1.0,64082,flipped,rf,path_strip,2.0,evasion
0.516014234875445,0.6666666666666666,134464,flipped,rf,path_strip,2.0,evasion
0.3616205858198741,0.6666666666666666,26580,flipped,rf,path_strip,2.0,evasion
0.5297016151108678,1.0,89505,flipped,rf,path_strip,2.0,evasion
0.5839036408431427,1.0,167272,flipped,rf,path_strip,2.0,evasion
0.03750342184505886,0.6666666666666666,42063,flipped,rf,path_strip,2.0,evasion
0.5713112510265536,1.0,24070,flipped,rf,path_strip,2.0,evasion
0.5981385162879826,1.0,206944,flipped,rf,path_strip,2.0,evasion
0.5598138516287984,1.0,234559,flipped,rf,path_strip,2.0,evasion
0.5537914043252122,1.0,147677,flipped,rf,path_strip,2.0,evasion
0.5603613468382153,0.6666666666666666,115575,flipped,rf,path_strip,2.0,evasion
0.5357240624144539,0.6666666666666666,91168,flipped,rf,path_strip,2.0,evasion
0.5466739666027923,0.6666666666666666,135073,flipped,rf,path_strip,2.0,evasion
0.5839036408431427,1.0,47882,flipped,rf,path_strip,2.0,evasion
0.4886394744045991,1.0,62335,flipped,rf,path_strip,2.0,evasion
0.5034218450588558,0.6666666666666666,57781,flipped,rf,path_strip,2.0,evasion
0.5143717492471942,1.0,98906,flipped,rf,path_strip,2.0,evasion
0.4842595127292637,1.0,227236,flipped,rf,path_strip,2.0,evasion
0.5072543115247741,1.0,111778,flipped,rf,path_strip,2.0,evasion
0.5784286887489735,1.0,35083,flipped,rf,path_strip,2.0,evasion
0.5428415001368738,1.0,124679,flipped,rf,path_strip,2.0,evasion
0.48371201751984677,0.6666666666666666,211913,flipped,rf,path_strip,2.0,evasion
0.4629071995620039,1.0,150010,flipped,rf,path_strip,2.0,evasion
0.3200109499041883,0.6666666666666666,142466,flipped,rf,path_strip,2.0,evasion
0.5559813851628799,1.0,104180,flipped,rf,path_strip,2.0,evasion
0.5384615384615385,0.6666666666666666,124503,flipped,rf,path_strip,2.0,evasion
0.5521489186969614,1.0,165285,flipped,rf,path_strip,2.0,evasion
0.62168081029291,1.0,202145,flipped,rf,path_strip,2.0,evasion
0.5724062414453874,0.6666666666666666,180456,flipped,rf,path_strip,2.0,evasion
0.5587188612099646,1.0,36670,flipped,rf,path_strip,2.0,evasion
0.5335340815767863,1.0,147958,flipped,rf,path_strip,2.0,evasion
0.5187517109225295,1.0,154825,flipped,rf,path_strip,2.0,evasion
0.4514098001642486,1.0,35062,flipped,rf,path_strip,2.0,evasion
0.5707637558171367,1.0,96147,flipped,rf,path_strip,2.0,evasion
0.49739939775526965,0.6666666666666666,140887,flipped,rf,path_strip,2.0,evasion
0.5630988228852998,1.0,201156,flipped,rf,path_strip,2.0,evasion
0.548316452231043,1.0,19204,flipped,rf,path_strip,2.0,evasion
0.5696687653983029,0.6666666666666666,120276,flipped,rf,path_strip,2.0,evasion
0.575143717492472,0.6666666666666666,147308,flipped,rf,path_strip,2.0,evasion
0.5099917875718588,1.0,154880,flipped,rf,path_strip,2.0,evasion
0.5641938133041337,1.0,35316,flipped,rf,path_strip,2.0,evasion
0.5192992061319465,1.0,127594,flipped,rf,path_strip,2.0,evasion
0.5937585546126471,0.6666666666666666,189662,flipped,rf,path_strip,2.0,evasion
0.5745962222830551,1.0,129490,flipped,rf,path_strip,2.0,evasion
0.4913769504516836,0.6666666666666666,32527,flipped,rf,path_strip,2.0,evasion
0.555433889953463,1.0,124529,flipped,rf,path_strip,2.0,evasion
0.5505064330687107,0.6666666666666666,76881,flipped,rf,path_strip,2.0,evasion
0.562003832466466,0.6666666666666666,61705,flipped,rf,path_strip,2.0,evasion
0.5132767588283604,1.0,127546,flipped,rf,path_strip,2.0,evasion
0.5335340815767863,0.6666666666666666,152415,flipped,rf,path_strip,2.0,evasion
0.54174650971804,0.6666666666666666,153090,flipped,rf,path_strip,2.0,evasion
0.5165617300848618,1.0,178558,flipped,rf,path_strip,2.0,evasion
0.06268820147823707,0.6666666666666666,17246,flipped,rf,path_strip,2.0,evasion
0.5893785929373118,1.0,74059,flipped,rf,path_strip,2.0,evasion
0.4475773336983302,1.0,205285,flipped,rf,path_strip,2.0,evasion
0.5039693402682727,0.6666666666666666,161491,flipped,rf,path_strip,2.0,evasion
0.5313441007391186,1.0,145164,flipped,rf,path_strip,2.0,evasion
0.5696687653983029,1.0,49346,flipped,rf,path_strip,2.0,evasion
0.6194908294552424,0.6666666666666666,31942,flipped,rf,path_strip,2.0,evasion
0.5494114426498768,1.0,2717,flipped,rf,path_strip,2.0,evasion
0.5877361073090611,1.0,122784,flipped,rf,path_strip,2.0,evasion
0.49685190254585276,1.0,114397,flipped,rf,path_strip,2.0,evasion
0.5023268546400219,1.0,18603,flipped,rf,path_strip,2.0,evasion
0.5006843690117712,0.6666666666666666,61476,flipped,rf,path_strip,2.0,evasion
0.5981385162879826,1.0,215522,flipped,rf,path_strip,2.0,evasion
0.54174650971804,0.6666666666666666,90787,flipped,rf,path_strip,2.0,evasion
0.5143717492471942,1.0,220911,flipped,rf,path_strip,2.0,evasion
0.47495209416917605,0.6666666666666666,146807,flipped,rf,path_strip,2.0,evasion
0.5390090336709554,1.0,156122,flipped,rf,path_strip,2.0,evasion
0.5236791678072817,0.6666666666666666,179221,flipped,rf,path_strip,2.0,evasion
0.5970435258691488,1.0,133157,flipped,rf,path_strip,2.0,evasion
0.5718587462359705,1.0,68130,flipped,rf,path_strip,2.0,evasion
0.5379140432521216,1.0,72196,flipped,rf,path_strip,2.0,evasion
0.5828086504243088,1.0,185729,flipped,rf,path_strip,2.0,evasion
0.5050643306871065,0.6666666666666666,69211,flipped,rf,path_strip,2.0,evasion
0.5713112510265536,0.6666666666666666,41211,flipped,rf,path_strip,2.0,evasion
0.54174650971804,0.6666666666666666,36584,flipped,rf,path_strip,2.0,evasion
0.5652888037229675,1.0,210196,flipped,rf,path_strip,2.0,evasion
0.4842595127292637,0.6666666666666666,114535,flipped,rf,path_strip,2.0,evasion
0.5614563372570491,1.0,134582,flipped,rf,path_strip,2.0,evasion
0.4705721324938407,1.0,129008,flipped,rf,path_strip,2.0,evasion
0.5592663564193814,1.0,18363,flipped,rf,path_strip,2.0,evasion
0.6211333150834931,0.6666666666666666,182628,flipped,rf,path_strip,2.0,evasion
0.5707637558171367,1.0,138776,flipped,rf,path_strip,2.0,evasion
0.5297016151108678,1.0,149837,flipped,rf,path_strip,2.0,evasion
0.5340815767862032,0.6666666666666666,155486,flipped,rf,path_strip,2.0,evasion
0.5390090336709554,0.6666666666666666,74291,flipped,rf,path_strip,2.0,evasion
0.5275116342732001,0.6666666666666666,225669,flipped,rf,path_strip,2.0,evasion
0.6271557623870792,0.6666666666666666,39109,flipped,rf,path_strip,2.0,evasion
0.568573774979469,1.0,95446,flipped,rf,path_strip,2.0,evasion
0.4798795510539284,0.6666666666666666,162173,flipped,rf,path_strip,2.0,evasion
0.19353955652888039,0.42857142857142855,127425,flipped,rf,path_strip,2.0,evasion
0.49301943607993437,1.0,83599,flipped,rf,path_strip,2.0,evasion
0.5236791678072817,1.0,103789,flipped,rf,path_strip,2.0,evasion
0.49356693128935125,1.0,225380,flipped,rf,path_strip,2.0,evasion
0.5395565288803724,1.0,69912,flipped,rf,path_strip,2.0,evasion
0.5603613468382153,0.6666666666666666,8930,flipped,rf,path_strip,2.0,evasion
0.5745962222830551,0.6666666666666666,132115,flipped,rf,path_strip,2.0,evasion
0.5335340815767863,1.0,12661,flipped,rf,path_strip,2.0,evasion
0.5828086504243088,0.6666666666666666,153366,flipped,rf,path_strip,2.0,evasion
0.5893785929373118,1.0,166971,flipped,rf,path_strip,2.0,evasion
0.5691212701888859,0.6666666666666666,102515,flipped,rf,path_strip,2.0,evasion
0.5127292636189434,1.0,153788,flipped,rf,path_strip,2.0,evasion
0.5559813851628799,1.0,211306,flipped,rf,path_strip,2.0,evasion
0.5269641390637833,1.0,84744,flipped,rf,path_strip,2.0,evasion
0.5269641390637833,0.6666666666666666,170258,flipped,rf,path_strip,2.0,evasion
0.5975910210785657,1.0,152272,flipped,rf,path_strip,2.0,evasion
0.562003832466466,1.0,160578,flipped,rf,path_strip,2.0,evasion
0.4705721324938407,1.0,108426,flipped,rf,path_strip,2.0,evasion
0.3462907199562004,0.6666666666666666,143605,flipped,rf,path_strip,2.0,evasion
0.5039693402682727,1.0,210570,flipped,rf,path_strip,2.0,evasion
0.5598138516287984,0.6666666666666666,189260,flipped,rf,path_strip,2.0,evasion
0.5061593211059404,0.6666666666666666,13642,flipped,rf,path_strip,2.0,evasion
0.44593484807007944,1.0,45689,flipped,rf,path_strip,2.0,evasion
0.6025184779633179,0.6666666666666666,59416,flipped,rf,path_strip,2.0,evasion
0.5302491103202848,1.0,151481,flipped,rf,path_strip,2.0,evasion
0.6101834108951548,1.0,214317,flipped,rf,path_strip,2.0,evasion
0.6277032575964961,0.6666666666666666,202619,flipped,rf,path_strip,2.0,evasion
0.5280591294826171,0.6666666666666666,198140,flipped,rf,path_strip,2.0,evasion
0.5132767588283604,1.0,147056,flipped,rf,path_strip,2.0,evasion
0.5707637558171367,0.6666666666666666,231904,flipped,rf,path_strip,2.0,evasion
0.5921160689843964,0.42857142857142855,99355,flipped,rf,path_strip,2.0,evasion
0.5247741582261156,1.0,42128,flipped,rf,path_strip,2.0,evasion
0.4859019983575144,1.0,124689,flipped,rf,path_strip,2.0,evasion
0.5800711743772243,1.0,178371,flipped,rf,path_strip,2.0,evasion
0.5143717492471942,1.0,128601,flipped,rf,path_strip,2.0,evasion
0.5056118258965234,1.0,158609,flipped,rf,path_strip,2.0,evasion
0.5422940049274569,1.0,174035,flipped,rf,path_strip,2.0,evasion
0.4656446756090885,1.0,64485,flipped,rf,path_strip,2.0,evasion
0.5893785929373118,1.0,123850,flipped,rf,path_strip,2.0,evasion
0.4514098001642486,1.0,222602,flipped,rf,path_strip,2.0,evasion
0.5707637558171367,1.0,132334,flipped,rf,path_strip,2.0,evasion
0.5532439091157952,0.6666666666666666,202157,flipped,rf,path_strip,2.0,evasion
0.5822611552148919,0.6666666666666666,184404,flipped,rf,path_strip,2.0,evasion
0.594853545031481,1.0,114198,flipped,rf,path_strip,2.0,evasion
0.5844511360525596,0.6666666666666666,224684,flipped,rf,path_strip,2.0,evasion
0.5422940049274569,0.6666666666666666,139673,flipped,rf,path_strip,2.0,evasion
0.6112784013139886,1.0,148483,flipped,rf,path_strip,2.0,evasion
0.5056118258965234,1.0,8148,flipped,rf,path_strip,2.0,evasion
0.5307966055297016,0.6666666666666666,36962,flipped,rf,path_strip,2.0,evasion
0.5236791678072817,1.0,70212,flipped,rf,path_strip,2.0,evasion
0.5975910210785657,1.0,60513,flipped,rf,path_strip,2.0,evasion
0.7393922803175473,1.0,137894,non_flipped,rf,path_strip,2.0,evasion
0.62879824801533,0.6666666666666666,112482,non_flipped,rf,path_strip,2.0,evasion
0.6271557623870792,0.25,51973,non_flipped,rf,path_strip,2.0,evasion
0.5926635641938133,0.42857142857142855,191925,non_flipped,rf,path_strip,2.0,evasion
0.5986860114973995,0.6666666666666666,158902,non_flipped,rf,path_strip,2.0,evasion
0.8822885299753628,0.6666666666666666,2849,non_flipped,rf,path_strip,2.0,evasion
0.5839036408431427,0.42857142857142855,78671,non_flipped,rf,path_strip,2.0,evasion
0.7437722419928826,1.0,125574,non_flipped,rf,path_strip,2.0,evasion
0.6156583629893239,0.42857142857142855,194039,non_flipped,rf,path_strip,2.0,evasion
0.3479332055844511,1.0,82890,non_flipped,rf,path_strip,2.0,evasion
0.628250752805913,0.42857142857142855,152678,non_flipped,rf,path_strip,2.0,evasion
0.6255132767588284,1.0,220113,non_flipped,rf,path_strip,2.0,evasion
0.5094442923624418,0.6666666666666666,147572,non_flipped,rf,path_strip,2.0,evasion
0.6271557623870792,1.0,110376,non_flipped,rf,path_strip,2.0,evasion
0.5116342732001096,0.6666666666666666,53072,non_flipped,rf,path_strip,2.0,evasion
0.475499589378593,1.0,85802,non_flipped,rf,path_strip,2.0,evasion
0.5718587462359705,1.0,67534,non_flipped,rf,path_strip,2.0,evasion
0.761292088694224,0.6666666666666666,227672,non_flipped,rf,path_strip,2.0,evasion
0.7492471940870519,0.42857142857142855,38825,non_flipped,rf,path_strip,2.0,evasion
0.5767862031207228,0.6666666666666666,56047,non_flipped,rf,path_strip,2.0,evasion
0.9425130030112238,1.0,67868,non_flipped,rf,path_strip,2.0,evasion
0.5926635641938133,0.42857142857142855,210425,non_flipped,rf,path_strip,2.0,evasion
0.40268272652614295,0.42857142857142855,125686,non_flipped,rf,path_strip,2.0,evasion
0.5970435258691488,0.42857142857142855,96232,non_flipped,rf,path_strip,2.0,evasion
0.9622228305502328,1.0,84007,non_flipped,rf,path_strip,2.0,evasion
0.7404872707363811,0.6666666666666666,225719,non_flipped,rf,path_strip,2.0,evasion
0.5926635641938133,0.42857142857142855,219392,non_flipped,rf,path_strip,2.0,evasion
0.7311798521762936,0.6666666666666666,44662,non_flipped,rf,path_strip,2.0,evasion
0.6277032575964961,1.0,228320,non_flipped,rf,path_strip,2.0,evasion
0.7662195455789762,0.6666666666666666,95703,non_flipped,rf,path_strip,2.0,evasion
0.7065425677525322,0.42857142857142855,206281,non_flipped,rf,path_strip,2.0,evasion
0.6189433342458254,1.0,29317,non_flipped,rf,path_strip,2.0,evasion
0.49301943607993437,0.6666666666666666,119044,non_flipped,rf,path_strip,2.0,evasion
0.9961675335340817,1.0,33519,non_flipped,rf,path_strip,2.0,evasion
0.5926635641938133,0.42857142857142855,152208,non_flipped,rf,path_strip,2.0,evasion
0.522036682179031,0.6666666666666666,126064,non_flipped,rf,path_strip,2.0,evasion
0.6255132767588284,0.6666666666666666,143043,non_flipped,rf,path_strip,2.0,evasion
0.5926635641938133,0.42857142857142855,234630,non_flipped,rf,path_strip,2.0,evasion
0.7333698330139612,1.0,113855,non_flipped,rf,path_strip,2.0,evasion
0.9967150287434987,1.0,83170,non_flipped,rf,path_strip,2.0,evasion
0.6260607719682453,0.42857142857142855,39186,non_flipped,rf,path_strip,2.0,evasion
0.9989050095811665,1.0,2142,non_flipped,rf,path_strip,2.0,evasion
0.5921160689843964,0.42857142857142855,231880,non_flipped,rf,path_strip,2.0,evasion
0.6769778264440186,1.0,185595,non_flipped,rf,path_strip,2.0,evasion
0.5981385162879826,0.42857142857142855,113108,non_flipped,rf,path_strip,2.0,evasion
0.5932110594032303,0.42857142857142855,83616,non_flipped,rf,path_strip,2.0,evasion
0.9961675335340817,0.6666666666666666,208371,non_flipped,rf,path_strip,2.0,evasion
0.5225841773884479,0.6666666666666666,73519,non_flipped,rf,path_strip,2.0,evasion
0.6496030659731729,0.42857142857142855,34731,non_flipped,rf,path_strip,2.0,evasion
0.868053654530523,1.0,160404,non_flipped,rf,path_strip,2.0,evasion
0.8620312072269368,1.0,183590,non_flipped,rf,path_strip,2.0,evasion
1.0,1.0,92330,non_flipped,rf,path_strip,2.0,evasion
0.535176567205037,0.6666666666666666,190667,non_flipped,rf,path_strip,2.0,evasion
0.5647413085135506,0.6666666666666666,129083,non_flipped,rf,path_strip,2.0,evasion
0.4886394744045991,0.42857142857142855,138990,non_flipped,rf,path_strip,2.0,evasion
0.8899534629071997,1.0,96692,non_flipped,rf,path_strip,2.0,evasion
0.9912400766493294,1.0,71201,non_flipped,rf,path_strip,2.0,evasion
0.5893785929373118,0.42857142857142855,188578,non_flipped,rf,path_strip,2.0,evasion
0.628250752805913,0.42857142857142855,178423,non_flipped,rf,path_strip,2.0,evasion
0.5357240624144539,0.42857142857142855,28242,non_flipped,rf,path_strip,2.0,evasion
0.5702162606077197,0.6666666666666666,212477,non_flipped,rf,path_strip,2.0,evasion
0.6255132767588284,0.42857142857142855,190548,non_flipped,rf,path_strip,2.0,evasion
0.8713386257870245,1.0,45858,non_flipped,rf,path_strip,2.0,evasion
0.5860936216808104,0.42857142857142855,214654,non_flipped,rf,path_strip,2.0,evasion
0.6266082671776623,0.42857142857142855,159654,non_flipped,rf,path_strip,2.0,evasion
0.5981385162879826,1.0,50479,non_flipped,rf,path_strip,2.0,evasion
0.6298932384341637,0.42857142857142855,139019,non_flipped,rf,path_strip,2.0,evasion
0.6255132767588284,0.42857142857142855,159077,non_flipped,rf,path_strip,2.0,evasion
0.4804270462633453,0.6666666666666666,14434,non_flipped,rf,path_strip,2.0,evasion
0.7919518204215714,1.0,71628,non_flipped,rf,path_strip,2.0,evasion
0.3950177935943061,0.6666666666666666,126284,non_flipped,rf,path_strip,2.0,evasion
0.4004927456884753,0.42857142857142855,89030,non_flipped,rf,path_strip,2.0,evasion
0.588283602518478,0.6666666666666666,28347,non_flipped,rf,path_strip,2.0,evasion
0.5713112510265536,0.42857142857142855,170753,non_flipped,rf,path_strip,2.0,evasion
0.5959485354503148,0.42857142857142855,103673,non_flipped,rf,path_strip,2.0,evasion
0.6277032575964961,0.42857142857142855,205790,non_flipped,rf,path_strip,2.0,evasion
0.93430057486997,1.0,171160,non_flipped,rf,path_strip,2.0,evasion
0.9698877634820697,1.0,5179,non_flipped,rf,path_strip,2.0,evasion
0.5970435258691488,0.42857142857142855,121857,non_flipped,rf,path_strip,2.0,evasion
0.5225841773884479,0.6666666666666666,69020,non_flipped,rf,path_strip,2.0,evasion
0.9282781275663838,1.0,143727,non_flipped,rf,path_strip,2.0,evasion
0.29099370380509176,0.6666666666666666,41017,non_flipped,rf,path_strip,2.0,evasion
0.6074459348480702,0.6666666666666666,76330,non_flipped,rf,path_strip,2.0,evasion
0.62879824801533,0.6666666666666666,106072,non_flipped,rf,path_strip,2.0,evasion
0.5964960306597318,0.42857142857142855,70229,non_flipped,rf,path_strip,2.0,evasion
0.628250752805913,0.42857142857142855,197964,non_flipped,rf,path_strip,2.0,evasion
0.6222283055023269,0.42857142857142855,37648,non_flipped,rf,path_strip,2.0,evasion
0.5860936216808104,0.42857142857142855,17329,non_flipped,rf,path_strip,2.0,evasion
0.48097454147276225,0.42857142857142855,151815,non_flipped,rf,path_strip,2.0,evasion
0.5926635641938133,0.42857142857142855,146700,non_flipped,rf,path_strip,2.0,evasion
0.5379140432521216,1.0,137296,non_flipped,rf,path_strip,2.0,evasion
0.5702162606077197,1.0,15459,non_flipped,rf,path_strip,2.0,evasion
0.5866411168902272,1.0,77775,non_flipped,rf,path_strip,2.0,evasion
0.5926635641938133,0.42857142857142855,6447,non_flipped,rf,path_strip,2.0,evasion
0.9989050095811665,1.0,11490,non_flipped,rf,path_strip,2.0,evasion
0.5368190528332877,1.0,159567,non_flipped,rf,path_strip,2.0,evasion
0.5975910210785657,0.42857142857142855,29117,non_flipped,rf,path_strip,2.0,evasion
0.5926635641938133,0.42857142857142855,10283,non_flipped,rf,path_strip,2.0,evasion
0.628250752805913,0.42857142857142855,231502,non_flipped,rf,path_strip,2.0,evasion
0.10867779906925815,0.6666666666666666,157114,non_flipped,rf,path_strip,2.0,evasion
0.7908568300027377,0.6666666666666666,196034,non_flipped,rf,path_strip,2.0,evasion
0.6205858198740762,0.6666666666666666,7272,non_flipped,rf,path_strip,2.0,evasion
0.6140158773610732,0.6666666666666666,131945,non_flipped,rf,path_strip,2.0,evasion
0.6244182863399946,0.42857142857142855,220702,non_flipped,rf,path_strip,2.0,evasion
0.5926635641938133,0.42857142857142855,214255,non_flipped,rf,path_strip,2.0,evasion
0.807281686285245,1.0,63127,non_flipped,rf,path_strip,2.0,evasion
0.5099917875718588,0.6666666666666666,202590,non_flipped,rf,path_strip,2.0,evasion
0.628250752805913,0.42857142857142855,228972,non_flipped,rf,path_strip,2.0,evasion
0.9989050095811665,1.0,225583,non_flipped,rf,path_strip,2.0,evasion
0.5828086504243088,0.6666666666666666,47247,non_flipped,rf,path_strip,2.0,evasion
0.6260607719682453,0.42857142857142855,12734,non_flipped,rf,path_strip,2.0,evasion
0.5926635641938133,0.42857142857142855,62679,non_flipped,rf,path_strip,2.0,evasion
0.9994525047905832,1.0,128016,non_flipped,rf,path_strip,2.0,evasion
0.5756912127018889,0.6666666666666666,59928,non_flipped,rf,path_strip,2.0,evasion
0.9967150287434987,1.0,159115,non_flipped,rf,path_strip,2.0,evasion
0.4656446756090885,0.42857142857142855,15760,non_flipped,rf,path_strip,2.0,evasion
0.3917328223378046,0.6666666666666666,151468,non_flipped,rf,path_strip,2.0,evasion
0.5121817684095266,0.6666666666666666,208103,non_flipped,rf,path_strip,2.0,evasion
0.6277032575964961,0.42857142857142855,6054,non_flipped,rf,path_strip,2.0,evasion
0.9972625239529155,1.0,229920,non_flipped,rf,path_strip,2.0,evasion
0.6266082671776623,0.42857142857142855,220438,non_flipped,rf,path_strip,2.0,evasion
0.5970435258691488,0.6666666666666666,79556,non_flipped,rf,path_strip,2.0,evasion
0.48261702710101295,0.6666666666666666,186372,non_flipped,rf,path_strip,2.0,evasion
0.6249657815494115,0.42857142857142855,217429,non_flipped,rf,path_strip,2.0,evasion
0.5926635641938133,0.42857142857142855,193044,non_flipped,rf,path_strip,2.0,evasion
0.3917328223378046,0.6666666666666666,192802,non_flipped,rf,path_strip,2.0,evasion
0.8253490281960034,0.6666666666666666,834,non_flipped,rf,path_strip,2.0,evasion
0.5822611552148919,0.42857142857142855,166539,non_flipped,rf,path_strip,2.0,evasion
0.7963317820969067,1.0,128902,non_flipped,rf,path_strip,2.0,evasion
0.6178483438269915,0.6666666666666666,106699,non_flipped,rf,path_strip,2.0,evasion
0.9638653161784835,1.0,215081,non_flipped,rf,path_strip,2.0,evasion
0.5231316725978649,0.6666666666666666,170689,non_flipped,rf,path_strip,2.0,evasion
0.5313441007391186,0.6666666666666666,163685,non_flipped,rf,path_strip,2.0,evasion
0.6249657815494115,0.6666666666666666,84135,non_flipped,rf,path_strip,2.0,evasion
0.5499589378592937,0.42857142857142855,60582,non_flipped,rf,path_strip,2.0,evasion
0.7957842868874898,0.6666666666666666,33639,non_flipped,rf,path_strip,2.0,evasion
0.5231316725978649,0.6666666666666666,158387,non_flipped,rf,path_strip,2.0,evasion
0.5242266630166987,0.42857142857142855,171599,non_flipped,rf,path_strip,2.0,evasion
0.5302491103202848,0.6666666666666666,150090,non_flipped,rf,path_strip,2.0,evasion
0.6255132767588284,0.42857142857142855,157394,non_flipped,rf,path_strip,2.0,evasion
0.5937585546126471,0.42857142857142855,231047,non_flipped,rf,path_strip,2.0,evasion
0.3085135505064331,0.6666666666666666,15387,non_flipped,rf,path_strip,2.0,evasion
0.6266082671776623,0.42857142857142855,37560,non_flipped,rf,path_strip,2.0,evasion
0.9989050095811665,1.0,2676,non_flipped,rf,path_strip,2.0,evasion
0.5718587462359705,0.6666666666666666,141270,non_flipped,rf,path_strip,2.0,evasion
0.508349301943608,0.6666666666666666,34643,non_flipped,rf,path_strip,2.0,evasion
0.8083766767040789,1.0,176945,non_flipped,rf,path_strip,2.0,evasion
0.6249657815494115,0.6666666666666666,59367,non_flipped,rf,path_strip,2.0,evasion
0.5225841773884479,0.6666666666666666,169239,non_flipped,rf,path_strip,2.0,evasion
0.993977552696414,1.0,95145,non_flipped,rf,path_strip,2.0,evasion
0.8510813030385984,1.0,43041,non_flipped,rf,path_strip,2.0,evasion
0.9260881467287162,0.6666666666666666,220279,non_flipped,rf,path_strip,2.0,evasion
0.4913769504516836,0.6666666666666666,119521,non_flipped,rf,path_strip,2.0,evasion
0.6266082671776623,0.42857142857142855,33031,non_flipped,rf,path_strip,2.0,evasion
0.5833561456337257,0.6666666666666666,194430,non_flipped,rf,path_strip,2.0,evasion
0.8571037503421847,0.6666666666666666,211482,non_flipped,rf,path_strip,2.0,evasion
0.6260607719682453,0.6666666666666666,9996,non_flipped,rf,path_strip,2.0,evasion
0.528606624692034,0.6666666666666666,144317,non_flipped,rf,path_strip,2.0,evasion
0.516014234875445,0.42857142857142855,78027,non_flipped,rf,path_strip,2.0,evasion
0.8844785108130304,1.0,32203,non_flipped,rf,path_strip,2.0,evasion
0.588283602518478,0.42857142857142855,113726,non_flipped,rf,path_strip,2.0,evasion
0.5789761839583905,0.6666666666666666,229990,non_flipped,rf,path_strip,2.0,evasion
0.9282781275663838,1.0,104221,non_flipped,rf,path_strip,2.0,evasion
0.48261702710101295,0.6666666666666666,97515,non_flipped,rf,path_strip,2.0,evasion
0.5329865863673693,0.6666666666666666,194781,non_flipped,rf,path_strip,2.0,evasion
0.6129208869422393,1.0,136760,non_flipped,rf,path_strip,2.0,evasion
0.5023268546400219,0.6666666666666666,177989,non_flipped,rf,path_strip,2.0,evasion
0.7826444018614839,1.0,136244,non_flipped,rf,path_strip,2.0,evasion
0.6277032575964961,0.6666666666666666,127332,non_flipped,rf,path_strip,2.0,evasion
0.5915685737749795,0.6666666666666666,49324,non_flipped,rf,path_strip,2.0,evasion
0.7766219545578977,0.6666666666666666,199623,non_flipped,rf,path_strip,2.0,evasion
0.9589378592937313,1.0,10854,non_flipped,rf,path_strip,2.0,evasion
0.6293457432247468,0.42857142857142855,63025,non_flipped,rf,path_strip,2.0,evasion
0.62879824801533,1.0,190850,non_flipped,rf,path_strip,2.0,evasion
0.8598412263892693,1.0,184273,non_flipped,rf,path_strip,2.0,evasion
0.5537914043252122,0.6666666666666666,56103,non_flipped,rf,path_strip,2.0,evasion
0.8642211880646046,1.0,167348,non_flipped,rf,path_strip,2.0,evasion
0.5932110594032303,0.42857142857142855,57147,non_flipped,rf,path_strip,2.0,evasion
0.9572953736654805,1.0,89603,non_flipped,rf,path_strip,2.0,evasion
0.5099917875718588,0.6666666666666666,91793,non_flipped,rf,path_strip,2.0,evasion
0.6266082671776623,1.0,42399,non_flipped,rf,path_strip,2.0,evasion
0.5056118258965234,1.0,44622,non_flipped,rf,path_strip,2.0,evasion
0.9967150287434987,1.0,225565,non_flipped,rf,path_strip,2.0,evasion
0.9572953736654805,1.0,196755,non_flipped,rf,path_strip,2.0,evasion
0.4557897618395839,0.42857142857142855,213114,non_flipped,rf,path_strip,2.0,evasion
1.0,1.0,224160,non_flipped,rf,path_strip,2.0,evasion
0.9507254311524775,1.0,70434,non_flipped,rf,path_strip,2.0,evasion
0.5904735833561456,1.0,118575,non_flipped,rf,path_strip,2.0,evasion
0.42184505885573503,0.6666666666666666,80762,non_flipped,rf,path_strip,2.0,evasion
0.9989050095811665,1.0,25872,non_flipped,rf,path_strip,2.0,evasion
0.8045442102381605,1.0,60817,non_flipped,rf,path_strip,2.0,evasion
0.45031480974541477,0.6666666666666666,220659,non_flipped,rf,path_strip,2.0,evasion
0.5866411168902272,0.42857142857142855,200353,non_flipped,rf,path_strip,2.0,evasion
0.6277032575964961,0.6666666666666666,218755,non_flipped,rf,path_strip,2.0,evasion
0.32986586367369286,0.42857142857142855,71991,non_flipped,rf,path_strip,2.0,evasion
0.9978100191623325,0.6666666666666666,141991,non_flipped,rf,path_strip,2.0,evasion
0.48261702710101295,0.6666666666666666,181149,non_flipped,rf,path_strip,2.0,evasion
0.5625513276758829,0.42857142857142855,127932,non_flipped,rf,path_strip,2.0,evasion
0.6008759923350672,0.42857142857142855,19724,non_flipped,rf,path_strip,2.0,evasion
0.5926635641938133,0.42857142857142855,186792,non_flipped,rf,path_strip,2.0,evasion
0.9923350670681632,1.0,45380,non_flipped,rf,path_strip,2.0,evasion
0.9233506706816317,1.0,46165,non_flipped,rf,path_strip,2.0,evasion
0.6266082671776623,0.42857142857142855,18331,non_flipped,rf,path_strip,2.0,evasion
0.5537914043252122,0.42857142857142855,47997,non_flipped,rf,path_strip,2.0,evasion
0.9425130030112238,1.0,137529,non_flipped,rf,path_strip,2.0,evasion
0.6112784013139886,0.6666666666666666,91289,non_flipped,rf,path_strip,2.0,evasion
0.5926635641938133,0.42857142857142855,127810,non_flipped,rf,path_strip,2.0,evasion
0.8521762934574324,1.0,191091,non_flipped,rf,path_strip,2.0,evasion
0.6260607719682453,0.6666666666666666,144411,non_flipped,rf,path_strip,2.0,evasion
0.8094716671229127,0.6666666666666666,92235,non_flipped,rf,path_strip,2.0,evasion
0.5921160689843964,0.42857142857142855,220101,non_flipped,rf,path_strip,2.0,evasion
0.4322474678346565,1.0,14390,non_flipped,rf,path_strip,2.0,evasion
0.628250752805913,0.42857142857142855,207393,non_flipped,rf,path_strip,2.0,evasion
0.6249657815494115,0.6666666666666666,190863,non_flipped,rf,path_strip,2.0,evasion
0.47933205584451144,0.6666666666666666,41834,non_flipped,rf,path_strip,2.0,evasion
0.5888310977278949,0.42857142857142855,138537,non_flipped,rf,path_strip,2.0,evasion
0.3676430331234602,0.42857142857142855,206877,non_flipped,rf,path_strip,2.0,evasion
0.4601697235149193,0.6666666666666666,29852,non_flipped,rf,path_strip,2.0,evasion
0.8171366000547496,0.6666666666666666,176040,non_flipped,rf,path_strip,2.0,evasion
0.5729537366548044,0.6666666666666666,169806,non_flipped,rf,path_strip,2.0,evasion
0.5926635641938133,0.42857142857142855,69919,non_flipped,rf,path_strip,2.0,evasion
0.5767862031207228,0.6666666666666666,199226,non_flipped,rf,path_strip,2.0,evasion
0.9633178209690665,1.0,109974,non_flipped,rf,path_strip,2.0,evasion
0.9983575143717495,1.0,20883,non_flipped,rf,path_strip,2.0,evasion
0.5893785929373118,0.42857142857142855,78390,non_flipped,rf,path_strip,2.0,evasion
0.4546947714207501,0.42857142857142855,153532,non_flipped,rf,path_strip,2.0,evasion
0.5866411168902272,1.0,215006,non_flipped,rf,path_strip,2.0,evasion
0.6441281138790036,0.6666666666666666,26355,non_flipped,rf,path_strip,2.0,evasion
0.7350123186422121,0.6666666666666666,132200,non_flipped,rf,path_strip,2.0,evasion
0.5499589378592937,0.42857142857142855,181234,non_flipped,rf,path_strip,2.0,evasion
0.8050917054475775,0.6666666666666666,197179,non_flipped,rf,path_strip,2.0,evasion
0.6266082671776623,0.42857142857142855,92111,non_flipped,rf,path_strip,2.0,evasion
0.3293183684642759,0.42857142857142855,66477,non_flipped,rf,path_strip,2.0,evasion
0.535176567205037,0.6666666666666666,214791,non_flipped,rf,path_strip,2.0,evasion
0.9961675335340817,1.0,115912,non_flipped,rf,path_strip,2.0,evasion
0.6227758007117438,0.42857142857142855,135205,non_flipped,rf,path_strip,2.0,evasion
0.5411990145086231,0.6666666666666666,149097,non_flipped,rf,path_strip,2.0,evasion
0.548316452231043,0.6666666666666666,70256,non_flipped,rf,path_strip,2.0,evasion
0.5921160689843964,0.42857142857142855,54048,non_flipped,rf,path_strip,2.0,evasion
0.43388995346290726,1.0,175746,non_flipped,rf,path_strip,2.0,evasion
0.6238707911305776,0.42857142857142855,147943,non_flipped,rf,path_strip,2.0,evasion
0.6277032575964961,0.42857142857142855,38938,non_flipped,rf,path_strip,2.0,evasion
0.5833561456337257,0.42857142857142855,176973,non_flipped,rf,path_strip,2.0,evasion
0.9047358335614565,1.0,6094,non_flipped,rf,path_strip,2.0,evasion
0.3605255954010403,0.42857142857142855,93855,non_flipped,rf,path_strip,2.0,evasion
0.3928278127566384,0.6666666666666666,57937,non_flipped,rf,path_strip,2.0,evasion
0.62879824801533,0.6666666666666666,173977,non_flipped,rf,path_strip,2.0,evasion
0.62879824801533,0.6666666666666666,83065,non_flipped,rf,path_strip,2.0,evasion
0.5526964139063784,0.6666666666666666,74010,non_flipped,rf,path_strip,2.0,evasion
0.5729537366548044,0.6666666666666666,48968,non_flipped,rf,path_strip,2.0,evasion
0.9452504790583084,1.0,125562,non_flipped,rf,path_strip,2.0,evasion
0.5986860114973995,1.0,151564,non_flipped,rf,path_strip,2.0,evasion
0.5444839857651246,0.42857142857142855,185637,non_flipped,rf,path_strip,2.0,evasion
0.9698877634820697,1.0,121978,non_flipped,rf,path_strip,2.0,evasion
0.5067068163153573,0.6666666666666666,203646,non_flipped,rf,path_strip,2.0,evasion
0.9994525047905832,1.0,106458,non_flipped,rf,path_strip,2.0,evasion
0.5899260881467288,0.42857142857142855,187955,non_flipped,rf,path_strip,2.0,evasion
0.9797426772515742,1.0,6546,non_flipped,rf,path_strip,2.0,evasion
0.22091431699972627,0.6666666666666666,173209,non_flipped,rf,path_strip,2.0,evasion
0.32986586367369286,0.42857142857142855,162979,non_flipped,rf,path_strip,2.0,evasion
0.6277032575964961,0.42857142857142855,205062,non_flipped,rf,path_strip,2.0,evasion
0.4514098001642486,0.42857142857142855,141476,non_flipped,rf,path_strip,2.0,evasion
0.8959759102107858,1.0,101445,non_flipped,rf,path_strip,2.0,evasion
0.8795510539282783,1.0,82181,non_flipped,rf,path_strip,2.0,evasion
0.6266082671776623,0.42857142857142855,62006,non_flipped,rf,path_strip,2.0,evasion
0.4919244456611006,0.42857142857142855,9661,non_flipped,rf,path_strip,2.0,evasion
0.6118258965234055,1.0,115933,non_flipped,rf,path_strip,2.0,evasion
0.5756912127018889,0.6666666666666666,131003,non_flipped,rf,path_strip,2.0,evasion
0.9425130030112238,1.0,162947,non_flipped,rf,path_strip,2.0,evasion
0.8653161784834383,1.0,157319,non_flipped,rf,path_strip,2.0,evasion
0.5860936216808104,0.6666666666666666,123105,non_flipped,rf,path_strip,2.0,evasion
0.5921160689843964,1.0,216295,non_flipped,rf,path_strip,2.0,evasion
0.7355598138516289,0.6666666666666666,95421,non_flipped,rf,path_strip,2.0,evasion
0.5926635641938133,0.42857142857142855,190024,non_flipped,rf,path_strip,2.0,evasion
0.5926635641938133,0.42857142857142855,72810,non_flipped,rf,path_strip,2.0,evasion
0.5598138516287984,0.42857142857142855,229393,non_flipped,rf,path_strip,2.0,evasion
0.5302491103202848,1.0,128440,non_flipped,rf,path_strip,2.0,evasion
0.6227758007117438,0.42857142857142855,204297,non_flipped,rf,path_strip,2.0,evasion
0.5926635641938133,0.42857142857142855,200152,non_flipped,rf,path_strip,2.0,evasion
0.6277032575964961,0.42857142857142855,93977,non_flipped,rf,path_strip,2.0,evasion
0.8050917054475775,1.0,7102,non_flipped,rf,path_strip,2.0,evasion
0.7651245551601424,0.6666666666666666,137279,non_flipped,rf,path_strip,2.0,evasion
0.7224199288256228,0.6666666666666666,145021,non_flipped,rf,path_strip,2.0,evasion
0.5899260881467288,0.42857142857142855,156391,non_flipped,rf,path_strip,2.0,evasion
0.5264166438543664,1.0,142692,non_flipped,rf,path_strip,2.0,evasion
0.6255132767588284,0.6666666666666666,228703,non_flipped,rf,path_strip,2.0,evasion
0.5833561456337257,1.0,170778,non_flipped,rf,path_strip,2.0,evasion
0.9567478784560636,1.0,198056,non_flipped,rf,path_strip,2.0,evasion
0.5986860114973995,1.0,116431,non_flipped,rf,path_strip,2.0,evasion
0.801259238981659,0.6666666666666666,189012,non_flipped,rf,path_strip,2.0,evasion
0.6205858198740762,0.42857142857142855,184830,non_flipped,rf,path_strip,2.0,evasion
0.7191349575691213,1.0,78202,non_flipped,rf,path_strip,2.0,evasion
0.5116342732001096,0.6666666666666666,91588,non_flipped,rf,path_strip,2.0,evasion
0.9255406515192993,1.0,206959,non_flipped,rf,path_strip,2.0,evasion
0.6260607719682453,1.0,198327,non_flipped,rf,path_strip,2.0,evasion
0.48097454147276225,0.6666666666666666,197618,non_flipped,rf,path_strip,2.0,evasion
1.0,1.0,159278,non_flipped,rf,path_strip,2.0,evasion
0.5121817684095266,0.6666666666666666,181781,non_flipped,rf,path_strip,2.0,evasion
0.6156583629893239,0.42857142857142855,80031,non_flipped,rf,path_strip,2.0,evasion
0.5548863947440461,1.0,38758,non_flipped,rf,path_strip,2.0,evasion
0.9496304407336437,1.0,61310,non_flipped,rf,path_strip,2.0,evasion
0.62879824801533,0.6666666666666666,105255,non_flipped,rf,path_strip,2.0,evasion
0.5899260881467288,0.42857142857142855,138115,non_flipped,rf,path_strip,2.0,evasion
0.5368190528332877,0.42857142857142855,206259,non_flipped,rf,path_strip,2.0,evasion
0.5926635641938133,0.42857142857142855,147197,non_flipped,rf,path_strip,2.0,evasion
0.8592937311798523,1.0,118984,non_flipped,rf,path_strip,2.0,evasion
0.7497946892964688,0.6666666666666666,144356,non_flipped,rf,path_strip,2.0,evasion
0.5745962222830551,0.42857142857142855,213343,non_flipped,rf,path_strip,2.0,evasion
0.5926635641938133,0.42857142857142855,135810,non_flipped,rf,path_strip,2.0,evasion
0.628250752805913,0.42857142857142855,176774,non_flipped,rf,path_strip,2.0,evasion
0.6277032575964961,1.0,52895,non_flipped,rf,path_strip,2.0,evasion
0.9638653161784835,1.0,52820,non_flipped,rf,path_strip,2.0,evasion
0.7705995072543117,0.6666666666666666,18489,non_flipped,rf,path_strip,2.0,evasion
0.9978100191623325,1.0,194834,non_flipped,rf,path_strip,2.0,evasion
0.5915685737749795,0.42857142857142855,84201,non_flipped,rf,path_strip,2.0,evasion
0.9994525047905832,1.0,175727,non_flipped,rf,path_strip,2.0,evasion
0.5313441007391186,0.6666666666666666,136480,non_flipped,rf,path_strip,2.0,evasion
0.9994525047905832,1.0,119611,non_flipped,rf,path_strip,2.0,evasion
0.7443197372022996,0.6666666666666666,14652,non_flipped,rf,path_strip,2.0,evasion
0.9961675335340817,0.6666666666666666,194582,non_flipped,rf,path_strip,2.0,evasion
0.7016151108677801,0.6666666666666666,94332,non_flipped,rf,path_strip,2.0,evasion
0.9989050095811665,1.0,131115,non_flipped,rf,path_strip,2.0,evasion
0.5455789761839585,0.6666666666666666,22923,non_flipped,rf,path_strip,2.0,evasion
0.49630440733643577,0.6666666666666666,103844,non_flipped,rf,path_strip,2.0,evasion
0.6260607719682453,0.42857142857142855,86971,non_flipped,rf,path_strip,2.0,evasion
0.5926635641938133,0.42857142857142855,89951,non_flipped,rf,path_strip,2.0,evasion
0.5231316725978649,0.6666666666666666,228417,non_flipped,rf,path_strip,2.0,evasion
0.6162058581987409,0.42857142857142855,54878,non_flipped,rf,path_strip,2.0,evasion
0.5789761839583905,0.42857142857142855,117186,non_flipped,rf,path_strip,2.0,evasion
0.5915685737749795,0.42857142857142855,191774,non_flipped,rf,path_strip,2.0,evasion
0.993977552696414,1.0,71385,non_flipped,rf,path_strip,2.0,evasion
0.8592937311798523,0.6666666666666666,186544,non_flipped,rf,path_strip,2.0,evasion
0.53462907199562,0.6666666666666666,216591,non_flipped,rf,path_strip,2.0,evasion
0.6255132767588284,0.42857142857142855,190574,non_flipped,rf,path_strip,2.0,evasion
0.5970435258691488,0.42857142857142855,84054,non_flipped,rf,path_strip,2.0,evasion
0.8105666575417466,0.6666666666666666,164051,non_flipped,rf,path_strip,2.0,evasion
0.9457979742677254,1.0,60369,non_flipped,rf,path_strip,2.0,evasion
0.4349849438817411,0.6666666666666666,158596,non_flipped,rf,path_strip,2.0,evasion
0.5767862031207228,0.6666666666666666,221115,non_flipped,rf,path_strip,2.0,evasion
0.9989050095811665,1.0,40674,non_flipped,rf,path_strip,2.0,evasion
0.6277032575964961,0.6666666666666666,37586,non_flipped,rf,path_strip,2.0,evasion
0.5839036408431427,0.6666666666666666,190040,non_flipped,rf,path_strip,2.0,evasion
0.8603887215986862,1.0,213784,non_flipped,rf,path_strip,2.0,evasion
0.968245277853819,0.6666666666666666,212323,non_flipped,rf,path_strip,2.0,evasion
0.6233232959211608,0.6666666666666666,74874,non_flipped,rf,path_strip,2.0,evasion
0.5428415001368738,0.42857142857142855,191075,non_flipped,rf,path_strip,2.0,evasion
0.588283602518478,0.42857142857142855,54703,non_flipped,rf,path_strip,2.0,evasion
0.6255132767588284,0.6666666666666666,184850,non_flipped,rf,path_strip,2.0,evasion
0.954557897618396,1.0,40771,non_flipped,rf,path_strip,2.0,evasion
0.774979468929647,0.6666666666666666,90261,non_flipped,rf,path_strip,2.0,evasion
0.628250752805913,0.42857142857142855,68481,non_flipped,rf,path_strip,2.0,evasion
0.9124007664932934,1.0,233576,non_flipped,rf,path_strip,2.0,evasion
0.62879824801533,0.42857142857142855,9894,non_flipped,rf,path_strip,2.0,evasion
0.6260607719682453,1.0,212580,non_flipped,rf,path_strip,2.0,evasion
0.53462907199562,0.6666666666666666,71695,non_flipped,rf,path_strip,2.0,evasion
0.9030933479332057,1.0,123736,non_flipped,rf,path_strip,2.0,evasion
0.3917328223378046,0.6666666666666666,43586,non_flipped,rf,path_strip,2.0,evasion
0.8450588557350124,1.0,73345,non_flipped,rf,path_strip,2.0,evasion
0.6271557623870792,0.42857142857142855,203725,non_flipped,rf,path_strip,2.0,evasion
0.6189433342458254,0.6666666666666666,174785,non_flipped,rf,path_strip,2.0,evasion
0.9151382425403779,1.0,62562,non_flipped,rf,path_strip,2.0,evasion
0.7935943060498222,1.0,913,non_flipped,rf,path_strip,2.0,evasion
0.9326580892417192,1.0,6745,non_flipped,rf,path_strip,2.0,evasion
0.9989050095811665,1.0,157232,non_flipped,rf,path_strip,2.0,evasion
0.6112784013139886,0.6666666666666666,138731,non_flipped,rf,path_strip,2.0,evasion
0.5986860114973995,1.0,44500,non_flipped,rf,path_strip,2.0,evasion
0.4656446756090885,0.6666666666666666,177851,non_flipped,rf,path_strip,2.0,evasion
0.894880919791952,0.6666666666666666,25361,non_flipped,rf,path_strip,2.0,evasion
0.5242266630166987,0.42857142857142855,73690,non_flipped,rf,path_strip,2.0,evasion
0.9956200383246647,1.0,101183,non_flipped,rf,path_strip,2.0,evasion
0.48316452231042983,0.42857142857142855,45750,non_flipped,rf,path_strip,2.0,evasion
0.8401313988502601,1.0,159049,non_flipped,rf,path_strip,2.0,evasion
0.5433889953462908,0.6666666666666666,25757,non_flipped,rf,path_strip,2.0,evasion
0.7722419928825625,1.0,185770,non_flipped,rf,path_strip,2.0,evasion
0.6255132767588284,0.42857142857142855,115109,non_flipped,rf,path_strip,2.0,evasion
0.5121817684095266,0.6666666666666666,24374,non_flipped,rf,path_strip,2.0,evasion
0.8861209964412813,1.0,56046,non_flipped,rf,path_strip,2.0,evasion
0.9967150287434987,1.0,202574,non_flipped,rf,path_strip,2.0,evasion
0.8954284150013688,1.0,193236,non_flipped,rf,path_strip,2.0,evasion
0.5745962222830551,0.42857142857142855,110098,non_flipped,rf,path_strip,2.0,evasion
0.9994525047905832,1.0,75682,non_flipped,rf,path_strip,2.0,evasion
0.9994525047905832,1.0,109290,non_flipped,rf,path_strip,2.0,evasion
0.5986860114973995,0.6666666666666666,44129,non_flipped,rf,path_strip,2.0,evasion
0.9961675335340817,1.0,30234,non_flipped,rf,path_strip,2.0,evasion
0.9195182042157133,1.0,182005,non_flipped,rf,path_strip,2.0,evasion
0.62879824801533,0.6666666666666666,77250,non_flipped,rf,path_strip,2.0,evasion
0.5609088420476323,0.6666666666666666,76434,non_flipped,rf,path_strip,2.0,evasion
0.5313441007391186,0.6666666666666666,167077,non_flipped,rf,path_strip,2.0,evasion
0.5192992061319465,0.6666666666666666,83530,non_flipped,rf,path_strip,2.0,evasion
0.5767862031207228,0.6666666666666666,189247,non_flipped,rf,path_strip,2.0,evasion
0.9233506706816317,0.6666666666666666,200393,non_flipped,rf,path_strip,2.0,evasion
0.6266082671776623,0.42857142857142855,228602,non_flipped,rf,path_strip,2.0,evasion
0.5756912127018889,0.42857142857142855,200731,non_flipped,rf,path_strip,2.0,evasion
0.9556528880372297,0.6666666666666666,168062,non_flipped,rf,path_strip,2.0,evasion
0.6266082671776623,0.42857142857142855,89147,non_flipped,rf,path_strip,2.0,evasion
0.8248015329865864,0.6666666666666666,9088,non_flipped,rf,path_strip,2.0,evasion
0.5275116342732001,1.0,42501,non_flipped,rf,path_strip,2.0,evasion
0.4333424582534903,0.42857142857142855,208489,non_flipped,rf,path_strip,2.0,evasion
0.5570763755817137,0.42857142857142855,174997,non_flipped,rf,path_strip,2.0,evasion
0.9967150287434987,1.0,212348,non_flipped,rf,path_strip,2.0,evasion
0.48097454147276225,0.42857142857142855,29634,non_flipped,rf,path_strip,2.0,evasion
0.6260607719682453,0.6666666666666666,70750,non_flipped,rf,path_strip,2.0,evasion
0.6266082671776623,0.42857142857142855,220929,non_flipped,rf,path_strip,2.0,evasion
0.588283602518478,0.6666666666666666,97655,non_flipped,rf,path_strip,2.0,evasion
0.5839036408431427,0.42857142857142855,89743,non_flipped,rf,path_strip,2.0,evasion
0.35614563372570496,0.6666666666666666,191470,non_flipped,rf,path_strip,2.0,evasion
0.8631261976457707,0.6666666666666666,17740,non_flipped,rf,path_strip,2.0,evasion
0.62879824801533,0.42857142857142855,103149,non_flipped,rf,path_strip,2.0,evasion
0.6266082671776623,0.42857142857142855,150708,non_flipped,rf,path_strip,2.0,evasion
0.9797426772515742,0.6666666666666666,57691,non_flipped,rf,path_strip,2.0,evasion
0.6293457432247468,0.42857142857142855,220833,non_flipped,rf,path_strip,2.0,evasion
0.9195182042157133,1.0,173413,non_flipped,rf,path_strip,2.0,evasion
0.8291814946619218,0.6666666666666666,55781,non_flipped,rf,path_strip,2.0,evasion
0.9983575143717495,1.0,228906,non_flipped,rf,path_strip,2.0,evasion
0.5609088420476323,0.6666666666666666,116612,non_flipped,rf,path_strip,2.0,evasion
0.6238707911305776,0.42857142857142855,179189,non_flipped,rf,path_strip,2.0,evasion
0.5997810019162333,1.0,166302,non_flipped,rf,path_strip,2.0,evasion
0.9994525047905832,1.0,138862,non_flipped,rf,path_strip,2.0,evasion
0.994525047905831,0.6666666666666666,163160,non_flipped,rf,path_strip,2.0,evasion
0.48644949356693135,0.6666666666666666,231427,non_flipped,rf,path_strip,2.0,evasion
0.8899534629071997,0.6666666666666666,80961,non_flipped,rf,path_strip,2.0,evasion
0.628250752805913,1.0,167929,non_flipped,rf,path_strip,2.0,evasion
0.5970435258691488,0.6666666666666666,178949,non_flipped,rf,path_strip,2.0,evasion
0.4295099917875719,0.42857142857142855,150301,non_flipped,rf,path_strip,2.0,evasion
1.0,1.0,228368,non_flipped,rf,path_strip,2.0,evasion
0.8790035587188614,1.0,7609,non_flipped,rf,path_strip,2.0,evasion
0.6353681905283329,0.6666666666666666,36719,non_flipped,rf,path_strip,2.0,evasion
0.9989050095811665,1.0,68348,non_flipped,rf,path_strip,2.0,evasion
0.9698877634820697,1.0,85349,non_flipped,rf,path_strip,2.0,evasion
0.5548863947440461,0.42857142857142855,181854,non_flipped,rf,path_strip,2.0,evasion
0.5729537366548044,0.6666666666666666,64761,non_flipped,rf,path_strip,2.0,evasion
0.5839036408431427,0.6666666666666666,29475,non_flipped,rf,path_strip,2.0,evasion
0.8718861209964415,1.0,84043,non_flipped,rf,path_strip,2.0,evasion
0.5614563372570491,0.42857142857142855,26175,non_flipped,rf,path_strip,2.0,evasion
0.6512455516014235,0.6666666666666666,198804,non_flipped,rf,path_strip,2.0,evasion
0.5981385162879826,0.42857142857142855,178133,non_flipped,rf,path_strip,2.0,evasion
0.7306323569668767,0.6666666666666666,76451,non_flipped,rf,path_strip,2.0,evasion
0.6118258965234055,1.0,222701,non_flipped,rf,path_strip,2.0,evasion
0.9967150287434987,1.0,84862,non_flipped,rf,path_strip,2.0,evasion
0.5893785929373118,0.42857142857142855,164001,non_flipped,rf,path_strip,2.0,evasion
0.5647413085135506,0.6666666666666666,44646,non_flipped,rf,path_strip,2.0,evasion
0.9786476868327403,1.0,98044,non_flipped,rf,path_strip,2.0,evasion
0.5603613468382153,0.6666666666666666,107621,non_flipped,rf,path_strip,2.0,evasion
0.5242266630166987,0.42857142857142855,36766,non_flipped,rf,path_strip,2.0,evasion
0.62879824801533,0.42857142857142855,198658,non_flipped,rf,path_strip,2.0,evasion
0.4081576786203121,0.6666666666666666,211678,non_flipped,rf,path_strip,2.0,evasion
0.48918696961401587,0.42857142857142855,102233,non_flipped,rf,path_strip,2.0,evasion
0.8050917054475775,1.0,91997,non_flipped,rf,path_strip,2.0,evasion
0.7662195455789762,1.0,61018,non_flipped,rf,path_strip,2.0,evasion
0.687927730632357,1.0,48725,non_flipped,rf,path_strip,2.0,evasion
0.5116342732001096,0.6666666666666666,79985,non_flipped,rf,path_strip,2.0,evasion
0.908020804817958,1.0,206045,non_flipped,rf,path_strip,2.0,evasion
0.48261702710101295,0.6666666666666666,158418,non_flipped,rf,path_strip,2.0,evasion
0.8653161784834383,0.6666666666666666,117837,non_flipped,rf,path_strip,2.0,evasion
0.5603613468382153,0.6666666666666666,110618,non_flipped,rf,path_strip,2.0,evasion
0.5910210785655626,0.42857142857142855,57488,non_flipped,rf,path_strip,2.0,evasion
0.9091157952367919,1.0,37262,non_flipped,rf,path_strip,2.0,evasion
0.5932110594032303,0.6666666666666666,72183,non_flipped,rf,path_strip,2.0,evasion
0.5127292636189434,0.6666666666666666,112732,non_flipped,rf,path_strip,2.0,evasion
0.5061593211059404,0.42857142857142855,89855,non_flipped,rf,path_strip,2.0,evasion
0.32767588283602517,0.42857142857142855,76613,non_flipped,rf,path_strip,2.0,evasion
0.8056392006569943,0.6666666666666666,25557,non_flipped,rf,path_strip,2.0,evasion
0.5904735833561456,0.42857142857142855,198373,non_flipped,rf,path_strip,2.0,evasion
0.5975910210785657,1.0,77389,non_flipped,rf,path_strip,2.0,evasion
0.6222283055023269,0.42857142857142855,28612,non_flipped,rf,path_strip,2.0,evasion
0.5986860114973995,0.42857142857142855,46466,non_flipped,rf,path_strip,2.0,evasion
0.5313441007391186,0.6666666666666666,65000,non_flipped,rf,path_strip,2.0,evasion
0.9249931563098823,1.0,28592,non_flipped,rf,path_strip,2.0,evasion
0.8275390090336711,0.6666666666666666,26688,non_flipped,rf,path_strip,2.0,evasion
0.5609088420476323,0.6666666666666666,221808,non_flipped,rf,path_strip,2.0,evasion
0.7355598138516289,0.6666666666666666,187135,non_flipped,rf,path_strip,2.0,evasion
0.6293457432247468,1.0,171688,non_flipped,rf,path_strip,2.0,evasion
0.5970435258691488,1.0,17837,non_flipped,rf,path_strip,2.0,evasion
0.4295099917875719,0.42857142857142855,32832,non_flipped,rf,path_strip,2.0,evasion
1.0,1.0,209929,non_flipped,rf,path_strip,2.0,evasion
0.5614563372570491,0.6666666666666666,16176,non_flipped,rf,path_strip,2.0,evasion
0.522036682179031,0.6666666666666666,33759,non_flipped,rf,path_strip,2.0,evasion
0.4076101834108952,0.6666666666666666,194048,non_flipped,rf,path_strip,2.0,evasion
0.6293457432247468,0.42857142857142855,21851,non_flipped,rf,path_strip,2.0,evasion
0.11305776074459349,0.42857142857142855,161432,non_flipped,rf,path_strip,2.0,evasion
0.5970435258691488,1.0,21609,non_flipped,rf,path_strip,2.0,evasion
0.6255132767588284,0.42857142857142855,168822,non_flipped,rf,path_strip,2.0,evasion
0.5789761839583905,0.42857142857142855,84286,non_flipped,rf,path_strip,2.0,evasion
0.5926635641938133,0.42857142857142855,27852,non_flipped,rf,path_strip,2.0,evasion
0.9102107856556256,0.6666666666666666,40111,non_flipped,rf,path_strip,2.0,evasion
0.6249657815494115,0.6666666666666666,234181,non_flipped,rf,path_strip,2.0,evasion
0.6260607719682453,0.6666666666666666,6582,non_flipped,rf,path_strip,2.0,evasion
0.7295373665480428,0.6666666666666666,80481,non_flipped,rf,path_strip,2.0,evasion
0.5849986312619765,0.6666666666666666,41253,non_flipped,rf,path_strip,2.0,evasion
0.5214891869696141,0.6666666666666666,194932,non_flipped,rf,path_strip,2.0,evasion
0.5932110594032303,0.42857142857142855,232272,non_flipped,rf,path_strip,2.0,evasion
0.21708185053380785,0.6666666666666666,189478,non_flipped,rf,path_strip,2.0,evasion
0.9978100191623325,1.0,2366,non_flipped,rf,path_strip,2.0,evasion
0.995072543115248,1.0,74858,non_flipped,rf,path_strip,2.0,evasion
0.5784286887489735,0.42857142857142855,84009,non_flipped,rf,path_strip,2.0,evasion
0.5225841773884479,0.6666666666666666,34892,non_flipped,rf,path_strip,2.0,evasion
0.9228031754722147,1.0,215979,non_flipped,rf,path_strip,2.0,evasion
0.9967150287434987,1.0,190130,non_flipped,rf,path_strip,2.0,evasion
0.8658636736928553,0.6666666666666666,114076,non_flipped,rf,path_strip,2.0,evasion
0.5034218450588558,0.6666666666666666,68714,non_flipped,rf,path_strip,2.0,evasion
0.7705995072543117,0.6666666666666666,122859,non_flipped,rf,path_strip,2.0,evasion
0.48097454147276225,0.42857142857142855,205138,non_flipped,rf,path_strip,2.0,evasion
0.5401040240897893,0.6666666666666666,178343,non_flipped,rf,path_strip,2.0,evasion
0.973720229947988,1.0,153494,non_flipped,rf,path_strip,2.0,evasion
0.5926635641938133,0.42857142857142855,88047,non_flipped,rf,path_strip,2.0,evasion
0.47933205584451144,0.6666666666666666,93844,non_flipped,rf,path_strip,2.0,evasion
1.0,1.0,120861,non_flipped,rf,path_strip,2.0,evasion
0.9978100191623325,1.0,233269,non_flipped,rf,path_strip,2.0,evasion
0.4519572953736655,1.0,16295,non_flipped,rf,path_strip,2.0,evasion
0.5899260881467288,0.42857142857142855,151930,non_flipped,rf,path_strip,2.0,evasion
0.5198467013413633,0.6666666666666666,164402,non_flipped,rf,path_strip,2.0,evasion
0.9337530796605531,1.0,71389,non_flipped,rf,path_strip,2.0,evasion
0.5225841773884479,0.6666666666666666,218381,non_flipped,rf,path_strip,2.0,evasion
0.9425130030112238,1.0,203290,non_flipped,rf,path_strip,2.0,evasion
0.9425130030112238,1.0,122789,non_flipped,rf,path_strip,2.0,evasion
0.5975910210785657,0.42857142857142855,219317,non_flipped,rf,path_strip,2.0,evasion
0.9989050095811665,1.0,55643,non_flipped,rf,path_strip,2.0,evasion
0.5647413085135506,0.6666666666666666,61518,non_flipped,rf,path_strip,2.0,evasion
0.6255132767588284,0.6666666666666666,5461,non_flipped,rf,path_strip,2.0,evasion
0.994525047905831,1.0,232321,non_flipped,rf,path_strip,2.0,evasion
0.5964960306597318,0.42857142857142855,149349,non_flipped,rf,path_strip,2.0,evasion
1.0,1.0,194964,non_flipped,rf,path_strip,2.0,evasion
0.5828086504243088,0.42857142857142855,204351,non_flipped,rf,path_strip,2.0,evasion
0.5762387079113058,0.42857142857142855,214148,non_flipped,rf,path_strip,2.0,evasion
0.6271557623870792,0.42857142857142855,104552,non_flipped,rf,path_strip,2.0,evasion
0.6780728168628525,1.0,23851,non_flipped,rf,path_strip,2.0,evasion
0.5105392827812757,0.6666666666666666,63624,non_flipped,rf,path_strip,2.0,evasion
0.628250752805913,0.6666666666666666,216377,non_flipped,rf,path_strip,2.0,evasion
0.5893785929373118,0.42857142857142855,204217,non_flipped,rf,path_strip,2.0,evasion
0.5713112510265536,0.6666666666666666,136571,non_flipped,rf,path_strip,2.0,evasion
0.5926635641938133,0.42857142857142855,214337,non_flipped,rf,path_strip,2.0,evasion
0.9425130030112238,1.0,42499,non_flipped,rf,path_strip,2.0,evasion
0.9989050095811665,1.0,14067,non_flipped,rf,path_strip,2.0,evasion
0.501231864221188,0.6666666666666666,104598,non_flipped,rf,path_strip,2.0,evasion
0.9611278401313991,0.6666666666666666,38603,non_flipped,rf,path_strip,2.0,evasion
0.8034492198193266,1.0,221504,non_flipped,rf,path_strip,2.0,evasion
0.4798795510539284,0.42857142857142855,161372,non_flipped,rf,path_strip,2.0,evasion
0.5888310977278949,1.0,146687,non_flipped,rf,path_strip,2.0,evasion
0.674787845606351,1.0,122417,non_flipped,rf,path_strip,2.0,evasion
0.548316452231043,0.6666666666666666,53618,non_flipped,rf,path_strip,2.0,evasion
0.8116616479605805,0.6666666666666666,111272,non_flipped,rf,path_strip,2.0,evasion
0.5598138516287984,0.6666666666666666,188684,non_flipped,rf,path_strip,2.0,evasion
0.5499589378592937,0.42857142857142855,11460,non_flipped,rf,path_strip,2.0,evasion
0.9326580892417192,1.0,193356,non_flipped,rf,path_strip,2.0,evasion
0.6222283055023269,0.42857142857142855,166773,non_flipped,rf,path_strip,2.0,evasion
0.9496304407336437,1.0,90215,non_flipped,rf,path_strip,2.0,evasion
0.62879824801533,0.6666666666666666,83011,non_flipped,rf,path_strip,2.0,evasion
0.62879824801533,0.6666666666666666,102476,non_flipped,rf,path_strip,2.0,evasion
0.995072543115248,1.0,127813,non_flipped,rf,path_strip,2.0,evasion
0.7202299479879551,1.0,49074,non_flipped,rf,path_strip,2.0,evasion
0.38844785108130303,0.6666666666666666,117559,non_flipped,rf,path_strip,2.0,evasion
0.62879824801533,0.6666666666666666,35574,non_flipped,rf,path_strip,2.0,evasion
0.5767862031207228,1.0,65187,non_flipped,rf,path_strip,2.0,evasion
0.7924993156309883,1.0,47743,non_flipped,rf,path_strip,2.0,evasion
0.32986586367369286,0.42857142857142855,120408,non_flipped,rf,path_strip,2.0,evasion
0.5833561456337257,0.6666666666666666,132136,non_flipped,rf,path_strip,2.0,evasion
0.4924719408705174,0.42857142857142855,76884,non_flipped,rf,path_strip,2.0,evasion
0.9540104024089792,0.6666666666666666,72216,non_flipped,rf,path_strip,2.0,evasion
0.7552696413906379,0.6666666666666666,228722,non_flipped,rf,path_strip,2.0,evasion
0.5899260881467288,0.42857142857142855,109898,non_flipped,rf,path_strip,2.0,evasion
0.5899260881467288,0.42857142857142855,80661,non_flipped,rf,path_strip,2.0,evasion
0.7974267725157406,0.6666666666666666,129157,non_flipped,rf,path_strip,2.0,evasion
0.634820695318916,0.6666666666666666,206970,non_flipped,rf,path_strip,2.0,evasion
0.8603887215986862,1.0,186969,non_flipped,rf,path_strip,2.0,evasion
0.8083766767040789,1.0,14014,non_flipped,rf,path_strip,2.0,evasion
0.5866411168902272,0.6666666666666666,102628,non_flipped,rf,path_strip,2.0,evasion
0.6277032575964961,0.42857142857142855,155354,non_flipped,rf,path_strip,2.0,evasion
0.5691212701888859,1.0,56727,non_flipped,rf,path_strip,2.0,evasion
0.5411990145086231,0.6666666666666666,3886,non_flipped,rf,path_strip,2.0,evasion
0.5258691486449494,0.42857142857142855,13186,non_flipped,rf,path_strip,2.0,evasion
0.46892964686559,0.6666666666666666,62634,non_flipped,rf,path_strip,2.0,evasion
0.628250752805913,0.42857142857142855,22034,non_flipped,rf,path_strip,2.0,evasion
0.62879824801533,0.6666666666666666,109861,non_flipped,rf,path_strip,2.0,evasion
0.5926635641938133,0.42857142857142855,34344,non_flipped,rf,path_strip,2.0,evasion
0.9102107856556256,1.0,143225,non_flipped,rf,path_strip,2.0,evasion
0.5937585546126471,0.6666666666666666,147185,non_flipped,rf,path_strip,2.0,evasion
0.5981385162879826,0.42857142857142855,22603,non_flipped,rf,path_strip,2.0,evasion
0.9698877634820697,1.0,94941,non_flipped,rf,path_strip,2.0,evasion
0.8581987407610184,1.0,178815,non_flipped,rf,path_strip,2.0,evasion
0.4913769504516836,0.42857142857142855,102225,non_flipped,rf,path_strip,2.0,evasion
0.6293457432247468,0.42857142857142855,9308,non_flipped,rf,path_strip,2.0,evasion
0.993977552696414,1.0,164506,non_flipped,rf,path_strip,2.0,evasion
0.6233232959211608,0.6666666666666666,4074,non_flipped,rf,path_strip,2.0,evasion
0.32986586367369286,0.42857142857142855,228291,non_flipped,rf,path_strip,2.0,evasion
0.5740487270736382,1.0,233119,non_flipped,rf,path_strip,2.0,evasion
0.5401040240897893,0.6666666666666666,100796,non_flipped,rf,path_strip,2.0,evasion
0.7990692581439913,0.6666666666666666,136604,non_flipped,rf,path_strip,2.0,evasion
0.8833835203941965,0.6666666666666666,134041,non_flipped,rf,path_strip,2.0,evasion
0.5609088420476323,0.6666666666666666,117394,non_flipped,rf,path_strip,2.0,evasion
0.6238707911305776,0.42857142857142855,208521,non_flipped,rf,path_strip,2.0,evasion
0.6277032575964961,0.42857142857142855,4907,non_flipped,rf,path_strip,2.0,evasion
0.6227758007117438,0.6666666666666666,60763,non_flipped,rf,path_strip,2.0,evasion
0.3232959211606899,0.25,224383,non_flipped,rf,path_strip,2.0,evasion
0.8981658910484535,0.6666666666666666,6973,non_flipped,rf,path_strip,2.0,evasion
0.32986586367369286,0.42857142857142855,28829,non_flipped,rf,path_strip,2.0,evasion
0.6271557623870792,0.6666666666666666,87104,non_flipped,rf,path_strip,2.0,evasion
0.5729537366548044,0.6666666666666666,188800,non_flipped,rf,path_strip,2.0,evasion
0.9162332329592118,1.0,228712,non_flipped,rf,path_strip,2.0,evasion
0.9605803449219821,0.6666666666666666,124129,non_flipped,rf,path_strip,2.0,evasion
0.5921160689843964,1.0,72599,non_flipped,rf,path_strip,2.0,evasion
0.33041335888310985,0.42857142857142855,169288,non_flipped,rf,path_strip,2.0,evasion
0.547768957021626,0.42857142857142855,184500,non_flipped,rf,path_strip,2.0,evasion
0.516014234875445,0.6666666666666666,169010,non_flipped,rf,path_strip,2.0,evasion
0.5981385162879826,0.42857142857142855,20146,non_flipped,rf,path_strip,2.0,evasion
0.5926635641938133,0.42857142857142855,61094,non_flipped,rf,path_strip,2.0,evasion
0.5904735833561456,0.42857142857142855,109769,non_flipped,rf,path_strip,2.0,evasion
0.5926635641938133,0.42857142857142855,113455,non_flipped,rf,path_strip,2.0,evasion
0.375855461264714,0.42857142857142855,188316,non_flipped,rf,path_strip,2.0,evasion
0.6271557623870792,0.42857142857142855,178230,non_flipped,rf,path_strip,2.0,evasion
0.16780728168628528,0.6666666666666666,85859,non_flipped,rf,path_strip,2.0,evasion
0.5986860114973995,0.42857142857142855,125700,non_flipped,rf,path_strip,2.0,evasion
0.6249657815494115,0.6666666666666666,179710,non_flipped,rf,path_strip,2.0,evasion
0.8861209964412813,1.0,112897,non_flipped,rf,path_strip,2.0,evasion
0.5866411168902272,0.42857142857142855,17861,non_flipped,rf,path_strip,2.0,evasion
0.7552696413906379,0.6666666666666666,102731,non_flipped,rf,path_strip,2.0,evasion
0.9989050095811665,0.6666666666666666,82845,non_flipped,rf,path_strip,2.0,evasion
0.32986586367369286,0.42857142857142855,32456,non_flipped,rf,path_strip,2.0,evasion
0.8965234054202027,0.6666666666666666,78858,non_flipped,rf,path_strip,2.0,evasion
0.6255132767588284,1.0,148749,non_flipped,rf,path_strip,2.0,evasion
0.5822611552148919,0.6666666666666666,60073,non_flipped,rf,path_strip,2.0,evasion
0.5926635641938133,0.42857142857142855,84225,non_flipped,rf,path_strip,2.0,evasion
0.5724062414453874,0.6666666666666666,196756,non_flipped,rf,path_strip,2.0,evasion
1.0,1.0,213668,non_flipped,rf,path_strip,2.0,evasion
0.6238707911305776,1.0,90390,non_flipped,rf,path_strip,2.0,evasion
0.62879824801533,0.42857142857142855,44344,non_flipped,rf,path_strip,2.0,evasion
0.5658362989323845,0.6666666666666666,26336,non_flipped,rf,path_strip,2.0,evasion
0.9249931563098823,1.0,195843,non_flipped,rf,path_strip,2.0,evasion
0.6041609635915687,0.6666666666666666,149116,non_flipped,rf,path_strip,2.0,evasion
0.49794689296468664,0.42857142857142855,81969,non_flipped,rf,path_strip,2.0,evasion
0.5915685737749795,0.6666666666666666,64195,non_flipped,rf,path_strip,2.0,evasion
0.5609088420476323,0.6666666666666666,133729,non_flipped,rf,path_strip,2.0,evasion
0.9989050095811665,1.0,222192,non_flipped,rf,path_strip,2.0,evasion
0.6298932384341637,1.0,41583,non_flipped,rf,path_strip,2.0,evasion
0.7695045168354778,0.42857142857142855,116583,non_flipped,rf,path_strip,2.0,evasion
0.628250752805913,0.42857142857142855,139051,non_flipped,rf,path_strip,2.0,evasion
0.4760470845880099,0.6666666666666666,226259,non_flipped,rf,path_strip,2.0,evasion
0.9156857377497948,1.0,153149,non_flipped,rf,path_strip,2.0,evasion
1.0,1.0,231110,non_flipped,rf,path_strip,2.0,evasion
0.5860936216808104,0.42857142857142855,147541,non_flipped,rf,path_strip,2.0,evasion
0.5926635641938133,0.42857142857142855,197185,non_flipped,rf,path_strip,2.0,evasion
0.5674787845606352,0.6666666666666666,213562,non_flipped,rf,path_strip,2.0,evasion
0.8587462359704354,1.0,231191,non_flipped,rf,path_strip,2.0,evasion
0.628250752805913,0.6666666666666666,39998,non_flipped,rf,path_strip,2.0,evasion
0.5926635641938133,0.42857142857142855,69427,non_flipped,rf,path_strip,2.0,evasion
0.6205858198740762,0.6666666666666666,88656,non_flipped,rf,path_strip,2.0,evasion
0.5937585546126471,0.42857142857142855,67535,non_flipped,rf,path_strip,2.0,evasion
0.5614563372570491,0.6666666666666666,69393,non_flipped,rf,path_strip,2.0,evasion
0.48261702710101295,0.6666666666666666,218406,non_flipped,rf,path_strip,2.0,evasion
0.5225841773884479,0.6666666666666666,168315,non_flipped,rf,path_strip,2.0,evasion
0.9994525047905832,1.0,164204,non_flipped,rf,path_strip,2.0,evasion
0.7651245551601424,0.6666666666666666,110510,non_flipped,rf,path_strip,2.0,evasion
0.914043252121544,1.0,163425,non_flipped,rf,path_strip,2.0,evasion
1.0,1.0,225681,non_flipped,rf,path_strip,2.0,evasion
0.6255132767588284,1.0,190801,non_flipped,rf,path_strip,2.0,evasion
0.9972625239529155,1.0,42023,non_flipped,rf,path_strip,2.0,evasion
0.5926635641938133,0.42857142857142855,56842,non_flipped,rf,path_strip,2.0,evasion
0.6277032575964961,1.0,199409,non_flipped,rf,path_strip,2.0,evasion
0.6227758007117438,0.42857142857142855,85687,non_flipped,rf,path_strip,2.0,evasion
0.5225841773884479,0.6666666666666666,107239,non_flipped,rf,path_strip,2.0,evasion
0.9698877634820697,1.0,174913,non_flipped,rf,path_strip,2.0,evasion
0.741582261155215,0.6666666666666666,5603,non_flipped,rf,path_strip,2.0,evasion
0.49794689296468664,0.25,224725,non_flipped,rf,path_strip,2.0,evasion
0.4371749247194088,0.6666666666666666,61714,non_flipped,rf,path_strip,2.0,evasion
0.6244182863399946,0.6666666666666666,104732,non_flipped,rf,path_strip,2.0,evasion
0.7536271557623871,0.6666666666666666,54296,non_flipped,rf,path_strip,2.0,evasion
0.914043252121544,1.0,156966,non_flipped,rf,path_strip,2.0,evasion
0.8757185874623599,0.6666666666666666,57626,non_flipped,rf,path_strip,2.0,evasion
0.5406515192992062,0.6666666666666666,180794,non_flipped,rf,path_strip,2.0,evasion
0.5543388995346292,0.42857142857142855,141986,non_flipped,rf,path_strip,2.0,evasion
0.5225841773884479,0.6666666666666666,44177,non_flipped,rf,path_strip,2.0,evasion
0.5609088420476323,0.6666666666666666,53123,non_flipped,rf,path_strip,2.0,evasion
0.9556528880372297,0.6666666666666666,221362,non_flipped,rf,path_strip,2.0,evasion
0.5981385162879826,0.6666666666666666,74798,non_flipped,rf,path_strip,2.0,evasion
0.6430331234601698,0.42857142857142855,174614,non_flipped,rf,path_strip,2.0,evasion
0.8001642485628251,0.6666666666666666,62572,non_flipped,rf,path_strip,2.0,evasion
0.5926635641938133,0.42857142857142855,74121,non_flipped,rf,path_strip,2.0,evasion
0.9490829455242267,1.0,124054,non_flipped,rf,path_strip,2.0,evasion
0.5871886120996442,0.42857142857142855,180575,non_flipped,rf,path_strip,2.0,evasion
0.5713112510265536,0.6666666666666666,127414,non_flipped,rf,path_strip,2.0,evasion
0.5149192444566111,0.6666666666666666,55178,non_flipped,rf,path_strip,2.0,evasion
0.5959485354503148,0.42857142857142855,157877,non_flipped,rf,path_strip,2.0,evasion
0.6266082671776623,0.42857142857142855,200627,non_flipped,rf,path_strip,2.0,evasion
1.0,1.0,183317,non_flipped,rf,path_strip,2.0,evasion
0.5329865863673693,0.42857142857142855,222048,non_flipped,rf,path_strip,2.0,evasion
0.6260607719682453,0.42857142857142855,51376,non_flipped,rf,path_strip,2.0,evasion
0.5225841773884479,0.6666666666666666,82308,non_flipped,rf,path_strip,2.0,evasion
0.86860114973994,0.6666666666666666,145287,non_flipped,rf,path_strip,2.0,evasion
0.6227758007117438,0.42857142857142855,117047,non_flipped,rf,path_strip,2.0,evasion
0.5926635641938133,0.42857142857142855,76683,non_flipped,rf,path_strip,2.0,evasion
0.9496304407336437,1.0,171561,non_flipped,rf,path_strip,2.0,evasion
0.6266082671776623,0.42857142857142855,55463,non_flipped,rf,path_strip,2.0,evasion
0.9540104024089792,0.6666666666666666,80780,non_flipped,rf,path_strip,2.0,evasion
0.5943060498220641,0.42857142857142855,115513,non_flipped,rf,path_strip,2.0,evasion
0.9386805365453055,1.0,198726,non_flipped,rf,path_strip,2.0,evasion
0.5899260881467288,0.6666666666666666,149778,non_flipped,rf,path_strip,2.0,evasion
0.5860936216808104,0.42857142857142855,90322,non_flipped,rf,path_strip,2.0,evasion
0.6249657815494115,0.6666666666666666,169709,non_flipped,rf,path_strip,2.0,evasion
0.9956200383246647,0.6666666666666666,173753,non_flipped,rf,path_strip,2.0,evasion
0.5904735833561456,0.42857142857142855,142713,non_flipped,rf,path_strip,2.0,evasion
0.5138242540377773,0.6666666666666666,14826,non_flipped,rf,path_strip,2.0,evasion
0.5313441007391186,0.6666666666666666,150541,non_flipped,rf,path_strip,2.0,evasion
0.628250752805913,0.42857142857142855,222458,non_flipped,rf,path_strip,2.0,evasion
0.6249657815494115,0.42857142857142855,106498,non_flipped,rf,path_strip,2.0,evasion
0.5926635641938133,0.42857142857142855,37069,non_flipped,rf,path_strip,2.0,evasion
0.4946619217081851,1.0,121667,non_flipped,rf,path_strip,2.0,evasion
0.46454968519025464,0.42857142857142855,25636,non_flipped,rf,path_strip,2.0,evasion
0.761292088694224,0.6666666666666666,72177,non_flipped,rf,path_strip,2.0,evasion
0.5926635641938133,0.42857142857142855,110292,non_flipped,rf,path_strip,2.0,evasion
0.5932110594032303,0.42857142857142855,41269,non_flipped,rf,path_strip,2.0,evasion
0.6277032575964961,0.6666666666666666,76930,non_flipped,rf,path_strip,2.0,evasion
0.8905009581166166,0.6666666666666666,219980,non_flipped,rf,path_strip,2.0,evasion
0.5970435258691488,1.0,71117,non_flipped,rf,path_strip,2.0,evasion
0.5532439091157952,0.6666666666666666,1509,non_flipped,rf,path_strip,2.0,evasion
0.5050643306871065,0.6666666666666666,109173,non_flipped,rf,path_strip,2.0,evasion
0.9983575143717495,1.0,122495,non_flipped,rf,path_strip,2.0,evasion
0.5143717492471942,1.0,161824,non_flipped,rf,path_strip,2.0,evasion
0.568573774979469,0.42857142857142855,65231,non_flipped,rf,path_strip,2.0,evasion
0.974815220366822,1.0,35208,non_flipped,rf,path_strip,2.0,evasion
0.6430331234601698,0.42857142857142855,219109,non_flipped,rf,path_strip,2.0,evasion
0.6293457432247468,0.42857142857142855,106515,non_flipped,rf,path_strip,2.0,evasion
0.5439364905557077,1.0,152266,non_flipped,rf,path_strip,2.0,evasion
0.4076101834108952,0.6666666666666666,133050,non_flipped,rf,path_strip,2.0,evasion
0.9041883383520396,1.0,85045,non_flipped,rf,path_strip,2.0,evasion
0.4196550780180674,0.6666666666666666,220758,non_flipped,rf,path_strip,2.0,evasion
0.5499589378592937,0.42857142857142855,22839,non_flipped,rf,path_strip,2.0,evasion
0.9025458527237887,0.6666666666666666,134340,non_flipped,rf,path_strip,2.0,evasion
0.48261702710101295,1.0,90550,non_flipped,rf,path_strip,2.0,evasion
0.5225841773884479,0.6666666666666666,37477,non_flipped,rf,path_strip,2.0,evasion
0.9019983575143719,1.0,35460,non_flipped,rf,path_strip,2.0,evasion
0.47878456063509445,0.6666666666666666,38730,non_flipped,rf,path_strip,2.0,evasion
0.562003832466466,0.6666666666666666,15338,non_flipped,rf,path_strip,2.0,evasion
0.9386805365453055,0.6666666666666666,165876,non_flipped,rf,path_strip,2.0,evasion
0.4541472762113332,0.42857142857142855,227603,non_flipped,rf,path_strip,2.0,evasion
0.7432247467834657,1.0,224575,non_flipped,rf,path_strip,2.0,evasion
0.6249657815494115,0.6666666666666666,49519,non_flipped,rf,path_strip,2.0,evasion
0.5636463180947168,0.6666666666666666,227735,non_flipped,rf,path_strip,2.0,evasion
0.5855461264713934,0.6666666666666666,5867,non_flipped,rf,path_strip,2.0,evasion
0.5592663564193814,0.42857142857142855,129948,non_flipped,rf,path_strip,2.0,evasion
0.8423213796879279,0.6666666666666666,198432,non_flipped,rf,path_strip,2.0,evasion
0.6277032575964961,1.0,167568,non_flipped,rf,path_strip,2.0,evasion
0.6030659731727348,1.0,213349,non_flipped,rf,path_strip,2.0,evasion
0.9052833287708735,1.0,217116,non_flipped,rf,path_strip,2.0,evasion
0.974815220366822,1.0,209822,non_flipped,rf,path_strip,2.0,evasion
0.5986860114973995,0.6666666666666666,44379,non_flipped,rf,path_strip,2.0,evasion
0.5904735833561456,0.42857142857142855,49374,non_flipped,rf,path_strip,2.0,evasion
0.9791951820421572,1.0,78894,non_flipped,rf,path_strip,2.0,evasion
0.5630988228852998,0.6666666666666666,119508,non_flipped,rf,path_strip,2.0,evasion
0.5729537366548044,1.0,200432,non_flipped,rf,path_strip,2.0,evasion
0.9972625239529155,1.0,117819,non_flipped,rf,path_strip,2.0,evasion
0.7202299479879551,0.42857142857142855,131092,non_flipped,rf,path_strip,2.0,evasion
0.5937585546126471,0.42857142857142855,6995,non_flipped,rf,path_strip,2.0,evasion
0.5904735833561456,0.42857142857142855,200564,non_flipped,rf,path_strip,2.0,evasion
0.8609362168081031,1.0,154651,non_flipped,rf,path_strip,2.0,evasion
0.5691212701888859,1.0,74718,non_flipped,rf,path_strip,2.0,evasion
0.5860936216808104,0.6666666666666666,36562,non_flipped,rf,path_strip,2.0,evasion
0.8861209964412813,1.0,113676,non_flipped,rf,path_strip,2.0,evasion
0.7224199288256228,0.6666666666666666,175088,non_flipped,rf,path_strip,2.0,evasion
0.9260881467287162,0.6666666666666666,34006,non_flipped,rf,path_strip,2.0,evasion
0.5926635641938133,0.42857142857142855,77299,non_flipped,rf,path_strip,2.0,evasion
0.6244182863399946,0.42857142857142855,65949,non_flipped,rf,path_strip,2.0,evasion
0.5735012318642213,1.0,41876,non_flipped,rf,path_strip,2.0,evasion
0.5839036408431427,0.42857142857142855,58582,non_flipped,rf,path_strip,2.0,evasion
0.9178757185874624,0.6666666666666666,4352,non_flipped,rf,path_strip,2.0,evasion
0.5718587462359705,0.42857142857142855,133789,non_flipped,rf,path_strip,2.0,evasion
0.5242266630166987,0.42857142857142855,174318,non_flipped,rf,path_strip,2.0,evasion
0.47933205584451144,0.6666666666666666,102841,non_flipped,rf,path_strip,2.0,evasion
0.9485354503148098,1.0,151882,non_flipped,rf,path_strip,2.0,evasion
0.5362715576238709,1.0,32552,non_flipped,rf,path_strip,2.0,evasion
0.5767862031207228,0.42857142857142855,225560,non_flipped,rf,path_strip,2.0,evasion
0.7246099096632905,0.6666666666666666,187407,non_flipped,rf,path_strip,2.0,evasion
0.9605803449219821,0.6666666666666666,191426,non_flipped,rf,path_strip,2.0,evasion
0.3764029564741309,0.6666666666666666,27109,non_flipped,rf,path_strip,2.0,evasion
0.6255132767588284,0.42857142857142855,77046,non_flipped,rf,path_strip,2.0,evasion
0.9989050095811665,1.0,12488,non_flipped,rf,path_strip,2.0,evasion
0.48097454147276225,0.42857142857142855,100337,non_flipped,rf,path_strip,2.0,evasion
0.5707637558171367,0.42857142857142855,203663,non_flipped,rf,path_strip,2.0,evasion
0.5800711743772243,0.42857142857142855,197392,non_flipped,rf,path_strip,2.0,evasion
0.528606624692034,0.6666666666666666,217190,non_flipped,rf,path_strip,2.0,evasion
0.62879824801533,0.6666666666666666,145798,non_flipped,rf,path_strip,2.0,evasion
0.5609088420476323,0.6666666666666666,217599,non_flipped,rf,path_strip,2.0,evasion
0.9047358335614565,0.6666666666666666,144366,non_flipped,rf,path_strip,2.0,evasion
0.548316452231043,0.6666666666666666,125577,non_flipped,rf,path_strip,2.0,evasion
0.5630988228852998,0.6666666666666666,177689,non_flipped,rf,path_strip,2.0,evasion
0.8384889132220095,1.0,178584,non_flipped,rf,path_strip,2.0,evasion
0.9660552970161512,1.0,37322,non_flipped,rf,path_strip,2.0,evasion
0.5395565288803724,0.42857142857142855,155644,non_flipped,rf,path_strip,2.0,evasion
0.9879551053928279,1.0,170660,non_flipped,rf,path_strip,2.0,evasion
0.6638379414180127,1.0,94409,non_flipped,rf,path_strip,2.0,evasion
0.48316452231042983,0.6666666666666666,207926,non_flipped,rf,path_strip,2.0,evasion
0.555433889953463,0.6666666666666666,8268,non_flipped,rf,path_strip,2.0,evasion
0.6890227210511909,0.6666666666666666,96954,non_flipped,rf,path_strip,2.0,evasion
0.5904735833561456,0.42857142857142855,67037,non_flipped,rf,path_strip,2.0,evasion
0.5970435258691488,0.6666666666666666,124479,non_flipped,rf,path_strip,2.0,evasion
0.4776895702162606,0.42857142857142855,229542,non_flipped,rf,path_strip,2.0,evasion
0.5866411168902272,0.6666666666666666,147656,non_flipped,rf,path_strip,2.0,evasion
0.894880919791952,0.6666666666666666,110670,non_flipped,rf,path_strip,2.0,evasion
0.5871886120996442,0.42857142857142855,9144,non_flipped,rf,path_strip,2.0,evasion
0.7968792773063237,0.6666666666666666,142758,non_flipped,rf,path_strip,2.0,evasion
0.62879824801533,0.42857142857142855,173373,non_flipped,rf,path_strip,2.0,evasion
0.6266082671776623,0.6666666666666666,104927,non_flipped,rf,path_strip,2.0,evasion
0.5926635641938133,0.42857142857142855,232980,non_flipped,rf,path_strip,2.0,evasion
0.594853545031481,0.42857142857142855,11847,non_flipped,rf,path_strip,2.0,evasion
0.501231864221188,0.42857142857142855,141170,non_flipped,rf,path_strip,2.0,evasion
0.6266082671776623,0.42857142857142855,120312,non_flipped,rf,path_strip,2.0,evasion
0.8154941144264989,0.6666666666666666,30538,non_flipped,rf,path_strip,2.0,evasion
0.5811661647960581,0.42857142857142855,171299,non_flipped,rf,path_strip,2.0,evasion
0.6742403503969341,0.6666666666666666,5021,non_flipped,rf,path_strip,2.0,evasion
0.5926635641938133,0.42857142857142855,151700,non_flipped,rf,path_strip,2.0,evasion
0.5860936216808104,0.6666666666666666,130567,non_flipped,rf,path_strip,2.0,evasion
0.8757185874623599,0.6666666666666666,228364,non_flipped,rf,path_strip,2.0,evasion
0.5926635641938133,0.42857142857142855,232245,non_flipped,rf,path_strip,2.0,evasion
0.7771694497673146,0.6666666666666666,45532,non_flipped,rf,path_strip,2.0,evasion
0.9364905557076376,0.6666666666666666,16134,non_flipped,rf,path_strip,2.0,evasion
0.9195182042157133,1.0,36736,non_flipped,rf,path_strip,2.0,evasion
0.628250752805913,0.42857142857142855,110487,non_flipped,rf,path_strip,2.0,evasion
0.4333424582534903,1.0,47392,non_flipped,rf,path_strip,2.0,evasion
0.5959485354503148,1.0,127683,non_flipped,rf,path_strip,2.0,evasion
0.38187790856830006,0.6666666666666666,203407,non_flipped,rf,path_strip,2.0,evasion
0.4798795510539284,0.42857142857142855,8450,non_flipped,rf,path_strip,2.0,evasion
0.5724062414453874,1.0,87807,non_flipped,rf,path_strip,2.0,evasion
0.5422940049274569,0.42857142857142855,117140,non_flipped,rf,path_strip,2.0,evasion
0.9315630988228853,1.0,156980,non_flipped,rf,path_strip,2.0,evasion
0.7738844785108131,1.0,161805,non_flipped,rf,path_strip,2.0,evasion
0.6162058581987409,0.6666666666666666,76174,non_flipped,rf,path_strip,2.0,evasion
0.5411990145086231,0.6666666666666666,34033,non_flipped,rf,path_strip,2.0,evasion
0.5439364905557077,1.0,72761,non_flipped,rf,path_strip,2.0,evasion
0.62168081029291,0.42857142857142855,154005,non_flipped,rf,path_strip,2.0,evasion
0.9983575143717495,0.6666666666666666,39289,non_flipped,rf,path_strip,2.0,evasion
0.6271557623870792,1.0,170176,non_flipped,rf,path_strip,2.0,evasion
0.9830276485080757,1.0,47353,non_flipped,rf,path_strip,2.0,evasion
0.6227758007117438,1.0,197971,non_flipped,rf,path_strip,2.0,evasion
0.3895428415001369,0.6666666666666666,145432,non_flipped,rf,path_strip,2.0,evasion
0.6233232959211608,1.0,93059,non_flipped,rf,path_strip,2.0,evasion
0.9989050095811665,1.0,69397,non_flipped,rf,path_strip,2.0,evasion
0.6266082671776623,0.6666666666666666,204980,non_flipped,rf,path_strip,2.0,evasion
0.5926635641938133,0.42857142857142855,40624,non_flipped,rf,path_strip,2.0,evasion
0.5778811935395566,0.42857142857142855,132049,non_flipped,rf,path_strip,2.0,evasion
0.5373665480427047,0.6666666666666666,196996,non_flipped,rf,path_strip,2.0,evasion
0.5970435258691488,0.6666666666666666,215242,non_flipped,rf,path_strip,2.0,evasion
0.5899260881467288,0.42857142857142855,85119,non_flipped,rf,path_strip,2.0,evasion
0.9627703257596496,1.0,154567,non_flipped,rf,path_strip,2.0,evasion
0.5926635641938133,0.42857142857142855,35716,non_flipped,rf,path_strip,2.0,evasion
0.961675335340816,0.6666666666666666,234670,non_flipped,rf,path_strip,2.0,evasion
0.6227758007117438,0.42857142857142855,228428,non_flipped,rf,path_strip,2.0,evasion
0.9967150287434987,1.0,149170,non_flipped,rf,path_strip,2.0,evasion
0.49082945524226673,0.6666666666666666,221657,non_flipped,rf,path_strip,2.0,evasion
0.628250752805913,1.0,210272,non_flipped,rf,path_strip,2.0,evasion
0.6277032575964961,1.0,19818,non_flipped,rf,path_strip,2.0,evasion
0.5926635641938133,0.42857142857142855,213092,non_flipped,rf,path_strip,2.0,evasion
0.6238707911305776,0.42857142857142855,232796,non_flipped,rf,path_strip,2.0,evasion
0.5860936216808104,0.6666666666666666,17169,non_flipped,rf,path_strip,2.0,evasion
0.5559813851628799,1.0,98196,non_flipped,rf,path_strip,2.0,evasion
0.4886394744045991,1.0,33248,non_flipped,rf,path_strip,2.0,evasion
1.0,1.0,96081,non_flipped,rf,path_strip,2.0,evasion
0.7634820695318917,0.6666666666666666,222930,non_flipped,rf,path_strip,2.0,evasion
0.7853818779085684,0.6666666666666666,229897,non_flipped,rf,path_strip,2.0,evasion
0.5225841773884479,0.6666666666666666,142956,non_flipped,rf,path_strip,2.0,evasion
0.5756912127018889,0.42857142857142855,35787,non_flipped,rf,path_strip,2.0,evasion
0.3764029564741309,0.6666666666666666,141402,non_flipped,rf,path_strip,2.0,evasion
0.5926635641938133,0.42857142857142855,31964,non_flipped,rf,path_strip,2.0,evasion
0.9501779359430605,1.0,55728,non_flipped,rf,path_strip,2.0,evasion
0.49685190254585276,0.6666666666666666,216476,non_flipped,rf,path_strip,2.0,evasion
0.8242540377771697,0.6666666666666666,190302,non_flipped,rf,path_strip,2.0,evasion
0.7673145359978102,0.6666666666666666,45389,non_flipped,rf,path_strip,2.0,evasion
0.6271557623870792,0.42857142857142855,181758,non_flipped,rf,path_strip,2.0,evasion
0.6277032575964961,0.42857142857142855,226650,non_flipped,rf,path_strip,2.0,evasion
0.4076101834108952,0.6666666666666666,148529,non_flipped,rf,path_strip,2.0,evasion
0.8926909389542842,0.6666666666666666,219494,non_flipped,rf,path_strip,2.0,evasion
0.6780728168628525,0.42857142857142855,18606,non_flipped,rf,path_strip,2.0,evasion
0.628250752805913,0.42857142857142855,5455,non_flipped,rf,path_strip,2.0,evasion
0.868053654530523,0.6666666666666666,175064,non_flipped,rf,path_strip,2.0,evasion
0.628250752805913,0.42857142857142855,80797,non_flipped,rf,path_strip,2.0,evasion
0.9906925814399127,0.6666666666666666,107351,non_flipped,rf,path_strip,2.0,evasion
0.6249657815494115,0.6666666666666666,179277,non_flipped,rf,path_strip,2.0,evasion
0.8571037503421847,0.6666666666666666,84355,non_flipped,rf,path_strip,2.0,evasion
0.5275116342732001,0.6666666666666666,102925,non_flipped,rf,path_strip,2.0,evasion
0.8571037503421847,1.0,117646,non_flipped,rf,path_strip,2.0,evasion
0.5915685737749795,0.42857142857142855,9987,non_flipped,rf,path_strip,2.0,evasion
0.522036682179031,0.6666666666666666,42109,non_flipped,rf,path_strip,2.0,evasion
0.6293457432247468,0.42857142857142855,185561,non_flipped,rf,path_strip,2.0,evasion
0.9222556802627978,1.0,126909,non_flipped,rf,path_strip,2.0,evasion
0.5904735833561456,0.6666666666666666,135732,non_flipped,rf,path_strip,2.0,evasion
0.86860114973994,1.0,104041,non_flipped,rf,path_strip,2.0,evasion
0.62879824801533,0.6666666666666666,79044,non_flipped,rf,path_strip,2.0,evasion
0.4875444839857652,0.42857142857142855,146545,non_flipped,rf,path_strip,2.0,evasion
0.9764577059950728,1.0,151071,non_flipped,rf,path_strip,2.0,evasion
0.5926635641938133,0.42857142857142855,23082,non_flipped,rf,path_strip,2.0,evasion
0.628250752805913,0.42857142857142855,164660,non_flipped,rf,path_strip,2.0,evasion
0.628250752805913,0.42857142857142855,58900,non_flipped,rf,path_strip,2.0,evasion
0.6260607719682453,0.42857142857142855,46550,non_flipped,rf,path_strip,2.0,evasion
0.4924719408705174,0.42857142857142855,104317,non_flipped,rf,path_strip,2.0,evasion
0.4470298384889133,0.6666666666666666,59321,non_flipped,rf,path_strip,2.0,evasion
0.6249657815494115,0.42857142857142855,23257,non_flipped,rf,path_strip,2.0,evasion
0.4535997810019163,0.42857142857142855,136559,non_flipped,rf,path_strip,2.0,evasion
0.8811935395565289,1.0,69837,non_flipped,rf,path_strip,2.0,evasion
0.5833561456337257,0.42857142857142855,60847,non_flipped,rf,path_strip,2.0,evasion
0.5379140432521216,1.0,211959,non_flipped,rf,path_strip,2.0,evasion
0.5225841773884479,0.6666666666666666,188788,non_flipped,rf,path_strip,2.0,evasion
0.3922803175472215,0.42857142857142855,100123,non_flipped,rf,path_strip,2.0,evasion
0.6249657815494115,1.0,84924,non_flipped,rf,path_strip,2.0,evasion
0.5849986312619765,0.6666666666666666,202600,non_flipped,rf,path_strip,2.0,evasion
0.5132767588283604,0.6666666666666666,224457,non_flipped,rf,path_strip,2.0,evasion
0.794689296468656,0.42857142857142855,92940,non_flipped,rf,path_strip,2.0,evasion
0.5373665480427047,0.42857142857142855,112347,non_flipped,rf,path_strip,2.0,evasion
0.5915685737749795,0.42857142857142855,72068,non_flipped,rf,path_strip,2.0,evasion
0.7738844785108131,1.0,43794,non_flipped,rf,path_strip,2.0,evasion
0.5357240624144539,0.6666666666666666,200468,non_flipped,rf,path_strip,2.0,evasion
0.9408705173829731,1.0,45826,non_flipped,rf,path_strip,2.0,evasion
0.5450314809745415,0.42857142857142855,178525,non_flipped,rf,path_strip,2.0,evasion
0.6266082671776623,0.42857142857142855,162805,non_flipped,rf,path_strip,2.0,evasion
0.628250752805913,0.42857142857142855,11304,non_flipped,rf,path_strip,2.0,evasion
0.6222283055023269,0.42857142857142855,57640,non_flipped,rf,path_strip,2.0,evasion
0.6266082671776623,0.42857142857142855,133372,non_flipped,rf,path_strip,2.0,evasion
0.9967150287434987,1.0,146556,non_flipped,rf,path_strip,2.0,evasion
0.6266082671776623,1.0,3917,non_flipped,rf,path_strip,2.0,evasion
0.5926635641938133,0.42857142857142855,158575,non_flipped,rf,path_strip,2.0,evasion
0.9567478784560636,1.0,218287,non_flipped,rf,path_strip,2.0,evasion
0.5964960306597318,0.42857142857142855,203513,non_flipped,rf,path_strip,2.0,evasion
0.7311798521762936,0.6666666666666666,138189,non_flipped,rf,path_strip,2.0,evasion
0.5943060498220641,0.42857142857142855,48089,non_flipped,rf,path_strip,2.0,evasion
0.5532439091157952,0.6666666666666666,184741,non_flipped,rf,path_strip,2.0,evasion
0.9901450862304957,1.0,135509,non_flipped,rf,path_strip,2.0,evasion
0.9244456611004654,1.0,79317,non_flipped,rf,path_strip,2.0,evasion
0.5713112510265536,0.6666666666666666,98891,non_flipped,rf,path_strip,2.0,evasion
0.5116342732001096,0.6666666666666666,90156,non_flipped,rf,path_strip,2.0,evasion
0.9989050095811665,1.0,85823,non_flipped,rf,path_strip,2.0,evasion
0.8198740761018343,0.6666666666666666,186982,non_flipped,rf,path_strip,2.0,evasion
0.9994525047905832,1.0,231782,non_flipped,rf,path_strip,2.0,evasion
0.11086777990692584,0.42857142857142855,209145,non_flipped,rf,path_strip,2.0,evasion
0.5778811935395566,1.0,17532,non_flipped,rf,path_strip,2.0,evasion
0.9534629071995622,0.6666666666666666,79391,non_flipped,rf,path_strip,2.0,evasion
0.8981658910484535,0.6666666666666666,163191,non_flipped,rf,path_strip,2.0,evasion
0.5505064330687107,1.0,113472,non_flipped,rf,path_strip,2.0,evasion
0.6255132767588284,0.42857142857142855,71767,non_flipped,rf,path_strip,2.0,evasion
0.8817410347659459,0.6666666666666666,64330,non_flipped,rf,path_strip,2.0,evasion
0.5860936216808104,0.6666666666666666,214015,non_flipped,rf,path_strip,2.0,evasion
0.594853545031481,0.42857142857142855,200443,non_flipped,rf,path_strip,2.0,evasion
0.8998083766767042,0.6666666666666666,63014,non_flipped,rf,path_strip,2.0,evasion
0.8954284150013688,1.0,219875,non_flipped,rf,path_strip,2.0,evasion
0.6277032575964961,0.42857142857142855,103138,non_flipped,rf,path_strip,2.0,evasion
0.6255132767588284,1.0,103531,non_flipped,rf,path_strip,2.0,evasion
0.9392280317547222,0.6666666666666666,125301,non_flipped,rf,path_strip,2.0,evasion
0.5800711743772243,0.6666666666666666,85492,non_flipped,rf,path_strip,2.0,evasion
0.7552696413906379,0.6666666666666666,131298,non_flipped,rf,path_strip,2.0,evasion
0.9841226389269097,0.6666666666666666,145578,non_flipped,rf,path_strip,2.0,evasion
0.5116342732001096,0.6666666666666666,55964,non_flipped,rf,path_strip,2.0,evasion
0.8905009581166166,0.6666666666666666,165623,non_flipped,rf,path_strip,2.0,evasion
0.5357240624144539,0.42857142857142855,54968,non_flipped,rf,path_strip,2.0,evasion
0.588283602518478,0.6666666666666666,214956,non_flipped,rf,path_strip,2.0,evasion
0.5401040240897893,0.42857142857142855,92981,non_flipped,rf,path_strip,2.0,evasion
0.6266082671776623,1.0,119107,non_flipped,rf,path_strip,2.0,evasion
0.6266082671776623,0.42857142857142855,114751,non_flipped,rf,path_strip,2.0,evasion
0.568026279770052,0.6666666666666666,7100,non_flipped,rf,path_strip,2.0,evasion
0.8154941144264989,0.6666666666666666,59173,non_flipped,rf,path_strip,2.0,evasion
0.5921160689843964,0.42857142857142855,210210,non_flipped,rf,path_strip,2.0,evasion
0.5926635641938133,0.42857142857142855,152145,non_flipped,rf,path_strip,2.0,evasion
0.6255132767588284,0.6666666666666666,171388,non_flipped,rf,path_strip,2.0,evasion
0.5192992061319465,0.6666666666666666,21889,non_flipped,rf,path_strip,2.0,evasion
0.9583903640843143,1.0,133108,non_flipped,rf,path_strip,2.0,evasion
0.9457979742677254,0.6666666666666666,76991,non_flipped,rf,path_strip,2.0,evasion
0.62879824801533,0.42857142857142855,225432,non_flipped,rf,path_strip,2.0,evasion
0.6255132767588284,0.6666666666666666,222275,non_flipped,rf,path_strip,2.0,evasion
0.9156857377497948,1.0,40566,non_flipped,rf,path_strip,2.0,evasion
0.48261702710101295,0.6666666666666666,133081,non_flipped,rf,path_strip,2.0,evasion
0.9271831371475501,1.0,132870,non_flipped,rf,path_strip,2.0,evasion
0.5674787845606352,1.0,191733,non_flipped,rf,path_strip,2.0,evasion
0.6271557623870792,0.42857142857142855,78704,non_flipped,rf,path_strip,2.0,evasion
0.8456063509444294,0.6666666666666666,19306,non_flipped,rf,path_strip,2.0,evasion
0.8954284150013688,1.0,145054,non_flipped,rf,path_strip,2.0,evasion
0.38844785108130303,0.6666666666666666,45640,non_flipped,rf,path_strip,2.0,evasion
0.4798795510539284,0.42857142857142855,22602,non_flipped,rf,path_strip,2.0,evasion
0.9698877634820697,1.0,225902,non_flipped,rf,path_strip,2.0,evasion
0.8954284150013688,1.0,196990,non_flipped,rf,path_strip,2.0,evasion
0.8226115521489188,0.6666666666666666,170580,non_flipped,rf,path_strip,2.0,evasion
0.5926635641938133,0.42857142857142855,181284,non_flipped,rf,path_strip,2.0,evasion
0.7016151108677801,0.6666666666666666,174372,non_flipped,rf,path_strip,2.0,evasion
0.5598138516287984,0.6666666666666666,50396,non_flipped,rf,path_strip,2.0,evasion
0.522036682179031,0.6666666666666666,178165,non_flipped,rf,path_strip,2.0,evasion
0.62879824801533,1.0,1755,non_flipped,rf,path_strip,2.0,evasion
0.5565288803722969,0.6666666666666666,220595,non_flipped,rf,path_strip,2.0,evasion
0.5543388995346292,0.6666666666666666,192439,non_flipped,rf,path_strip,2.0,evasion
0.62168081029291,0.6666666666666666,53968,non_flipped,rf,path_strip,2.0,evasion
0.628250752805913,0.42857142857142855,13997,non_flipped,rf,path_strip,2.0,evasion
0.6271557623870792,0.42857142857142855,97048,non_flipped,rf,path_strip,2.0,evasion
0.9562003832466466,1.0,26713,non_flipped,rf,path_strip,2.0,evasion
0.6238707911305776,0.42857142857142855,174198,non_flipped,rf,path_strip,2.0,evasion
0.5494114426498768,0.42857142857142855,177828,non_flipped,rf,path_strip,2.0,evasion
0.5899260881467288,0.42857142857142855,80258,non_flipped,rf,path_strip,2.0,evasion
0.9063783191897072,1.0,159075,non_flipped,rf,path_strip,2.0,evasion
1.0,1.0,165805,non_flipped,rf,path_strip,2.0,evasion
0.5866411168902272,0.42857142857142855,161888,non_flipped,rf,path_strip,2.0,evasion
0.5789761839583905,0.42857142857142855,219388,non_flipped,rf,path_strip,2.0,evasion
0.6277032575964961,0.42857142857142855,223869,non_flipped,rf,path_strip,2.0,evasion
0.7985217629345744,0.6666666666666666,229009,non_flipped,rf,path_strip,2.0,evasion
0.5860936216808104,0.42857142857142855,44270,non_flipped,rf,path_strip,2.0,evasion
1.0,1.0,169547,non_flipped,rf,path_strip,2.0,evasion
0.6271557623870792,1.0,110235,non_flipped,rf,path_strip,2.0,evasion
0.5570763755817137,0.6666666666666666,179255,non_flipped,rf,path_strip,2.0,evasion
0.5921160689843964,0.42857142857142855,71606,non_flipped,rf,path_strip,2.0,evasion
0.5926635641938133,0.42857142857142855,34620,non_flipped,rf,path_strip,2.0,evasion
0.3676430331234602,1.0,207180,flipped,rf,path_strip,3.0,evasion
0.522036682179031,0.42857142857142855,48285,flipped,rf,path_strip,3.0,evasion
-0.2964686558992609,0.6666666666666666,133462,flipped,rf,path_strip,3.0,evasion
0.5707637558171367,1.0,90630,flipped,rf,path_strip,3.0,evasion
0.4913769504516836,0.6666666666666666,166868,flipped,rf,path_strip,3.0,evasion
0.5871886120996442,1.0,9080,flipped,rf,path_strip,3.0,evasion
0.3232959211606899,0.6666666666666666,7975,flipped,rf,path_strip,3.0,evasion
0.4612647139337532,1.0,109074,flipped,rf,path_strip,3.0,evasion
0.44155488639474416,0.6666666666666666,44778,flipped,rf,path_strip,3.0,evasion
0.34738571037503424,0.6666666666666666,162892,flipped,rf,path_strip,3.0,evasion
0.23460169723514923,0.6666666666666666,210890,flipped,rf,path_strip,3.0,evasion
0.055023268546400224,0.6666666666666666,26488,flipped,rf,path_strip,3.0,evasion
0.475499589378593,1.0,185199,flipped,rf,path_strip,3.0,evasion
0.5269641390637833,0.6666666666666666,170258,flipped,rf,path_strip,3.0,evasion
0.4990418833835205,1.0,158329,flipped,rf,path_strip,3.0,evasion
0.49739939775526965,0.6666666666666666,152940,flipped,rf,path_strip,3.0,evasion
0.15138242540377772,0.42857142857142855,222074,flipped,rf,path_strip,3.0,evasion
0.20722693676430332,0.6666666666666666,139704,flipped,rf,path_strip,3.0,evasion
0.3320558445113606,0.6666666666666666,188194,flipped,rf,path_strip,3.0,evasion
0.4081576786203121,0.6666666666666666,71487,flipped,rf,path_strip,3.0,evasion
-0.06268820147823707,0.6666666666666666,200807,flipped,rf,path_strip,3.0,evasion
0.5258691486449494,1.0,108476,flipped,rf,path_strip,3.0,evasion
0.5937585546126471,0.6666666666666666,189662,flipped,rf,path_strip,3.0,evasion
0.4475773336983302,1.0,205285,flipped,rf,path_strip,3.0,evasion
0.035313441007391186,0.42857142857142855,101805,flipped,rf,path_strip,3.0,evasion
0.408705173829729,0.42857142857142855,115473,flipped,rf,path_strip,3.0,evasion
0.16233232959211608,0.6666666666666666,114076,flipped,rf,path_strip,3.0,evasion
0.6140158773610732,1.0,96948,flipped,rf,path_strip,3.0,evasion
0.5784286887489735,0.6666666666666666,181637,flipped,rf,path_strip,3.0,evasion
0.32658089241719135,0.6666666666666666,23030,flipped,rf,path_strip,3.0,evasion
0.5532439091157952,1.0,224198,flipped,rf,path_strip,3.0,evasion
0.615110867779907,1.0,124666,flipped,rf,path_strip,3.0,evasion
0.5329865863673693,0.6666666666666666,175951,flipped,rf,path_strip,3.0,evasion
0.5702162606077197,1.0,139561,flipped,rf,path_strip,3.0,evasion
0.23514919244456614,0.42857142857142855,67084,flipped,rf,path_strip,3.0,evasion
0.24336162058581992,1.0,189261,flipped,rf,path_strip,3.0,evasion
0.575143717492472,1.0,34276,flipped,rf,path_strip,3.0,evasion
0.24117163974815223,1.0,176751,flipped,rf,path_strip,3.0,evasion
0.5773336983301396,1.0,119543,flipped,rf,path_strip,3.0,evasion
0.3419107582808651,1.0,153417,flipped,rf,path_strip,3.0,evasion
0.5264166438543664,0.6666666666666666,181240,flipped,rf,path_strip,3.0,evasion
0.5844511360525596,0.6666666666666666,110177,flipped,rf,path_strip,3.0,evasion
0.5784286887489735,1.0,33970,flipped,rf,path_strip,3.0,evasion
0.5373665480427047,0.6666666666666666,56156,flipped,rf,path_strip,3.0,evasion
0.5576238707911307,1.0,68690,flipped,rf,path_strip,3.0,evasion
0.209416917601971,0.6666666666666666,107671,flipped,rf,path_strip,3.0,evasion
0.5340815767862032,0.42857142857142855,178470,flipped,rf,path_strip,3.0,evasion
0.4640021899808377,0.6666666666666666,70585,flipped,rf,path_strip,3.0,evasion
-0.05447577333698331,0.6666666666666666,7609,flipped,rf,path_strip,3.0,evasion
0.5696687653983029,1.0,132696,flipped,rf,path_strip,3.0,evasion
0.2756638379414181,1.0,159870,flipped,rf,path_strip,3.0,evasion
0.0418833835203942,0.6666666666666666,40724,flipped,rf,path_strip,3.0,evasion
0.6183958390364085,0.6666666666666666,190215,flipped,rf,path_strip,3.0,evasion
0.5915685737749795,0.6666666666666666,202123,flipped,rf,path_strip,3.0,evasion
0.35395565288803726,0.6666666666666666,231267,flipped,rf,path_strip,3.0,evasion
0.34738571037503424,0.6666666666666666,68560,flipped,rf,path_strip,3.0,evasion
0.3468382151656173,0.6666666666666666,74676,flipped,rf,path_strip,3.0,evasion
-0.04735833561456338,0.25,104748,flipped,rf,path_strip,3.0,evasion
0.5023268546400219,0.6666666666666666,77655,flipped,rf,path_strip,3.0,evasion
0.49739939775526965,0.6666666666666666,51961,flipped,rf,path_strip,3.0,evasion
0.2340542020257323,0.42857142857142855,98005,flipped,rf,path_strip,3.0,evasion
0.4574322474678347,0.6666666666666666,130448,flipped,rf,path_strip,3.0,evasion
0.5975910210785657,0.6666666666666666,217683,flipped,rf,path_strip,3.0,evasion
0.46783465644675615,0.42857142857142855,225906,flipped,rf,path_strip,3.0,evasion
0.4114426498768136,0.42857142857142855,137279,flipped,rf,path_strip,3.0,evasion
0.31891595948535456,1.0,117787,flipped,rf,path_strip,3.0,evasion
0.5822611552148919,0.6666666666666666,220177,flipped,rf,path_strip,3.0,evasion
-0.1595948535450315,0.6666666666666666,70749,flipped,rf,path_strip,3.0,evasion
0.3194634546947715,0.42857142857142855,192288,flipped,rf,path_strip,3.0,evasion
0.5598138516287984,1.0,234559,flipped,rf,path_strip,3.0,evasion
0.05009581166164797,0.6666666666666666,139948,flipped,rf,path_strip,3.0,evasion
0.6260607719682453,0.6666666666666666,91962,flipped,rf,path_strip,3.0,evasion
-0.2658089241719135,0.6666666666666666,23482,flipped,rf,path_strip,3.0,evasion
0.27894880919791953,0.42857142857142855,234670,flipped,rf,path_strip,3.0,evasion
0.49301943607993437,1.0,83599,flipped,rf,path_strip,3.0,evasion
0.1902545852723789,0.6666666666666666,100545,flipped,rf,path_strip,3.0,evasion
0.04024089789214345,0.6666666666666666,181453,flipped,rf,path_strip,3.0,evasion
-0.16178483438269917,0.42857142857142855,200805,flipped,rf,path_strip,3.0,evasion
0.5652888037229675,1.0,210196,flipped,rf,path_strip,3.0,evasion
0.5028743498494389,1.0,184050,flipped,rf,path_strip,3.0,evasion
0.22091431699972627,0.6666666666666666,33418,flipped,rf,path_strip,3.0,evasion
0.31782096906652074,0.6666666666666666,70519,flipped,rf,path_strip,3.0,evasion
0.5039693402682727,0.6666666666666666,161491,flipped,rf,path_strip,3.0,evasion
0.3320558445113606,0.6666666666666666,70358,flipped,rf,path_strip,3.0,evasion
0.4859019983575144,1.0,96696,flipped,rf,path_strip,3.0,evasion
0.46783465644675615,0.6666666666666666,186478,flipped,rf,path_strip,3.0,evasion
-0.25212154393649056,0.6666666666666666,40801,flipped,rf,path_strip,3.0,evasion
-0.17985217629345746,0.6666666666666666,157226,flipped,rf,path_strip,3.0,evasion
0.555433889953463,1.0,98022,flipped,rf,path_strip,3.0,evasion
0.5099917875718588,1.0,223714,flipped,rf,path_strip,3.0,evasion
0.28770873254859025,0.6666666666666666,233059,flipped,rf,path_strip,3.0,evasion
0.4640021899808377,1.0,168176,flipped,rf,path_strip,3.0,evasion
0.13112510265535177,0.6666666666666666,230155,flipped,rf,path_strip,3.0,evasion
0.34574322474678354,0.6666666666666666,209312,flipped,rf,path_strip,3.0,evasion
0.4092526690391459,0.6666666666666666,60369,flipped,rf,path_strip,3.0,evasion
0.5444839857651246,0.6666666666666666,207051,flipped,rf,path_strip,3.0,evasion
-0.038050917054475775,0.6666666666666666,132926,flipped,rf,path_strip,3.0,evasion
0.5203941965507802,0.6666666666666666,67987,flipped,rf,path_strip,3.0,evasion
0.5335340815767863,1.0,12661,flipped,rf,path_strip,3.0,evasion
0.5428415001368738,1.0,124679,flipped,rf,path_strip,3.0,evasion
0.4995893785929374,1.0,193365,flipped,rf,path_strip,3.0,evasion
0.5844511360525596,0.6666666666666666,155842,flipped,rf,path_strip,3.0,evasion
0.2526690391459075,0.42857142857142855,77932,flipped,rf,path_strip,3.0,evasion
0.5149192444566111,1.0,23641,flipped,rf,path_strip,3.0,evasion
0.5789761839583905,0.6666666666666666,25617,flipped,rf,path_strip,3.0,evasion
0.5789761839583905,1.0,79594,flipped,rf,path_strip,3.0,evasion
-0.16506980563920068,0.6666666666666666,190932,flipped,rf,path_strip,3.0,evasion
0.25923898165891046,0.42857142857142855,195848,flipped,rf,path_strip,3.0,evasion
0.4546947714207501,0.6666666666666666,177315,flipped,rf,path_strip,3.0,evasion
0.5127292636189434,1.0,58568,flipped,rf,path_strip,3.0,evasion
0.5499589378592937,0.6666666666666666,132790,flipped,rf,path_strip,3.0,evasion
0.1716397481522037,0.6666666666666666,184000,flipped,rf,path_strip,3.0,evasion
0.5756912127018889,1.0,222209,flipped,rf,path_strip,3.0,evasion
-0.02819600328497126,0.6666666666666666,106967,flipped,rf,path_strip,3.0,evasion
0.4650971803996716,0.6666666666666666,175048,flipped,rf,path_strip,3.0,evasion
0.33041335888310985,0.6666666666666666,126909,flipped,rf,path_strip,3.0,evasion
0.5324390911579525,1.0,53951,flipped,rf,path_strip,3.0,evasion
0.5713112510265536,1.0,193165,flipped,rf,path_strip,3.0,evasion
0.54174650971804,0.6666666666666666,181386,flipped,rf,path_strip,3.0,evasion
0.45031480974541477,1.0,164936,flipped,rf,path_strip,3.0,evasion
0.5138242540377773,1.0,233332,flipped,rf,path_strip,3.0,evasion
0.6074459348480702,1.0,192720,flipped,rf,path_strip,3.0,evasion
0.47714207500684375,0.6666666666666666,51562,flipped,rf,path_strip,3.0,evasion
0.14645496851902548,0.42857142857142855,64188,flipped,rf,path_strip,3.0,evasion
0.5422940049274569,1.0,132622,flipped,rf,path_strip,3.0,evasion
0.4541472762113332,1.0,56377,flipped,rf,path_strip,3.0,evasion
0.4256775253216535,0.6666666666666666,79159,flipped,rf,path_strip,3.0,evasion
0.38078291814946624,0.6666666666666666,170532,flipped,rf,path_strip,3.0,evasion
0.11415275116342732,0.42857142857142855,205788,flipped,rf,path_strip,3.0,evasion
0.5855461264713934,0.6666666666666666,85010,flipped,rf,path_strip,3.0,evasion
0.5390090336709554,1.0,61484,flipped,rf,path_strip,3.0,evasion
0.5724062414453874,0.6666666666666666,18767,flipped,rf,path_strip,3.0,evasion
0.5713112510265536,0.6666666666666666,84558,flipped,rf,path_strip,3.0,evasion
0.6156583629893239,0.6666666666666666,83627,flipped,rf,path_strip,3.0,evasion
0.555433889953463,0.6666666666666666,202226,flipped,rf,path_strip,3.0,evasion
0.5713112510265536,1.0,24070,flipped,rf,path_strip,3.0,evasion
0.5767862031207228,1.0,168550,flipped,rf,path_strip,3.0,evasion
0.4683821516561731,0.6666666666666666,100468,flipped,rf,path_strip,3.0,evasion
0.5745962222830551,0.6666666666666666,82173,flipped,rf,path_strip,3.0,evasion
0.4880919791951821,1.0,28824,flipped,rf,path_strip,3.0,evasion
0.31672597864768687,0.42857142857142855,23836,flipped,rf,path_strip,3.0,evasion
-0.23022173555981387,0.6666666666666666,54529,flipped,rf,path_strip,3.0,evasion
0.17820969066520673,1.0,142328,flipped,rf,path_strip,3.0,evasion
0.31179852176293466,1.0,94002,flipped,rf,path_strip,3.0,evasion
-0.06433068710648782,1.0,161539,flipped,rf,path_strip,3.0,evasion
0.4886394744045991,1.0,86640,flipped,rf,path_strip,3.0,evasion
0.5450314809745415,0.6666666666666666,127515,flipped,rf,path_strip,3.0,evasion
0.4995893785929374,1.0,211305,flipped,rf,path_strip,3.0,evasion
-0.10539282781275665,0.42857142857142855,219672,flipped,rf,path_strip,3.0,evasion
0.5773336983301396,1.0,80510,flipped,rf,path_strip,3.0,evasion
0.5745962222830551,0.6666666666666666,49885,flipped,rf,path_strip,3.0,evasion
0.27292636189433345,0.6666666666666666,176412,flipped,rf,path_strip,3.0,evasion
0.5143717492471942,1.0,98906,flipped,rf,path_strip,3.0,evasion
0.5466739666027923,1.0,38440,flipped,rf,path_strip,3.0,evasion
0.010676156583629895,0.42857142857142855,45750,flipped,rf,path_strip,3.0,evasion
0.5384615384615385,0.6666666666666666,124503,flipped,rf,path_strip,3.0,evasion
0.209416917601971,0.6666666666666666,159496,flipped,rf,path_strip,3.0,evasion
0.5603613468382153,1.0,57443,flipped,rf,path_strip,3.0,evasion
0.5784286887489735,1.0,172593,flipped,rf,path_strip,3.0,evasion
0.508349301943608,1.0,15913,flipped,rf,path_strip,3.0,evasion
0.5587188612099646,1.0,70178,flipped,rf,path_strip,3.0,evasion
0.16452231042978377,1.0,121367,flipped,rf,path_strip,3.0,evasion
0.4990418833835205,0.42857142857142855,127036,flipped,rf,path_strip,3.0,evasion
0.4514098001642486,1.0,35062,flipped,rf,path_strip,3.0,evasion
0.4744045989597591,0.6666666666666666,26713,flipped,rf,path_strip,3.0,evasion
0.6277032575964961,1.0,150924,flipped,rf,path_strip,3.0,evasion
0.5724062414453874,0.6666666666666666,180456,flipped,rf,path_strip,3.0,evasion
0.20120448946071726,0.42857142857142855,47494,flipped,rf,path_strip,3.0,evasion
0.5258691486449494,0.6666666666666666,32731,flipped,rf,path_strip,3.0,evasion
0.5307966055297016,0.6666666666666666,36962,flipped,rf,path_strip,3.0,evasion
0.37530796605529704,0.6666666666666666,226202,flipped,rf,path_strip,3.0,evasion
0.5182042157131127,1.0,153121,flipped,rf,path_strip,3.0,evasion
0.22748425951272927,1.0,187991,flipped,rf,path_strip,3.0,evasion
0.5778811935395566,0.42857142857142855,163243,flipped,rf,path_strip,3.0,evasion
-0.06433068710648782,1.0,94965,flipped,rf,path_strip,3.0,evasion
0.23569668765398305,1.0,172473,flipped,rf,path_strip,3.0,evasion
0.008486175745962225,0.42857142857142855,151815,flipped,rf,path_strip,3.0,evasion
0.5335340815767863,0.6666666666666666,116631,flipped,rf,path_strip,3.0,evasion
0.24883657267998907,1.0,152757,flipped,rf,path_strip,3.0,evasion
0.008486175745962225,0.42857142857142855,29634,flipped,rf,path_strip,3.0,evasion
0.5691212701888859,1.0,28737,flipped,rf,path_strip,3.0,evasion
0.4108951546673967,1.0,202940,flipped,rf,path_strip,3.0,evasion
0.5702162606077197,0.6666666666666666,123541,flipped,rf,path_strip,3.0,evasion
0.34464823432794967,0.6666666666666666,80114,flipped,rf,path_strip,3.0,evasion
0.4092526690391459,0.42857142857142855,183530,flipped,rf,path_strip,3.0,evasion
0.5718587462359705,1.0,68130,flipped,rf,path_strip,3.0,evasion
-0.1908020804817958,0.6666666666666666,94765,flipped,rf,path_strip,3.0,evasion
-0.013413632630714482,0.6666666666666666,230969,flipped,rf,path_strip,3.0,evasion
0.4804270462633453,0.6666666666666666,140150,flipped,rf,path_strip,3.0,evasion
0.4913769504516836,0.6666666666666666,198517,flipped,rf,path_strip,3.0,evasion
0.5302491103202848,1.0,70674,flipped,rf,path_strip,3.0,evasion
0.6260607719682453,1.0,133298,flipped,rf,path_strip,3.0,evasion
0.0035587188612099647,0.6666666666666666,97166,flipped,rf,path_strip,3.0,evasion
0.4990418833835205,0.6666666666666666,220891,flipped,rf,path_strip,3.0,evasion
0.209416917601971,0.6666666666666666,88663,flipped,rf,path_strip,3.0,evasion
0.5362715576238709,0.42857142857142855,142469,flipped,rf,path_strip,3.0,evasion
0.2794963044073364,0.42857142857142855,68640,flipped,rf,path_strip,3.0,evasion
0.4842595127292637,0.6666666666666666,97669,flipped,rf,path_strip,3.0,evasion
0.495756912127019,0.6666666666666666,150888,flipped,rf,path_strip,3.0,evasion
0.12346016972351494,0.6666666666666666,160874,flipped,rf,path_strip,3.0,evasion
0.4448398576512456,0.6666666666666666,58344,flipped,rf,path_strip,3.0,evasion
0.5411990145086231,0.6666666666666666,192889,flipped,rf,path_strip,3.0,evasion
0.5488639474404599,1.0,103190,flipped,rf,path_strip,3.0,evasion
0.4869969887763482,1.0,82137,flipped,rf,path_strip,3.0,evasion
0.5143717492471942,1.0,128601,flipped,rf,path_strip,3.0,evasion
0.4804270462633453,0.6666666666666666,122403,flipped,rf,path_strip,3.0,evasion
0.5559813851628799,1.0,13018,flipped,rf,path_strip,3.0,evasion
0.16999726252395295,1.0,127803,flipped,rf,path_strip,3.0,evasion
0.36928551875171095,0.6666666666666666,186014,flipped,rf,path_strip,3.0,evasion
0.47330960854092535,0.6666666666666666,115003,flipped,rf,path_strip,3.0,evasion
0.33753079660552976,1.0,39900,flipped,rf,path_strip,3.0,evasion
0.40377771694497677,1.0,103240,flipped,rf,path_strip,3.0,evasion
0.3572406241445388,1.0,168354,flipped,rf,path_strip,3.0,evasion
-0.2422666301669861,0.42857142857142855,58417,flipped,rf,path_strip,3.0,evasion
0.07966055297016152,0.25,54908,flipped,rf,path_strip,3.0,evasion
0.14645496851902548,0.42857142857142855,92713,flipped,rf,path_strip,3.0,evasion
0.5039693402682727,1.0,212197,flipped,rf,path_strip,3.0,evasion
0.13003011223651795,0.6666666666666666,174596,flipped,rf,path_strip,3.0,evasion
0.535176567205037,1.0,187801,flipped,rf,path_strip,3.0,evasion
0.49411442649876813,1.0,156188,flipped,rf,path_strip,3.0,evasion
0.5039693402682727,0.6666666666666666,76379,flipped,rf,path_strip,3.0,evasion
0.62879824801533,1.0,160741,flipped,rf,path_strip,3.0,evasion
0.5466739666027923,0.6666666666666666,135073,flipped,rf,path_strip,3.0,evasion
0.006296194908294554,0.42857142857142855,144951,flipped,rf,path_strip,3.0,evasion
0.49630440733643577,1.0,176124,flipped,rf,path_strip,3.0,evasion
0.28880372296742407,0.6666666666666666,120393,flipped,rf,path_strip,3.0,evasion
0.0851355050643307,0.42857142857142855,190213,flipped,rf,path_strip,3.0,evasion
0.001368738023542294,0.42857142857142855,107236,flipped,rf,path_strip,3.0,evasion
0.4722146181220915,0.6666666666666666,122289,flipped,rf,path_strip,3.0,evasion
0.19901450862304956,0.42857142857142855,90086,flipped,rf,path_strip,3.0,evasion
0.49301943607993437,1.0,32355,flipped,rf,path_strip,3.0,evasion
0.28716123733917326,1.0,75531,flipped,rf,path_strip,3.0,evasion
0.22529427867506163,1.0,155302,flipped,rf,path_strip,3.0,evasion
-0.038050917054475775,0.6666666666666666,28612,flipped,rf,path_strip,3.0,evasion
0.5280591294826171,1.0,122045,flipped,rf,path_strip,3.0,evasion
0.4875444839857652,0.6666666666666666,118632,flipped,rf,path_strip,3.0,evasion
0.54174650971804,0.6666666666666666,153090,flipped,rf,path_strip,3.0,evasion
-0.2499315630988229,0.6666666666666666,163262,flipped,rf,path_strip,3.0,evasion
-0.03421845058855736,0.6666666666666666,89855,flipped,rf,path_strip,3.0,evasion
0.5499589378592937,0.6666666666666666,203394,flipped,rf,path_strip,3.0,evasion
-0.2499315630988229,0.6666666666666666,131135,flipped,rf,path_strip,3.0,evasion
0.5702162606077197,0.6666666666666666,201037,flipped,rf,path_strip,3.0,evasion
0.4776895702162606,1.0,102566,flipped,rf,path_strip,3.0,evasion
0.2001094990418834,0.6666666666666666,60853,flipped,rf,path_strip,3.0,evasion
0.1869696140158774,1.0,71108,flipped,rf,path_strip,3.0,evasion
0.5548863947440461,1.0,208876,flipped,rf,path_strip,3.0,evasion
0.3512181768409527,0.6666666666666666,89594,flipped,rf,path_strip,3.0,evasion
0.28004379961675335,1.0,130147,flipped,rf,path_strip,3.0,evasion
0.2794963044073364,1.0,77109,flipped,rf,path_strip,3.0,evasion
0.4546947714207501,0.6666666666666666,84007,flipped,rf,path_strip,3.0,evasion
0.5428415001368738,1.0,136947,flipped,rf,path_strip,3.0,evasion
0.4240350396934027,0.6666666666666666,121908,flipped,rf,path_strip,3.0,evasion
0.34574322474678354,0.6666666666666666,131464,flipped,rf,path_strip,3.0,evasion
0.5833561456337257,0.6666666666666666,123633,flipped,rf,path_strip,3.0,evasion
-0.25212154393649056,0.6666666666666666,169288,flipped,rf,path_strip,3.0,evasion
0.535176567205037,1.0,174153,flipped,rf,path_strip,3.0,evasion
0.27292636189433345,0.6666666666666666,66943,flipped,rf,path_strip,3.0,evasion
0.5625513276758829,0.6666666666666666,114089,flipped,rf,path_strip,3.0,evasion
0.4705721324938407,1.0,108426,flipped,rf,path_strip,3.0,evasion
0.2526690391459075,0.42857142857142855,83579,flipped,rf,path_strip,3.0,evasion
0.5138242540377773,1.0,198707,flipped,rf,path_strip,3.0,evasion
0.628250752805913,1.0,87980,flipped,rf,path_strip,3.0,evasion
0.4163701067615659,1.0,32579,flipped,rf,path_strip,3.0,evasion
-0.17711470024637288,0.6666666666666666,15166,flipped,rf,path_strip,3.0,evasion
0.5056118258965234,1.0,140684,flipped,rf,path_strip,3.0,evasion
0.5269641390637833,1.0,143800,flipped,rf,path_strip,3.0,evasion
0.3172734738571038,0.42857142857142855,34006,flipped,rf,path_strip,3.0,evasion
0.3232959211606899,0.6666666666666666,116475,flipped,rf,path_strip,3.0,evasion
0.5165617300848618,0.6666666666666666,109290,flipped,rf,path_strip,3.0,evasion
0.3057760744593485,0.42857142857142855,179637,flipped,rf,path_strip,3.0,evasion
0.3495756912127019,0.6666666666666666,75170,flipped,rf,path_strip,3.0,evasion
-0.052285792499315635,0.42857142857142855,88174,flipped,rf,path_strip,3.0,evasion
0.5625513276758829,1.0,38624,flipped,rf,path_strip,3.0,evasion
0.5532439091157952,0.6666666666666666,202157,flipped,rf,path_strip,3.0,evasion
0.10758280865042433,0.42857142857142855,113075,flipped,rf,path_strip,3.0,evasion
-0.02819600328497126,0.6666666666666666,141861,flipped,rf,path_strip,3.0,evasion
0.4984943881741035,1.0,101427,flipped,rf,path_strip,3.0,evasion
0.628250752805913,1.0,43354,flipped,rf,path_strip,3.0,evasion
0.6189433342458254,1.0,223716,flipped,rf,path_strip,3.0,evasion
0.4136326307144813,0.42857142857142855,161129,flipped,rf,path_strip,3.0,evasion
0.5521489186969614,1.0,68001,flipped,rf,path_strip,3.0,evasion
0.5318915959485355,0.6666666666666666,161102,flipped,rf,path_strip,3.0,evasion
0.29099370380509176,0.6666666666666666,100382,flipped,rf,path_strip,3.0,evasion
0.07090062961949083,0.6666666666666666,81969,flipped,rf,path_strip,3.0,evasion
0.5318915959485355,1.0,124469,flipped,rf,path_strip,3.0,evasion
0.6173008486175747,0.6666666666666666,101546,flipped,rf,path_strip,3.0,evasion
0.5855461264713934,1.0,60145,flipped,rf,path_strip,3.0,evasion
0.562003832466466,0.6666666666666666,146725,flipped,rf,path_strip,3.0,evasion
0.24500410621407062,0.6666666666666666,160392,flipped,rf,path_strip,3.0,evasion
0.5521489186969614,0.6666666666666666,13394,flipped,rf,path_strip,3.0,evasion
0.5795236791678073,0.6666666666666666,59978,flipped,rf,path_strip,3.0,evasion
0.3462907199562004,0.6666666666666666,35158,flipped,rf,path_strip,3.0,evasion
0.5997810019162333,1.0,44354,flipped,rf,path_strip,3.0,evasion
0.4880919791951821,1.0,173656,flipped,rf,path_strip,3.0,evasion
0.4327949630440734,0.42857142857142855,187749,flipped,rf,path_strip,3.0,evasion
0.4798795510539284,0.6666666666666666,24225,flipped,rf,path_strip,3.0,evasion
0.4798795510539284,0.6666666666666666,162173,flipped,rf,path_strip,3.0,evasion
0.5877361073090611,0.42857142857142855,139499,flipped,rf,path_strip,3.0,evasion
0.009581166164796059,0.42857142857142855,226941,flipped,rf,path_strip,3.0,evasion
0.335888310977279,0.6666666666666666,148621,flipped,rf,path_strip,3.0,evasion
0.4990418833835205,1.0,74907,flipped,rf,path_strip,3.0,evasion
-0.12784013139885025,1.0,142092,flipped,rf,path_strip,3.0,evasion
-0.038050917054475775,0.6666666666666666,37648,flipped,rf,path_strip,3.0,evasion
0.49685190254585276,0.6666666666666666,19836,flipped,rf,path_strip,3.0,evasion
-0.10101286613742132,0.42857142857142855,197618,flipped,rf,path_strip,3.0,evasion
0.28606624692033944,0.6666666666666666,104221,flipped,rf,path_strip,3.0,evasion
0.415822611552149,0.42857142857142855,117359,flipped,rf,path_strip,3.0,evasion
0.508349301943608,1.0,183616,flipped,rf,path_strip,3.0,evasion
0.5702162606077197,1.0,227909,flipped,rf,path_strip,3.0,evasion
0.17601970982753903,0.6666666666666666,133272,flipped,rf,path_strip,3.0,evasion
0.49794689296468664,0.6666666666666666,54545,flipped,rf,path_strip,3.0,evasion
0.5455789761839585,1.0,151608,flipped,rf,path_strip,3.0,evasion
0.012866137421297564,0.42857142857142855,55575,flipped,rf,path_strip,3.0,evasion
0.5516014234875445,0.6666666666666666,210330,flipped,rf,path_strip,3.0,evasion
0.5034218450588558,0.6666666666666666,33683,flipped,rf,path_strip,3.0,evasion
-0.13331508349301946,0.6666666666666666,100887,flipped,rf,path_strip,3.0,evasion
0.009581166164796059,0.42857142857142855,137618,flipped,rf,path_strip,3.0,evasion
0.548316452231043,1.0,197797,flipped,rf,path_strip,3.0,evasion
0.528606624692034,0.6666666666666666,183963,flipped,rf,path_strip,3.0,evasion
-0.1382425403777717,0.6666666666666666,174913,flipped,rf,path_strip,3.0,evasion
0.49082945524226673,0.6666666666666666,199118,flipped,rf,path_strip,3.0,evasion
0.4108951546673967,0.6666666666666666,5432,flipped,rf,path_strip,3.0,evasion
0.2307692307692308,0.42857142857142855,86145,flipped,rf,path_strip,3.0,evasion
0.3419107582808651,1.0,159542,flipped,rf,path_strip,3.0,evasion
-0.0730906104571585,0.6666666666666666,109504,flipped,rf,path_strip,3.0,evasion
-0.22693676430331236,0.42857142857142855,109000,flipped,rf,path_strip,3.0,evasion
0.13988502600602246,0.6666666666666666,60497,flipped,rf,path_strip,3.0,evasion
0.19353955652888039,0.6666666666666666,187543,flipped,rf,path_strip,3.0,evasion
0.5702162606077197,0.6666666666666666,104340,flipped,rf,path_strip,3.0,evasion
0.5132767588283604,1.0,146148,flipped,rf,path_strip,3.0,evasion
0.529154119901451,0.6666666666666666,219104,flipped,rf,path_strip,3.0,evasion
0.1409800164248563,0.6666666666666666,131944,flipped,rf,path_strip,3.0,evasion
0.4880919791951821,1.0,65542,flipped,rf,path_strip,3.0,evasion
0.23514919244456614,0.6666666666666666,135509,flipped,rf,path_strip,3.0,evasion
0.21762934574322476,0.6666666666666666,163678,flipped,rf,path_strip,3.0,evasion
0.249384067889406,0.6666666666666666,41332,flipped,rf,path_strip,3.0,evasion
0.5357240624144539,1.0,183348,flipped,rf,path_strip,3.0,evasion
0.12346016972351494,0.6666666666666666,43139,flipped,rf,path_strip,3.0,evasion
0.1869696140158774,1.0,47750,flipped,rf,path_strip,3.0,evasion
0.5132767588283604,0.6666666666666666,126423,flipped,rf,path_strip,3.0,evasion
-0.16999726252395295,0.6666666666666666,213795,flipped,rf,path_strip,3.0,evasion
0.3479332055844511,0.6666666666666666,130905,flipped,rf,path_strip,3.0,evasion
0.1376950451683548,0.42857142857142855,213075,flipped,rf,path_strip,3.0,evasion
0.6271557623870792,1.0,28344,flipped,rf,path_strip,3.0,evasion
0.5674787845606352,1.0,234473,flipped,rf,path_strip,3.0,evasion
0.5981385162879826,0.6666666666666666,215409,flipped,rf,path_strip,3.0,evasion
0.5072543115247741,1.0,62516,flipped,rf,path_strip,3.0,evasion
-0.021626060771968245,0.42857142857142855,136824,flipped,rf,path_strip,3.0,evasion
0.16835477689570216,0.42857142857142855,60039,flipped,rf,path_strip,3.0,evasion
0.5893785929373118,1.0,166971,flipped,rf,path_strip,3.0,evasion
0.3145359978100192,0.6666666666666666,120979,flipped,rf,path_strip,3.0,evasion
0.23022173555981387,1.0,106491,flipped,rf,path_strip,3.0,evasion
-0.07747057213249385,1.0,186544,flipped,rf,path_strip,3.0,evasion
0.5455789761839585,1.0,199254,flipped,rf,path_strip,3.0,evasion
0.5329865863673693,1.0,217994,flipped,rf,path_strip,3.0,evasion
0.33534081576786207,0.42857142857142855,130968,flipped,rf,path_strip,3.0,evasion
0.19901450862304956,0.6666666666666666,27041,flipped,rf,path_strip,3.0,evasion
0.28551875171092256,0.6666666666666666,31667,flipped,rf,path_strip,3.0,evasion
0.5444839857651246,0.6666666666666666,130387,flipped,rf,path_strip,3.0,evasion
0.3676430331234602,0.6666666666666666,188574,flipped,rf,path_strip,3.0,evasion
0.5587188612099646,1.0,52579,flipped,rf,path_strip,3.0,evasion
0.3046810840405147,1.0,190618,flipped,rf,path_strip,3.0,evasion
-0.19737202299479883,0.6666666666666666,192849,flipped,rf,path_strip,3.0,evasion
0.3742129756364632,1.0,183107,flipped,rf,path_strip,3.0,evasion
0.49739939775526965,0.6666666666666666,39527,flipped,rf,path_strip,3.0,evasion
0.1787571858746236,0.6666666666666666,48723,flipped,rf,path_strip,3.0,evasion
0.48535450314809747,1.0,204737,flipped,rf,path_strip,3.0,evasion
0.5001368738023542,1.0,204934,flipped,rf,path_strip,3.0,evasion
-0.0884204763208322,0.25,10260,flipped,rf,path_strip,3.0,evasion
0.5149192444566111,0.6666666666666666,125239,flipped,rf,path_strip,3.0,evasion
-0.05009581166164797,0.6666666666666666,214940,flipped,rf,path_strip,3.0,evasion
0.27840131398850265,0.42857142857142855,215345,flipped,rf,path_strip,3.0,evasion
0.044073364358061876,0.6666666666666666,218683,flipped,rf,path_strip,3.0,evasion
0.522036682179031,0.6666666666666666,160992,flipped,rf,path_strip,3.0,evasion
-0.2148918696961402,0.6666666666666666,71667,flipped,rf,path_strip,3.0,evasion
0.6194908294552424,0.6666666666666666,31942,flipped,rf,path_strip,3.0,evasion
0.06597317273473857,0.6666666666666666,186033,flipped,rf,path_strip,3.0,evasion
0.4842595127292637,1.0,188344,flipped,rf,path_strip,3.0,evasion
0.24664659184232138,1.0,79376,flipped,rf,path_strip,3.0,evasion
0.35231316725978656,0.6666666666666666,115720,flipped,rf,path_strip,3.0,evasion
0.44976731453599783,0.6666666666666666,52079,flipped,rf,path_strip,3.0,evasion
0.49356693128935125,1.0,182418,flipped,rf,path_strip,3.0,evasion
0.49082945524226673,0.6666666666666666,202114,flipped,rf,path_strip,3.0,evasion
0.54174650971804,0.6666666666666666,90787,flipped,rf,path_strip,3.0,evasion
0.49739939775526965,0.6666666666666666,140887,flipped,rf,path_strip,3.0,evasion
-0.0785655625513277,0.6666666666666666,139419,flipped,rf,path_strip,3.0,evasion
0.6277032575964961,1.0,170345,flipped,rf,path_strip,3.0,evasion
0.19463454694771423,0.6666666666666666,36724,flipped,rf,path_strip,3.0,evasion
0.4859019983575144,1.0,124689,flipped,rf,path_strip,3.0,evasion
0.5110867779906926,0.6666666666666666,93992,flipped,rf,path_strip,3.0,evasion
0.2586914864494936,0.6666666666666666,51328,flipped,rf,path_strip,3.0,evasion
0.2641664385436628,0.6666666666666666,141982,flipped,rf,path_strip,3.0,evasion
0.2148918696961402,0.6666666666666666,116522,flipped,rf,path_strip,3.0,evasion
0.3972077744319738,0.6666666666666666,40771,flipped,rf,path_strip,3.0,evasion
0.5696687653983029,1.0,49346,flipped,rf,path_strip,3.0,evasion
0.4946619217081851,0.6666666666666666,125121,flipped,rf,path_strip,3.0,evasion
0.5225841773884479,1.0,54371,flipped,rf,path_strip,3.0,evasion
0.5526964139063784,1.0,72130,flipped,rf,path_strip,3.0,evasion
0.2619764577059951,0.6666666666666666,220667,flipped,rf,path_strip,3.0,evasion
0.5401040240897893,1.0,121079,flipped,rf,path_strip,3.0,evasion
-0.1590473583356146,0.6666666666666666,214327,flipped,rf,path_strip,3.0,evasion
0.34136326307144815,1.0,56497,flipped,rf,path_strip,3.0,evasion
0.5313441007391186,1.0,145164,flipped,rf,path_strip,3.0,evasion
0.5778811935395566,0.6666666666666666,199403,flipped,rf,path_strip,3.0,evasion
0.5658362989323845,1.0,157307,flipped,rf,path_strip,3.0,evasion
0.5828086504243088,0.6666666666666666,153366,flipped,rf,path_strip,3.0,evasion
0.48535450314809747,0.6666666666666666,110707,flipped,rf,path_strip,3.0,evasion
0.4995893785929374,1.0,50542,flipped,rf,path_strip,3.0,evasion
0.48371201751984677,0.6666666666666666,20871,flipped,rf,path_strip,3.0,evasion
0.37749794689296473,0.42857142857142855,119032,flipped,rf,path_strip,3.0,evasion
-0.13933753079660555,0.25,65426,flipped,rf,path_strip,3.0,evasion
0.22419928825622779,0.42857142857142855,63723,flipped,rf,path_strip,3.0,evasion
-0.23514919244456614,0.6666666666666666,188316,flipped,rf,path_strip,3.0,evasion
0.3123460169723516,0.42857142857142855,55566,flipped,rf,path_strip,3.0,evasion
0.5932110594032303,1.0,50738,flipped,rf,path_strip,3.0,evasion
0.5099917875718588,1.0,162445,flipped,rf,path_strip,3.0,evasion
0.6298932384341637,1.0,63898,flipped,rf,path_strip,3.0,evasion
0.62879824801533,1.0,214842,flipped,rf,path_strip,3.0,evasion
0.5587188612099646,0.6666666666666666,22426,flipped,rf,path_strip,3.0,evasion
-0.06433068710648782,1.0,47178,flipped,rf,path_strip,3.0,evasion
0.21872433616205864,0.42857142857142855,232771,flipped,rf,path_strip,3.0,evasion
0.3528606624692035,1.0,181978,flipped,rf,path_strip,3.0,evasion
0.5110867779906926,1.0,135746,flipped,rf,path_strip,3.0,evasion
0.16342732001094992,0.42857142857142855,189311,flipped,rf,path_strip,3.0,evasion
-0.13933753079660555,0.6666666666666666,89322,flipped,rf,path_strip,3.0,evasion
0.5461264713933753,0.6666666666666666,134624,flipped,rf,path_strip,3.0,evasion
0.4700246372844238,0.6666666666666666,202850,flipped,rf,path_strip,3.0,evasion
0.5357240624144539,1.0,51096,flipped,rf,path_strip,3.0,evasion
0.006296194908294554,0.42857142857142855,8450,flipped,rf,path_strip,3.0,evasion
0.45688475225841774,1.0,9986,flipped,rf,path_strip,3.0,evasion
0.5006843690117712,0.6666666666666666,60327,flipped,rf,path_strip,3.0,evasion
0.6255132767588284,1.0,191752,flipped,rf,path_strip,3.0,evasion
0.30687106487818233,0.6666666666666666,184616,flipped,rf,path_strip,3.0,evasion
0.010676156583629895,0.42857142857142855,8256,flipped,rf,path_strip,3.0,evasion
0.5888310977278949,1.0,117926,flipped,rf,path_strip,3.0,evasion
0.6249657815494115,1.0,107544,flipped,rf,path_strip,3.0,evasion
0.5877361073090611,1.0,86320,flipped,rf,path_strip,3.0,evasion
0.5455789761839585,1.0,229643,flipped,rf,path_strip,3.0,evasion
0.528606624692034,0.42857142857142855,17608,flipped,rf,path_strip,3.0,evasion
-0.0884204763208322,0.25,217890,flipped,rf,path_strip,3.0,evasion
0.5269641390637833,1.0,222764,flipped,rf,path_strip,3.0,evasion
0.5373665480427047,1.0,150180,flipped,rf,path_strip,3.0,evasion
0.14262250205310703,0.42857142857142855,89600,flipped,rf,path_strip,3.0,evasion
0.3139885026006023,0.6666666666666666,174368,flipped,rf,path_strip,3.0,evasion
0.5833561456337257,1.0,5089,flipped,rf,path_strip,3.0,evasion
0.46783465644675615,1.0,225301,flipped,rf,path_strip,3.0,evasion
0.6238707911305776,1.0,63818,flipped,rf,path_strip,3.0,evasion
0.057213249384067896,0.42857142857142855,83638,flipped,rf,path_strip,3.0,evasion
0.5789761839583905,0.6666666666666666,209359,flipped,rf,path_strip,3.0,evasion
0.522036682179031,0.6666666666666666,152300,flipped,rf,path_strip,3.0,evasion
0.4579797426772516,0.6666666666666666,117819,flipped,rf,path_strip,3.0,evasion
0.29208869422392564,0.6666666666666666,181439,flipped,rf,path_strip,3.0,evasion
0.5318915959485355,1.0,215032,flipped,rf,path_strip,3.0,evasion
0.08732548590199837,0.42857142857142855,226564,flipped,rf,path_strip,3.0,evasion
0.5521489186969614,0.6666666666666666,127960,flipped,rf,path_strip,3.0,evasion
0.3796879277306324,1.0,43759,flipped,rf,path_strip,3.0,evasion
0.5302491103202848,1.0,151481,flipped,rf,path_strip,3.0,evasion
0.6260607719682453,1.0,108704,flipped,rf,path_strip,3.0,evasion
0.23350670681631538,0.6666666666666666,116263,flipped,rf,path_strip,3.0,evasion
-0.019983575143717496,0.42857142857142855,176323,flipped,rf,path_strip,3.0,evasion
0.6255132767588284,1.0,83279,flipped,rf,path_strip,3.0,evasion
0.2641664385436628,0.42857142857142855,55728,flipped,rf,path_strip,3.0,evasion
0.5691212701888859,0.6666666666666666,114797,flipped,rf,path_strip,3.0,evasion
0.49739939775526965,0.6666666666666666,187639,flipped,rf,path_strip,3.0,evasion
0.355598138516288,0.6666666666666666,72063,flipped,rf,path_strip,3.0,evasion
0.49739939775526965,1.0,208057,flipped,rf,path_strip,3.0,evasion
0.5061593211059404,1.0,199276,flipped,rf,path_strip,3.0,evasion
0.37695045168354785,0.6666666666666666,138364,flipped,rf,path_strip,3.0,evasion
0.2745688475225842,0.6666666666666666,111573,flipped,rf,path_strip,3.0,evasion
0.5954010402408979,0.6666666666666666,214753,flipped,rf,path_strip,3.0,evasion
0.40542020257322753,0.6666666666666666,32826,flipped,rf,path_strip,3.0,evasion
0.41308513550506437,1.0,132969,flipped,rf,path_strip,3.0,evasion
0.1656173008486176,0.6666666666666666,169152,flipped,rf,path_strip,3.0,evasion
0.5499589378592937,1.0,10628,flipped,rf,path_strip,3.0,evasion
0.23350670681631538,1.0,211649,flipped,rf,path_strip,3.0,evasion
0.4508623049548317,0.6666666666666666,143059,flipped,rf,path_strip,3.0,evasion
0.29208869422392564,0.6666666666666666,67379,flipped,rf,path_strip,3.0,evasion
0.1196277032575965,0.6666666666666666,10821,flipped,rf,path_strip,3.0,evasion
0.28442376129208874,1.0,184273,flipped,rf,path_strip,3.0,evasion
0.62168081029291,1.0,42878,flipped,rf,path_strip,3.0,evasion
0.5921160689843964,0.6666666666666666,217019,flipped,rf,path_strip,3.0,evasion
0.02545852723788667,0.42857142857142855,79443,flipped,rf,path_strip,3.0,evasion
0.581713660005475,0.6666666666666666,153650,flipped,rf,path_strip,3.0,evasion
0.5915685737749795,1.0,145019,flipped,rf,path_strip,3.0,evasion
0.15302491103202848,0.42857142857142855,81618,flipped,rf,path_strip,3.0,evasion
-0.2499315630988229,0.6666666666666666,162979,flipped,rf,path_strip,3.0,evasion
0.17820969066520673,1.0,11667,flipped,rf,path_strip,3.0,evasion
-0.11853271283876265,1.0,50717,flipped,rf,path_strip,3.0,evasion
0.5570763755817137,1.0,72855,flipped,rf,path_strip,3.0,evasion
0.2581439912400767,0.6666666666666666,144477,flipped,rf,path_strip,3.0,evasion
0.5806186695866412,1.0,21569,flipped,rf,path_strip,3.0,evasion
0.575143717492472,0.6666666666666666,147308,flipped,rf,path_strip,3.0,evasion
0.5696687653983029,1.0,81393,flipped,rf,path_strip,3.0,evasion
0.5598138516287984,1.0,209390,flipped,rf,path_strip,3.0,evasion
0.5357240624144539,1.0,18834,flipped,rf,path_strip,3.0,evasion
0.5543388995346292,1.0,233331,flipped,rf,path_strip,3.0,evasion
0.5072543115247741,0.6666666666666666,69677,flipped,rf,path_strip,3.0,evasion
0.5056118258965234,1.0,161929,flipped,rf,path_strip,3.0,evasion
0.5225841773884479,0.6666666666666666,126922,flipped,rf,path_strip,3.0,evasion
0.575143717492472,1.0,88967,flipped,rf,path_strip,3.0,evasion
-0.1480974541472762,0.6666666666666666,170741,flipped,rf,path_strip,3.0,evasion
0.522036682179031,0.6666666666666666,8684,flipped,rf,path_strip,3.0,evasion
0.24117163974815223,0.6666666666666666,183064,flipped,rf,path_strip,3.0,evasion
0.5609088420476323,1.0,57283,flipped,rf,path_strip,3.0,evasion
0.008486175745962225,0.42857142857142855,127218,flipped,rf,path_strip,3.0,evasion
0.011771147002463732,0.42857142857142855,202398,flipped,rf,path_strip,3.0,evasion
0.32658089241719135,0.6666666666666666,113855,flipped,rf,path_strip,3.0,evasion
0.581713660005475,1.0,37380,flipped,rf,path_strip,3.0,evasion
0.18751710922529433,1.0,115751,flipped,rf,path_strip,3.0,evasion
0.5379140432521216,1.0,211841,flipped,rf,path_strip,3.0,evasion
-0.08294552422666303,0.6666666666666666,138972,flipped,rf,path_strip,3.0,evasion
0.4492198193265809,0.6666666666666666,198810,flipped,rf,path_strip,3.0,evasion
0.19353955652888039,0.6666666666666666,200342,flipped,rf,path_strip,3.0,evasion
0.49685190254585276,0.6666666666666666,145061,flipped,rf,path_strip,3.0,evasion
0.6249657815494115,0.6666666666666666,173060,flipped,rf,path_strip,3.0,evasion
0.528606624692034,0.6666666666666666,17530,flipped,rf,path_strip,3.0,evasion
0.6227758007117438,1.0,229510,flipped,rf,path_strip,3.0,evasion
0.5390090336709554,1.0,156122,flipped,rf,path_strip,3.0,evasion
0.23788666849165072,1.0,47353,flipped,rf,path_strip,3.0,evasion
0.48535450314809747,0.6666666666666666,137998,flipped,rf,path_strip,3.0,evasion
0.6255132767588284,1.0,224506,flipped,rf,path_strip,3.0,evasion
0.34355324390911585,0.6666666666666666,116821,flipped,rf,path_strip,3.0,evasion
0.255954010402409,0.6666666666666666,57396,flipped,rf,path_strip,3.0,evasion
0.6249657815494115,1.0,114700,flipped,rf,path_strip,3.0,evasion
0.5247741582261156,1.0,42128,flipped,rf,path_strip,3.0,evasion
0.5258691486449494,0.6666666666666666,166772,flipped,rf,path_strip,3.0,evasion
0.21708185053380785,0.42857142857142855,38629,flipped,rf,path_strip,3.0,evasion
0.5132767588283604,1.0,143044,flipped,rf,path_strip,3.0,evasion
0.38899534629071997,1.0,63902,flipped,rf,path_strip,3.0,evasion
0.4147276211333151,0.42857142857142855,231094,flipped,rf,path_strip,3.0,evasion
0.54174650971804,1.0,165970,flipped,rf,path_strip,3.0,evasion
0.31891595948535456,0.6666666666666666,184405,flipped,rf,path_strip,3.0,evasion
0.3670955379140433,0.6666666666666666,29916,flipped,rf,path_strip,3.0,evasion
0.3451957295373666,0.6666666666666666,119702,flipped,rf,path_strip,3.0,evasion
0.5718587462359705,1.0,179389,flipped,rf,path_strip,3.0,evasion
0.1595948535450315,1.0,217034,flipped,rf,path_strip,3.0,evasion
0.5926635641938133,0.6666666666666666,12104,flipped,rf,path_strip,3.0,evasion
0.6140158773610732,0.42857142857142855,105703,flipped,rf,path_strip,3.0,evasion
0.25212154393649056,1.0,35946,flipped,rf,path_strip,3.0,evasion
0.5811661647960581,1.0,150532,flipped,rf,path_strip,3.0,evasion
0.5209416917601972,0.6666666666666666,37533,flipped,rf,path_strip,3.0,evasion
0.4798795510539284,1.0,204633,flipped,rf,path_strip,3.0,evasion
0.594853545031481,1.0,74406,flipped,rf,path_strip,3.0,evasion
0.2340542020257323,0.42857142857142855,49073,flipped,rf,path_strip,3.0,evasion
0.5329865863673693,0.6666666666666666,54952,flipped,rf,path_strip,3.0,evasion
0.5516014234875445,1.0,183666,flipped,rf,path_strip,3.0,evasion
0.5691212701888859,1.0,194470,flipped,rf,path_strip,3.0,evasion
-0.06487818231590474,0.6666666666666666,230824,flipped,rf,path_strip,3.0,evasion
0.495209416917602,0.6666666666666666,165805,flipped,rf,path_strip,3.0,evasion
0.4212975636463182,1.0,86075,flipped,rf,path_strip,3.0,evasion
0.5510539282781276,0.6666666666666666,234280,flipped,rf,path_strip,3.0,evasion
0.6200383246646592,1.0,196947,flipped,rf,path_strip,3.0,evasion
0.27894880919791953,1.0,36680,flipped,rf,path_strip,3.0,evasion
-0.05392827812756639,0.42857142857142855,225459,flipped,rf,path_strip,3.0,evasion
0.47714207500684375,1.0,123459,flipped,rf,path_strip,3.0,evasion
-0.07747057213249385,1.0,103902,flipped,rf,path_strip,3.0,evasion
0.2674514098001643,1.0,3916,flipped,rf,path_strip,3.0,evasion
0.22365179304681085,1.0,170947,flipped,rf,path_strip,3.0,evasion
-0.25431152477415825,0.6666666666666666,108030,flipped,rf,path_strip,3.0,evasion
0.4700246372844238,1.0,172765,flipped,rf,path_strip,3.0,evasion
0.008486175745962225,0.42857142857142855,215871,flipped,rf,path_strip,3.0,evasion
-0.06433068710648782,1.0,125849,flipped,rf,path_strip,3.0,evasion
-0.15521489186969617,1.0,128763,flipped,rf,path_strip,3.0,evasion
0.4776895702162606,1.0,144690,flipped,rf,path_strip,3.0,evasion
0.49794689296468664,1.0,68433,flipped,rf,path_strip,3.0,evasion
-0.1387900355871886,0.6666666666666666,29848,flipped,rf,path_strip,3.0,evasion
0.4514098001642486,1.0,222602,flipped,rf,path_strip,3.0,evasion
0.6167533534081577,0.6666666666666666,193602,flipped,rf,path_strip,3.0,evasion
0.41253764029564743,0.6666666666666666,38729,flipped,rf,path_strip,3.0,evasion
-0.1595948535450315,0.6666666666666666,201336,flipped,rf,path_strip,3.0,evasion
0.54174650971804,0.6666666666666666,184016,flipped,rf,path_strip,3.0,evasion
0.23350670681631538,0.42857142857142855,77929,flipped,rf,path_strip,3.0,evasion
0.5099917875718588,1.0,176650,flipped,rf,path_strip,3.0,evasion
0.5505064330687107,1.0,102420,flipped,rf,path_strip,3.0,evasion
0.3813304133588831,0.42857142857142855,89252,flipped,rf,path_strip,3.0,evasion
0.42239255406515197,0.6666666666666666,219142,flipped,rf,path_strip,3.0,evasion
0.5658362989323845,1.0,105291,flipped,rf,path_strip,3.0,evasion
0.3512181768409527,0.6666666666666666,148177,flipped,rf,path_strip,3.0,evasion
0.6123733917328225,0.6666666666666666,97597,flipped,rf,path_strip,3.0,evasion
-0.0637831918970709,0.42857142857142855,67125,flipped,rf,path_strip,3.0,evasion
0.501779359430605,1.0,161907,flipped,rf,path_strip,3.0,evasion
-0.1289351218176841,0.42857142857142855,82775,flipped,rf,path_strip,3.0,evasion
0.547768957021626,1.0,111016,flipped,rf,path_strip,3.0,evasion
0.5691212701888859,0.6666666666666666,26190,flipped,rf,path_strip,3.0,evasion
0.5149192444566111,1.0,23786,flipped,rf,path_strip,3.0,evasion
0.17437722419928828,0.6666666666666666,83135,flipped,rf,path_strip,3.0,evasion
0.15849986312619765,0.6666666666666666,67172,flipped,rf,path_strip,3.0,evasion
0.062140706268820144,0.42857142857142855,142067,flipped,rf,path_strip,3.0,evasion
0.5570763755817137,0.6666666666666666,183531,flipped,rf,path_strip,3.0,evasion
0.3282233780454421,0.6666666666666666,76914,flipped,rf,path_strip,3.0,evasion
0.528606624692034,0.6666666666666666,18060,flipped,rf,path_strip,3.0,evasion
0.03750342184505886,0.6666666666666666,42063,flipped,rf,path_strip,3.0,evasion
0.5526964139063784,0.6666666666666666,161157,flipped,rf,path_strip,3.0,evasion
0.5105392827812757,0.6666666666666666,72575,flipped,rf,path_strip,3.0,evasion
0.31891595948535456,0.6666666666666666,128776,flipped,rf,path_strip,3.0,evasion
-0.15849986312619765,0.6666666666666666,38825,flipped,rf,path_strip,3.0,evasion
0.3243909115795237,0.6666666666666666,45537,flipped,rf,path_strip,3.0,evasion
0.442102381604161,0.6666666666666666,126197,flipped,rf,path_strip,3.0,evasion
0.49794689296468664,0.42857142857142855,220097,flipped,rf,path_strip,3.0,evasion
0.5072543115247741,0.6666666666666666,81315,flipped,rf,path_strip,3.0,evasion
0.5849986312619765,0.6666666666666666,23918,flipped,rf,path_strip,3.0,evasion
0.43169997262523957,0.42857142857142855,50315,flipped,rf,path_strip,3.0,evasion
0.5532439091157952,0.6666666666666666,106990,flipped,rf,path_strip,3.0,evasion
0.23788666849165072,0.6666666666666666,200393,flipped,rf,path_strip,3.0,evasion
0.4656446756090885,0.42857142857142855,148280,flipped,rf,path_strip,3.0,evasion
0.5915685737749795,0.6666666666666666,215613,flipped,rf,path_strip,3.0,evasion
0.5061593211059404,1.0,25015,flipped,rf,path_strip,3.0,evasion
0.1338625787024364,0.6666666666666666,94901,flipped,rf,path_strip,3.0,evasion
0.36545305228579256,0.42857142857142855,190302,flipped,rf,path_strip,3.0,evasion
0.23241171639748157,1.0,158171,flipped,rf,path_strip,3.0,evasion
0.5466739666027923,1.0,209837,flipped,rf,path_strip,3.0,evasion
0.3665480427046264,0.6666666666666666,103176,flipped,rf,path_strip,3.0,evasion
0.5225841773884479,1.0,148179,flipped,rf,path_strip,3.0,evasion
0.25047905830823985,0.42857142857142855,93832,flipped,rf,path_strip,3.0,evasion
0.43115247741582263,0.42857142857142855,56688,flipped,rf,path_strip,3.0,evasion
0.5718587462359705,1.0,78334,flipped,rf,path_strip,3.0,evasion
0.32603339720777447,0.6666666666666666,153488,flipped,rf,path_strip,3.0,evasion
0.3211059403230222,0.42857142857142855,213526,flipped,rf,path_strip,3.0,evasion
0.15521489186969617,0.42857142857142855,86288,flipped,rf,path_strip,3.0,evasion
0.32877087325485904,0.6666666666666666,190484,flipped,rf,path_strip,3.0,evasion
-0.09280043799616754,0.42857142857142855,143382,flipped,rf,path_strip,3.0,evasion
0.6266082671776623,0.6666666666666666,232810,flipped,rf,path_strip,3.0,evasion
0.010676156583629895,0.42857142857142855,17048,flipped,rf,path_strip,3.0,evasion
0.43881741034765953,0.6666666666666666,216838,flipped,rf,path_strip,3.0,evasion
-0.20284697508896798,0.6666666666666666,36926,flipped,rf,path_strip,3.0,evasion
0.1196277032575965,0.25,214232,flipped,rf,path_strip,3.0,evasion
0.3665480427046264,0.6666666666666666,198404,flipped,rf,path_strip,3.0,evasion
0.4147276211333151,0.42857142857142855,176338,flipped,rf,path_strip,3.0,evasion
0.18970709006296196,0.6666666666666666,73303,flipped,rf,path_strip,3.0,evasion
0.581713660005475,0.6666666666666666,206561,flipped,rf,path_strip,3.0,evasion
0.5034218450588558,1.0,182976,flipped,rf,path_strip,3.0,evasion
0.2499315630988229,1.0,44349,flipped,rf,path_strip,3.0,evasion
0.23131672597864772,0.6666666666666666,133108,flipped,rf,path_strip,3.0,evasion
0.5450314809745415,1.0,62658,flipped,rf,path_strip,3.0,evasion
0.5954010402408979,1.0,189591,flipped,rf,path_strip,3.0,evasion
0.6277032575964961,1.0,111676,flipped,rf,path_strip,3.0,evasion
0.5110867779906926,0.6666666666666666,204465,flipped,rf,path_strip,3.0,evasion
0.3922803175472215,0.42857142857142855,142808,flipped,rf,path_strip,3.0,evasion
0.5001368738023542,1.0,27387,flipped,rf,path_strip,3.0,evasion
0.5280591294826171,1.0,224379,flipped,rf,path_strip,3.0,evasion
0.06268820147823707,0.6666666666666666,17246,flipped,rf,path_strip,3.0,evasion
0.289351218176841,1.0,37041,flipped,rf,path_strip,3.0,evasion
0.4656446756090885,1.0,64485,flipped,rf,path_strip,3.0,evasion
0.5767862031207228,1.0,192619,flipped,rf,path_strip,3.0,evasion
0.49301943607993437,1.0,189072,flipped,rf,path_strip,3.0,evasion
0.2904462085956749,0.6666666666666666,36612,flipped,rf,path_strip,3.0,evasion
0.5023268546400219,0.6666666666666666,101614,flipped,rf,path_strip,3.0,evasion
0.547768957021626,1.0,232318,flipped,rf,path_strip,3.0,evasion
0.006296194908294554,0.42857142857142855,43688,flipped,rf,path_strip,3.0,evasion
0.4442923624418287,0.6666666666666666,89195,flipped,rf,path_strip,3.0,evasion
0.006296194908294554,0.42857142857142855,161372,flipped,rf,path_strip,3.0,evasion
0.23788666849165072,0.42857142857142855,94868,flipped,rf,path_strip,3.0,evasion
0.5839036408431427,0.6666666666666666,69364,flipped,rf,path_strip,3.0,evasion
0.5789761839583905,0.6666666666666666,149463,flipped,rf,path_strip,3.0,evasion
0.5362715576238709,1.0,85937,flipped,rf,path_strip,3.0,evasion
0.3380782918149467,0.42857142857142855,37277,flipped,rf,path_strip,3.0,evasion
0.010676156583629895,0.42857142857142855,105618,flipped,rf,path_strip,3.0,evasion
0.5844511360525596,0.6666666666666666,122662,flipped,rf,path_strip,3.0,evasion
0.5406515192992062,1.0,94059,flipped,rf,path_strip,3.0,evasion
0.24883657267998907,0.6666666666666666,50213,flipped,rf,path_strip,3.0,evasion
0.4070626882014783,0.42857142857142855,173753,flipped,rf,path_strip,3.0,evasion
0.215986860114974,1.0,127780,flipped,rf,path_strip,3.0,evasion
0.30084861757459624,1.0,153209,flipped,rf,path_strip,3.0,evasion
0.5975910210785657,1.0,152272,flipped,rf,path_strip,3.0,evasion
0.4804270462633453,0.6666666666666666,9883,flipped,rf,path_strip,3.0,evasion
-0.18970709006296196,0.6666666666666666,201901,flipped,rf,path_strip,3.0,evasion
-0.06925814399124008,0.25,143943,flipped,rf,path_strip,3.0,evasion
-0.12291267451409803,0.6666666666666666,95174,flipped,rf,path_strip,3.0,evasion
0.6266082671776623,1.0,176374,flipped,rf,path_strip,3.0,evasion
0.12072269367643035,0.42857142857142855,31728,flipped,rf,path_strip,3.0,evasion
0.5001368738023542,1.0,152212,flipped,rf,path_strip,3.0,evasion
-0.2499315630988229,0.6666666666666666,159381,flipped,rf,path_strip,3.0,evasion
0.5537914043252122,1.0,118321,flipped,rf,path_strip,3.0,evasion
0.2515740487270737,0.6666666666666666,221504,flipped,rf,path_strip,3.0,evasion
0.5663837941418013,1.0,227328,flipped,rf,path_strip,3.0,evasion
0.5707637558171367,1.0,79957,flipped,rf,path_strip,3.0,evasion
0.5718587462359705,1.0,107179,flipped,rf,path_strip,3.0,evasion
0.5390090336709554,0.6666666666666666,108545,flipped,rf,path_strip,3.0,evasion
-0.044073364358061876,0.42857142857142855,45158,flipped,rf,path_strip,3.0,evasion
0.3709280043799617,1.0,103700,flipped,rf,path_strip,3.0,evasion
0.49794689296468664,0.6666666666666666,147452,flipped,rf,path_strip,3.0,evasion
0.3616205858198741,0.6666666666666666,122979,flipped,rf,path_strip,3.0,evasion
0.3928278127566384,0.6666666666666666,38491,flipped,rf,path_strip,3.0,evasion
0.6189433342458254,0.42857142857142855,66992,flipped,rf,path_strip,3.0,evasion
0.010676156583629895,0.42857142857142855,142768,flipped,rf,path_strip,3.0,evasion
0.3200109499041883,1.0,13330,flipped,rf,path_strip,3.0,evasion
0.5192992061319465,0.6666666666666666,163514,flipped,rf,path_strip,3.0,evasion
0.14207500684369012,0.42857142857142855,111101,flipped,rf,path_strip,3.0,evasion
0.5877361073090611,1.0,122784,flipped,rf,path_strip,3.0,evasion
0.5532439091157952,1.0,60451,flipped,rf,path_strip,3.0,evasion
0.2121543936490556,1.0,178862,flipped,rf,path_strip,3.0,evasion
0.3643580618669587,0.42857142857142855,145946,flipped,rf,path_strip,3.0,evasion
0.5822611552148919,1.0,185781,flipped,rf,path_strip,3.0,evasion
0.5395565288803724,1.0,69912,flipped,rf,path_strip,3.0,evasion
-0.2685464002189981,0.42857142857142855,208489,flipped,rf,path_strip,3.0,evasion
0.4256775253216535,1.0,25268,flipped,rf,path_strip,3.0,evasion
0.2510265535176568,0.42857142857142855,136244,flipped,rf,path_strip,3.0,evasion
0.5707637558171367,1.0,138776,flipped,rf,path_strip,3.0,evasion
0.609088420476321,0.6666666666666666,134978,flipped,rf,path_strip,3.0,evasion
0.20394196550780183,0.6666666666666666,96954,flipped,rf,path_strip,3.0,evasion
0.4815220366821791,1.0,170604,flipped,rf,path_strip,3.0,evasion
0.4815220366821791,1.0,59162,flipped,rf,path_strip,3.0,evasion
0.5855461264713934,0.6666666666666666,86130,flipped,rf,path_strip,3.0,evasion
0.5242266630166987,1.0,227035,flipped,rf,path_strip,3.0,evasion
-0.15630988228853,1.0,181631,flipped,rf,path_strip,3.0,evasion
-0.0730906104571585,0.6666666666666666,197882,flipped,rf,path_strip,3.0,evasion
-0.18587462359704351,0.6666666666666666,67488,flipped,rf,path_strip,3.0,evasion
0.4875444839857652,1.0,106026,flipped,rf,path_strip,3.0,evasion
0.49630440733643577,0.6666666666666666,234678,flipped,rf,path_strip,3.0,evasion
0.5340815767862032,0.6666666666666666,20957,flipped,rf,path_strip,3.0,evasion
0.25923898165891046,0.6666666666666666,150734,flipped,rf,path_strip,3.0,evasion
0.5214891869696141,1.0,148952,flipped,rf,path_strip,3.0,evasion
0.008486175745962225,0.42857142857142855,205138,flipped,rf,path_strip,3.0,evasion
0.12729263618943337,0.6666666666666666,105352,flipped,rf,path_strip,3.0,evasion
0.5559813851628799,1.0,215486,flipped,rf,path_strip,3.0,evasion
0.4322474678346565,0.6666666666666666,4602,flipped,rf,path_strip,3.0,evasion
0.41308513550506437,1.0,21815,flipped,rf,path_strip,3.0,evasion
0.2707363810566658,0.6666666666666666,41222,flipped,rf,path_strip,3.0,evasion
0.36326307144812486,0.42857142857142855,102820,flipped,rf,path_strip,3.0,evasion
0.5718587462359705,1.0,225285,flipped,rf,path_strip,3.0,evasion
0.5439364905557077,0.6666666666666666,164590,flipped,rf,path_strip,3.0,evasion
-0.17437722419928828,0.6666666666666666,189416,flipped,rf,path_strip,3.0,evasion
0.5028743498494389,1.0,229901,flipped,rf,path_strip,3.0,evasion
0.49082945524226673,1.0,146359,flipped,rf,path_strip,3.0,evasion
0.5526964139063784,0.6666666666666666,70354,flipped,rf,path_strip,3.0,evasion
0.18313714754995894,0.6666666666666666,178760,flipped,rf,path_strip,3.0,evasion
0.6271557623870792,0.6666666666666666,39109,flipped,rf,path_strip,3.0,evasion
0.6298932384341637,1.0,42944,flipped,rf,path_strip,3.0,evasion
0.562003832466466,0.6666666666666666,61705,flipped,rf,path_strip,3.0,evasion
0.11798521762934576,0.25,133204,flipped,rf,path_strip,3.0,evasion
0.3003011223651793,0.6666666666666666,131588,flipped,rf,path_strip,3.0,evasion
0.5165617300848618,0.6666666666666666,220582,flipped,rf,path_strip,3.0,evasion
0.5488639474404599,0.6666666666666666,38808,flipped,rf,path_strip,3.0,evasion
0.5110867779906926,0.6666666666666666,37283,flipped,rf,path_strip,3.0,evasion
0.5395565288803724,1.0,74421,flipped,rf,path_strip,3.0,evasion
0.547768957021626,0.6666666666666666,111586,flipped,rf,path_strip,3.0,evasion
0.3813304133588831,0.42857142857142855,69397,flipped,rf,path_strip,3.0,evasion
0.5225841773884479,1.0,193260,flipped,rf,path_strip,3.0,evasion
0.5422940049274569,1.0,174035,flipped,rf,path_strip,3.0,evasion
0.008486175745962225,0.42857142857142855,100337,flipped,rf,path_strip,3.0,evasion
0.5773336983301396,1.0,136337,flipped,rf,path_strip,3.0,evasion
0.05776074459348481,0.42857142857142855,220686,flipped,rf,path_strip,3.0,evasion
0.6112784013139886,1.0,148483,flipped,rf,path_strip,3.0,evasion
0.4519572953736655,1.0,153480,flipped,rf,path_strip,3.0,evasion
0.6255132767588284,1.0,84208,flipped,rf,path_strip,3.0,evasion
0.5329865863673693,0.6666666666666666,223054,flipped,rf,path_strip,3.0,evasion
-0.07801806734191077,0.6666666666666666,155193,flipped,rf,path_strip,3.0,evasion
0.5647413085135506,1.0,129122,flipped,rf,path_strip,3.0,evasion
0.5839036408431427,0.6666666666666666,230002,flipped,rf,path_strip,3.0,evasion
0.5839036408431427,0.6666666666666666,2740,flipped,rf,path_strip,3.0,evasion
0.5302491103202848,0.6666666666666666,173505,flipped,rf,path_strip,3.0,evasion
0.38078291814946624,0.6666666666666666,220340,flipped,rf,path_strip,3.0,evasion
0.6025184779633179,0.6666666666666666,59416,flipped,rf,path_strip,3.0,evasion
0.5839036408431427,1.0,47882,flipped,rf,path_strip,3.0,evasion
-0.1902545852723789,0.42857142857142855,91625,flipped,rf,path_strip,3.0,evasion
0.3720229947987955,0.6666666666666666,39289,flipped,rf,path_strip,3.0,evasion
0.2882562277580072,0.6666666666666666,179793,flipped,rf,path_strip,3.0,evasion
0.6211333150834931,1.0,184808,flipped,rf,path_strip,3.0,evasion
0.4147276211333151,0.42857142857142855,80065,flipped,rf,path_strip,3.0,evasion
0.6200383246646592,1.0,156098,flipped,rf,path_strip,3.0,evasion
-0.02819600328497126,0.6666666666666666,94045,flipped,rf,path_strip,3.0,evasion
0.5214891869696141,0.6666666666666666,45518,flipped,rf,path_strip,3.0,evasion
0.2154393649055571,0.6666666666666666,110630,flipped,rf,path_strip,3.0,evasion
0.16725978647686837,0.42857142857142855,156382,flipped,rf,path_strip,3.0,evasion
0.5050643306871065,0.42857142857142855,194455,flipped,rf,path_strip,3.0,evasion
0.5099917875718588,1.0,90676,flipped,rf,path_strip,3.0,evasion
0.4760470845880099,0.6666666666666666,103420,flipped,rf,path_strip,3.0,evasion
0.010676156583629895,0.42857142857142855,105789,flipped,rf,path_strip,3.0,evasion
0.5384615384615385,0.6666666666666666,35733,flipped,rf,path_strip,3.0,evasion
-0.02819600328497126,0.6666666666666666,94468,flipped,rf,path_strip,3.0,evasion
0.3900903367095538,0.6666666666666666,204639,flipped,rf,path_strip,3.0,evasion
0.14426498768135784,0.6666666666666666,83606,flipped,rf,path_strip,3.0,evasion
0.5822611552148919,1.0,49029,flipped,rf,path_strip,3.0,evasion
0.5072543115247741,1.0,111778,flipped,rf,path_strip,3.0,evasion
0.5067068163153573,1.0,43632,flipped,rf,path_strip,3.0,evasion
0.38461538461538464,0.6666666666666666,215276,flipped,rf,path_strip,3.0,evasion
0.5696687653983029,1.0,90638,flipped,rf,path_strip,3.0,evasion
0.15521489186969617,0.6666666666666666,2142,flipped,rf,path_strip,3.0,evasion
0.6085409252669041,1.0,105332,flipped,rf,path_strip,3.0,evasion
-0.15192992061319463,0.6666666666666666,39841,flipped,rf,path_strip,3.0,evasion
0.501779359430605,1.0,38762,flipped,rf,path_strip,3.0,evasion
0.5072543115247741,1.0,50361,flipped,rf,path_strip,3.0,evasion
-0.1968245277853819,0.6666666666666666,14049,flipped,rf,path_strip,3.0,evasion
0.6167533534081577,0.6666666666666666,144216,flipped,rf,path_strip,3.0,evasion
0.628250752805913,1.0,17326,flipped,rf,path_strip,3.0,evasion
0.382425403777717,0.6666666666666666,88749,flipped,rf,path_strip,3.0,evasion
0.4946619217081851,1.0,229662,flipped,rf,path_strip,3.0,evasion
0.62879824801533,1.0,126887,flipped,rf,path_strip,3.0,evasion
0.14207500684369012,0.6666666666666666,130107,flipped,rf,path_strip,3.0,evasion
0.5833561456337257,1.0,189433,flipped,rf,path_strip,3.0,evasion
0.349028196003285,0.42857142857142855,122351,flipped,rf,path_strip,3.0,evasion
0.4913769504516836,0.6666666666666666,16351,flipped,rf,path_strip,3.0,evasion
0.5433889953462908,1.0,228911,flipped,rf,path_strip,3.0,evasion
0.47330960854092535,0.6666666666666666,78075,flipped,rf,path_strip,3.0,evasion
-0.09827539009033671,0.6666666666666666,150846,flipped,rf,path_strip,3.0,evasion
0.5061593211059404,0.6666666666666666,220899,flipped,rf,path_strip,3.0,evasion
0.5335340815767863,1.0,147958,flipped,rf,path_strip,3.0,evasion
0.5313441007391186,1.0,208462,flipped,rf,path_strip,3.0,evasion
0.6200383246646592,0.6666666666666666,72300,flipped,rf,path_strip,3.0,evasion
-0.05173829728989872,0.6666666666666666,219107,flipped,rf,path_strip,3.0,evasion
0.34848070079386806,0.6666666666666666,159777,flipped,rf,path_strip,3.0,evasion
0.628250752805913,0.6666666666666666,158399,flipped,rf,path_strip,3.0,evasion
0.42184505885573503,0.42857142857142855,38939,flipped,rf,path_strip,3.0,evasion
0.4546947714207501,1.0,66319,flipped,rf,path_strip,3.0,evasion
-0.09882288529975365,0.42857142857142855,54472,flipped,rf,path_strip,3.0,evasion
0.48261702710101295,0.42857142857142855,100912,flipped,rf,path_strip,3.0,evasion
-0.13550506433068712,0.6666666666666666,112624,flipped,rf,path_strip,3.0,evasion
0.14590747330960857,1.0,188565,flipped,rf,path_strip,3.0,evasion
0.3243909115795237,1.0,221807,flipped,rf,path_strip,3.0,evasion
0.6255132767588284,1.0,62340,flipped,rf,path_strip,3.0,evasion
0.4442923624418287,0.6666666666666666,12210,flipped,rf,path_strip,3.0,evasion
0.5970435258691488,0.6666666666666666,74087,flipped,rf,path_strip,3.0,evasion
0.0418833835203942,0.6666666666666666,161936,flipped,rf,path_strip,3.0,evasion
0.2816862852450041,0.6666666666666666,136846,flipped,rf,path_strip,3.0,evasion
0.4629071995620039,0.6666666666666666,226810,flipped,rf,path_strip,3.0,evasion
-0.02819600328497126,0.6666666666666666,197799,flipped,rf,path_strip,3.0,evasion
0.48316452231042983,0.42857142857142855,116146,flipped,rf,path_strip,3.0,evasion
-0.15740487270736384,0.6666666666666666,82989,flipped,rf,path_strip,3.0,evasion
0.16671229126745143,0.6666666666666666,195256,flipped,rf,path_strip,3.0,evasion
0.35833561456337265,0.6666666666666666,38644,flipped,rf,path_strip,3.0,evasion
0.4990418833835205,0.6666666666666666,107418,flipped,rf,path_strip,3.0,evasion
0.5006843690117712,0.6666666666666666,61476,flipped,rf,path_strip,3.0,evasion
0.17218724336162058,1.0,173911,flipped,rf,path_strip,3.0,evasion
0.6200383246646592,1.0,210171,flipped,rf,path_strip,3.0,evasion
0.6271557623870792,1.0,57249,flipped,rf,path_strip,3.0,evasion
0.5598138516287984,1.0,44053,flipped,rf,path_strip,3.0,evasion
0.5182042157131127,1.0,213783,flipped,rf,path_strip,3.0,evasion
0.3922803175472215,1.0,150100,flipped,rf,path_strip,3.0,evasion
-0.1376950451683548,0.6666666666666666,36560,flipped,rf,path_strip,3.0,evasion
-0.2658089241719135,0.6666666666666666,82032,flipped,rf,path_strip,3.0,evasion
0.49794689296468664,1.0,10665,flipped,rf,path_strip,3.0,evasion
0.0758280865042431,0.6666666666666666,123568,flipped,rf,path_strip,3.0,evasion
-0.25212154393649056,0.6666666666666666,173932,flipped,rf,path_strip,3.0,evasion
0.32986586367369286,0.42857142857142855,9664,flipped,rf,path_strip,3.0,evasion
0.548316452231043,1.0,46383,flipped,rf,path_strip,3.0,evasion
0.17820969066520673,0.6666666666666666,225319,flipped,rf,path_strip,3.0,evasion
0.2619764577059951,0.6666666666666666,42172,flipped,rf,path_strip,3.0,evasion
0.5691212701888859,0.6666666666666666,135321,flipped,rf,path_strip,3.0,evasion
0.5756912127018889,0.6666666666666666,135626,flipped,rf,path_strip,3.0,evasion
0.26526142896249655,0.6666666666666666,57521,flipped,rf,path_strip,3.0,evasion
0.2756638379414181,0.6666666666666666,220405,flipped,rf,path_strip,3.0,evasion
0.22310429783739394,1.0,202847,flipped,rf,path_strip,3.0,evasion
0.2953736654804271,0.6666666666666666,72434,flipped,rf,path_strip,3.0,evasion
0.24445661100465374,1.0,218979,flipped,rf,path_strip,3.0,evasion
0.4574322474678347,1.0,224706,flipped,rf,path_strip,3.0,evasion
0.5537914043252122,1.0,147677,flipped,rf,path_strip,3.0,evasion
0.48973446482343286,1.0,36445,flipped,rf,path_strip,3.0,evasion
0.562003832466466,0.6666666666666666,141828,flipped,rf,path_strip,3.0,evasion
0.5236791678072817,1.0,27516,flipped,rf,path_strip,3.0,evasion
0.3922803175472215,0.6666666666666666,77347,flipped,rf,path_strip,3.0,evasion
0.3785929373117986,1.0,21020,flipped,rf,path_strip,3.0,evasion
0.5422940049274569,0.6666666666666666,139673,flipped,rf,path_strip,3.0,evasion
0.2554065151929921,1.0,63239,flipped,rf,path_strip,3.0,evasion
0.4360799343005749,0.6666666666666666,45360,flipped,rf,path_strip,3.0,evasion
0.4492198193265809,0.6666666666666666,138446,flipped,rf,path_strip,3.0,evasion
0.5587188612099646,0.6666666666666666,61058,flipped,rf,path_strip,3.0,evasion
-0.0046537092800438,0.42857142857142855,125105,flipped,rf,path_strip,3.0,evasion
0.4442923624418287,0.6666666666666666,103383,flipped,rf,path_strip,3.0,evasion
-0.07418560087599234,0.42857142857142855,92374,flipped,rf,path_strip,3.0,evasion
0.4377224199288257,0.42857142857142855,27000,flipped,rf,path_strip,3.0,evasion
0.5056118258965234,0.6666666666666666,63473,flipped,rf,path_strip,3.0,evasion
0.2992061319463455,0.6666666666666666,73650,flipped,rf,path_strip,3.0,evasion
0.49411442649876813,1.0,120797,flipped,rf,path_strip,3.0,evasion
-0.15192992061319463,0.6666666666666666,66300,flipped,rf,path_strip,3.0,evasion
0.008486175745962225,0.42857142857142855,59979,flipped,rf,path_strip,3.0,evasion
0.54174650971804,0.6666666666666666,38914,flipped,rf,path_strip,3.0,evasion
0.5247741582261156,0.6666666666666666,67370,flipped,rf,path_strip,3.0,evasion
0.2992061319463455,0.42857142857142855,234426,flipped,rf,path_strip,3.0,evasion
0.3035860936216808,0.6666666666666666,105152,flipped,rf,path_strip,3.0,evasion
0.05557076375581715,0.6666666666666666,9529,flipped,rf,path_strip,3.0,evasion
0.44593484807007944,1.0,65631,flipped,rf,path_strip,3.0,evasion
0.5138242540377773,0.6666666666666666,91285,flipped,rf,path_strip,3.0,evasion
0.5329865863673693,0.6666666666666666,28263,flipped,rf,path_strip,3.0,evasion
0.5844511360525596,0.6666666666666666,56890,flipped,rf,path_strip,3.0,evasion
0.62879824801533,1.0,92470,flipped,rf,path_strip,3.0,evasion
0.26690391459074736,0.42857142857142855,81585,flipped,rf,path_strip,3.0,evasion
0.568573774979469,1.0,95446,flipped,rf,path_strip,3.0,evasion
0.49356693128935125,1.0,228123,flipped,rf,path_strip,3.0,evasion
0.24555160142348756,0.6666666666666666,82260,flipped,rf,path_strip,3.0,evasion
0.5707637558171367,0.6666666666666666,85680,flipped,rf,path_strip,3.0,evasion
0.1902545852723789,0.42857142857142855,22402,flipped,rf,path_strip,3.0,evasion
0.508349301943608,1.0,129191,flipped,rf,path_strip,3.0,evasion
0.18861209964412814,0.6666666666666666,60326,flipped,rf,path_strip,3.0,evasion
0.17820969066520673,0.42857142857142855,93639,flipped,rf,path_strip,3.0,evasion
0.535176567205037,0.6666666666666666,34802,flipped,rf,path_strip,3.0,evasion
0.17437722419928828,0.6666666666666666,58262,flipped,rf,path_strip,3.0,evasion
0.24117163974815223,1.0,187877,flipped,rf,path_strip,3.0,evasion
0.2581439912400767,1.0,233446,flipped,rf,path_strip,3.0,evasion
0.057213249384067896,0.6666666666666666,210967,flipped,rf,path_strip,3.0,evasion
0.035313441007391186,0.25,204990,flipped,rf,path_strip,3.0,evasion
0.5231316725978649,1.0,91701,flipped,rf,path_strip,3.0,evasion
0.5384615384615385,0.6666666666666666,182191,flipped,rf,path_strip,3.0,evasion
0.522036682179031,0.6666666666666666,160948,flipped,rf,path_strip,3.0,evasion
0.5860936216808104,1.0,4275,flipped,rf,path_strip,3.0,evasion
0.5548863947440461,0.6666666666666666,137412,flipped,rf,path_strip,3.0,evasion
0.43881741034765953,1.0,51498,flipped,rf,path_strip,3.0,evasion
0.21817684095264167,0.42857142857142855,109891,flipped,rf,path_strip,3.0,evasion
0.6145633725704901,1.0,45494,flipped,rf,path_strip,3.0,evasion
0.3468382151656173,0.6666666666666666,132920,flipped,rf,path_strip,3.0,evasion
0.1749247194087052,0.6666666666666666,198726,flipped,rf,path_strip,3.0,evasion
0.5499589378592937,1.0,61223,flipped,rf,path_strip,3.0,evasion
0.5006843690117712,0.6666666666666666,198974,flipped,rf,path_strip,3.0,evasion
0.3035860936216808,0.6666666666666666,152804,flipped,rf,path_strip,3.0,evasion
0.5669312893512183,1.0,11992,flipped,rf,path_strip,3.0,evasion
0.2307692307692308,0.6666666666666666,205697,flipped,rf,path_strip,3.0,evasion
0.5390090336709554,1.0,119608,flipped,rf,path_strip,3.0,evasion
0.048453326033397214,0.6666666666666666,129258,flipped,rf,path_strip,3.0,evasion
0.5910210785655626,0.6666666666666666,90237,flipped,rf,path_strip,3.0,evasion
0.4147276211333151,0.42857142857142855,142758,flipped,rf,path_strip,3.0,evasion
0.5406515192992062,1.0,142547,flipped,rf,path_strip,3.0,evasion
0.16506980563920068,0.6666666666666666,167823,flipped,rf,path_strip,3.0,evasion
0.4092526690391459,0.6666666666666666,90448,flipped,rf,path_strip,3.0,evasion
0.31179852176293466,0.6666666666666666,36371,flipped,rf,path_strip,3.0,evasion
0.28442376129208874,1.0,111732,flipped,rf,path_strip,3.0,evasion
0.4798795510539284,0.6666666666666666,114487,flipped,rf,path_strip,3.0,evasion
0.6222283055023269,0.6666666666666666,194912,flipped,rf,path_strip,3.0,evasion
0.15466739666027926,0.6666666666666666,224611,flipped,rf,path_strip,3.0,evasion
0.45852723788666855,0.6666666666666666,154087,flipped,rf,path_strip,3.0,evasion
0.34848070079386806,0.6666666666666666,107600,flipped,rf,path_strip,3.0,evasion
0.29263618943334246,0.6666666666666666,105049,flipped,rf,path_strip,3.0,evasion
0.5603613468382153,0.6666666666666666,50532,flipped,rf,path_strip,3.0,evasion
0.08896797153024913,0.42857142857142855,117175,flipped,rf,path_strip,3.0,evasion
0.21708185053380785,0.6666666666666666,208383,flipped,rf,path_strip,3.0,evasion
0.27292636189433345,0.6666666666666666,209250,flipped,rf,path_strip,3.0,evasion
0.32877087325485904,0.6666666666666666,54107,flipped,rf,path_strip,3.0,evasion
0.5039693402682727,0.42857142857142855,11754,flipped,rf,path_strip,3.0,evasion
-0.2055844511360526,0.6666666666666666,228210,flipped,rf,path_strip,3.0,evasion
0.4300574869969888,1.0,177414,flipped,rf,path_strip,3.0,evasion
0.5357240624144539,1.0,5669,flipped,rf,path_strip,3.0,evasion
0.6271557623870792,1.0,91898,flipped,rf,path_strip,3.0,evasion
0.5302491103202848,0.6666666666666666,202574,flipped,rf,path_strip,3.0,evasion
0.057213249384067896,0.42857142857142855,197144,flipped,rf,path_strip,3.0,evasion
0.48371201751984677,0.6666666666666666,211913,flipped,rf,path_strip,3.0,evasion
0.5110867779906926,0.6666666666666666,45441,flipped,rf,path_strip,3.0,evasion
0.5143717492471942,1.0,30744,flipped,rf,path_strip,3.0,evasion
0.4136326307144813,0.6666666666666666,165448,flipped,rf,path_strip,3.0,evasion
0.5149192444566111,1.0,119011,flipped,rf,path_strip,3.0,evasion
-0.06433068710648782,1.0,76240,flipped,rf,path_strip,3.0,evasion
0.588283602518478,0.6666666666666666,131366,flipped,rf,path_strip,3.0,evasion
0.5932110594032303,0.6666666666666666,73895,flipped,rf,path_strip,3.0,evasion
0.44867232411716407,1.0,210491,flipped,rf,path_strip,3.0,evasion
0.5187517109225295,1.0,146432,flipped,rf,path_strip,3.0,evasion
0.4278675061593212,0.6666666666666666,38768,flipped,rf,path_strip,3.0,evasion
-0.1716397481522037,0.6666666666666666,28516,flipped,rf,path_strip,3.0,evasion
0.5132767588283604,1.0,204012,flipped,rf,path_strip,3.0,evasion
0.6277032575964961,1.0,208416,flipped,rf,path_strip,3.0,evasion
0.20503695592663568,0.42857142857142855,232546,flipped,rf,path_strip,3.0,evasion
0.46892964686559,0.6666666666666666,108471,flipped,rf,path_strip,3.0,evasion
0.43881741034765953,0.6666666666666666,185908,flipped,rf,path_strip,3.0,evasion
0.48480700793868065,0.6666666666666666,135281,flipped,rf,path_strip,3.0,evasion
0.594853545031481,1.0,114198,flipped,rf,path_strip,3.0,evasion
0.4404598959759103,1.0,146739,flipped,rf,path_strip,3.0,evasion
0.3851628798248016,0.6666666666666666,99531,flipped,rf,path_strip,3.0,evasion
0.6260607719682453,1.0,138796,flipped,rf,path_strip,3.0,evasion
0.2658089241719135,1.0,25997,flipped,rf,path_strip,3.0,evasion
0.42677251574048736,1.0,160428,flipped,rf,path_strip,3.0,evasion
0.501231864221188,1.0,108640,flipped,rf,path_strip,3.0,evasion
0.5373665480427047,1.0,230512,flipped,rf,path_strip,3.0,evasion
0.33534081576786207,0.6666666666666666,56359,flipped,rf,path_strip,3.0,evasion
0.568026279770052,1.0,224867,flipped,rf,path_strip,3.0,evasion
0.5729537366548044,1.0,92678,flipped,rf,path_strip,3.0,evasion
0.1508349301943608,0.6666666666666666,227691,flipped,rf,path_strip,3.0,evasion
0.5587188612099646,1.0,36670,flipped,rf,path_strip,3.0,evasion
0.5658362989323845,1.0,106129,flipped,rf,path_strip,3.0,evasion
0.5379140432521216,0.6666666666666666,29918,flipped,rf,path_strip,3.0,evasion
0.5061593211059404,0.6666666666666666,151752,flipped,rf,path_strip,3.0,evasion
0.49630440733643577,0.6666666666666666,64147,flipped,rf,path_strip,3.0,evasion
0.547768957021626,0.6666666666666666,48347,flipped,rf,path_strip,3.0,evasion
0.4070626882014783,0.42857142857142855,129577,flipped,rf,path_strip,3.0,evasion
0.4464823432794964,0.6666666666666666,99403,flipped,rf,path_strip,3.0,evasion
-0.19518204215713114,0.6666666666666666,210021,flipped,rf,path_strip,3.0,evasion
0.4804270462633453,0.42857142857142855,65722,flipped,rf,path_strip,3.0,evasion
0.5696687653983029,0.6666666666666666,120276,flipped,rf,path_strip,3.0,evasion
0.010676156583629895,0.42857142857142855,110698,flipped,rf,path_strip,3.0,evasion
0.5121817684095266,1.0,234372,flipped,rf,path_strip,3.0,evasion
0.5411990145086231,1.0,208300,flipped,rf,path_strip,3.0,evasion
0.5576238707911307,1.0,72313,flipped,rf,path_strip,3.0,evasion
0.516014234875445,0.6666666666666666,134464,flipped,rf,path_strip,3.0,evasion
0.21872433616205864,0.42857142857142855,87902,flipped,rf,path_strip,3.0,evasion
0.45852723788666855,0.6666666666666666,52226,flipped,rf,path_strip,3.0,evasion
0.1656173008486176,0.6666666666666666,232385,flipped,rf,path_strip,3.0,evasion
0.5756912127018889,1.0,165391,flipped,rf,path_strip,3.0,evasion
0.4295099917875719,0.6666666666666666,30147,flipped,rf,path_strip,3.0,evasion
-0.24555160142348756,1.0,220659,flipped,rf,path_strip,3.0,evasion
0.5039693402682727,1.0,210570,flipped,rf,path_strip,3.0,evasion
0.10539282781275665,0.6666666666666666,157081,flipped,rf,path_strip,3.0,evasion
0.5822611552148919,0.6666666666666666,184404,flipped,rf,path_strip,3.0,evasion
0.5702162606077197,1.0,102031,flipped,rf,path_strip,3.0,evasion
0.27621133315083496,0.6666666666666666,8036,flipped,rf,path_strip,3.0,evasion
0.53462907199562,1.0,208259,flipped,rf,path_strip,3.0,evasion
0.5866411168902272,1.0,143000,flipped,rf,path_strip,3.0,evasion
0.628250752805913,1.0,96171,flipped,rf,path_strip,3.0,evasion
0.2340542020257323,0.42857142857142855,38247,flipped,rf,path_strip,3.0,evasion
0.4990418833835205,1.0,115922,flipped,rf,path_strip,3.0,evasion
0.2838762660826718,0.6666666666666666,99036,flipped,rf,path_strip,3.0,evasion
0.6255132767588284,0.42857142857142855,66157,flipped,rf,path_strip,3.0,evasion
0.2619764577059951,0.6666666666666666,231019,flipped,rf,path_strip,3.0,evasion
0.5099917875718588,1.0,34994,flipped,rf,path_strip,3.0,evasion
0.3200109499041883,0.6666666666666666,142466,flipped,rf,path_strip,3.0,evasion
0.19463454694771423,0.6666666666666666,229799,flipped,rf,path_strip,3.0,evasion
0.28551875171092256,0.42857142857142855,196633,non_flipped,rf,path_strip,3.0,evasion
0.0725431152477416,0.6666666666666666,195071,non_flipped,rf,path_strip,3.0,evasion
0.5149192444566111,0.6666666666666666,57691,non_flipped,rf,path_strip,3.0,evasion
0.5340815767862032,0.6666666666666666,216934,non_flipped,rf,path_strip,3.0,evasion
0.5570763755817137,0.42857142857142855,48602,non_flipped,rf,path_strip,3.0,evasion
0.5762387079113058,0.42857142857142855,818,non_flipped,rf,path_strip,3.0,evasion
0.5242266630166987,1.0,230827,non_flipped,rf,path_strip,3.0,evasion
0.62879824801533,1.0,1755,non_flipped,rf,path_strip,3.0,evasion
0.5340815767862032,0.42857142857142855,213905,non_flipped,rf,path_strip,3.0,evasion
0.6249657815494115,1.0,76835,non_flipped,rf,path_strip,3.0,evasion
0.6233232959211608,0.42857142857142855,192135,non_flipped,rf,path_strip,3.0,evasion
0.5926635641938133,0.42857142857142855,41206,non_flipped,rf,path_strip,3.0,evasion
0.3386257870243636,0.42857142857142855,115717,non_flipped,rf,path_strip,3.0,evasion
0.47714207500684375,0.42857142857142855,207574,non_flipped,rf,path_strip,3.0,evasion
0.07418560087599234,0.6666666666666666,180059,non_flipped,rf,path_strip,3.0,evasion
0.37476047084588016,0.6666666666666666,109081,non_flipped,rf,path_strip,3.0,evasion
0.508349301943608,0.6666666666666666,27812,non_flipped,rf,path_strip,3.0,evasion
0.628250752805913,0.42857142857142855,210748,non_flipped,rf,path_strip,3.0,evasion
0.5997810019162333,1.0,200122,non_flipped,rf,path_strip,3.0,evasion
0.17930468108404055,0.6666666666666666,162648,non_flipped,rf,path_strip,3.0,evasion
0.27402135231316727,0.42857142857142855,186969,non_flipped,rf,path_strip,3.0,evasion
0.62879824801533,0.42857142857142855,110700,non_flipped,rf,path_strip,3.0,evasion
0.53462907199562,0.6666666666666666,71695,non_flipped,rf,path_strip,3.0,evasion
0.30796605529701615,0.42857142857142855,25770,non_flipped,rf,path_strip,3.0,evasion
0.6277032575964961,0.42857142857142855,226650,non_flipped,rf,path_strip,3.0,evasion
0.5910210785655626,0.42857142857142855,72363,non_flipped,rf,path_strip,3.0,evasion
0.62168081029291,0.6666666666666666,201998,non_flipped,rf,path_strip,3.0,evasion
0.6293457432247468,0.42857142857142855,52934,non_flipped,rf,path_strip,3.0,evasion
0.6271557623870792,0.42857142857142855,56565,non_flipped,rf,path_strip,3.0,evasion
0.5422940049274569,0.42857142857142855,157503,non_flipped,rf,path_strip,3.0,evasion
0.24062414453873535,1.0,118984,non_flipped,rf,path_strip,3.0,evasion
0.5258691486449494,0.6666666666666666,43440,non_flipped,rf,path_strip,3.0,evasion
0.3643580618669587,0.6666666666666666,66647,non_flipped,rf,path_strip,3.0,evasion
0.16671229126745143,0.6666666666666666,213144,non_flipped,rf,path_strip,3.0,evasion
0.5001368738023542,0.42857142857142855,200986,non_flipped,rf,path_strip,3.0,evasion
0.3534081576786204,0.42857142857142855,127500,non_flipped,rf,path_strip,3.0,evasion
0.4579797426772516,0.6666666666666666,182188,non_flipped,rf,path_strip,3.0,evasion
0.4886394744045991,0.42857142857142855,218212,non_flipped,rf,path_strip,3.0,evasion
0.588283602518478,0.6666666666666666,150983,non_flipped,rf,path_strip,3.0,evasion
0.5926635641938133,0.42857142857142855,34344,non_flipped,rf,path_strip,3.0,evasion
0.17985217629345746,0.42857142857142855,178033,non_flipped,rf,path_strip,3.0,evasion
0.25047905830823985,0.1111111111111111,10255,non_flipped,rf,path_strip,3.0,evasion
0.3906378319189707,0.6666666666666666,29361,non_flipped,rf,path_strip,3.0,evasion
0.5242266630166987,0.42857142857142855,131115,non_flipped,rf,path_strip,3.0,evasion
0.4196550780180674,0.42857142857142855,100124,non_flipped,rf,path_strip,3.0,evasion
0.3895428415001369,0.42857142857142855,54225,non_flipped,rf,path_strip,3.0,evasion
0.6255132767588284,0.42857142857142855,15489,non_flipped,rf,path_strip,3.0,evasion
0.5099917875718588,0.6666666666666666,108372,non_flipped,rf,path_strip,3.0,evasion
0.535176567205037,0.6666666666666666,32628,non_flipped,rf,path_strip,3.0,evasion
0.5116342732001096,0.6666666666666666,198778,non_flipped,rf,path_strip,3.0,evasion
0.628250752805913,0.42857142857142855,178423,non_flipped,rf,path_strip,3.0,evasion
0.47714207500684375,0.42857142857142855,160403,non_flipped,rf,path_strip,3.0,evasion
0.5926635641938133,0.42857142857142855,62679,non_flipped,rf,path_strip,3.0,evasion
0.3670955379140433,0.42857142857142855,207544,non_flipped,rf,path_strip,3.0,evasion
0.6266082671776623,0.42857142857142855,162805,non_flipped,rf,path_strip,3.0,evasion
0.46728716123733927,0.6666666666666666,158328,non_flipped,rf,path_strip,3.0,evasion
0.6266082671776623,0.42857142857142855,5304,non_flipped,rf,path_strip,3.0,evasion
0.42677251574048736,0.42857142857142855,234247,non_flipped,rf,path_strip,3.0,evasion
0.5713112510265536,0.6666666666666666,175035,non_flipped,rf,path_strip,3.0,evasion
0.47714207500684375,0.42857142857142855,59017,non_flipped,rf,path_strip,3.0,evasion
0.4470298384889133,0.6666666666666666,182152,non_flipped,rf,path_strip,3.0,evasion
0.1716397481522037,0.25,114214,non_flipped,rf,path_strip,3.0,evasion
0.42458253490281966,0.6666666666666666,158729,non_flipped,rf,path_strip,3.0,evasion
0.48480700793868065,0.6666666666666666,61569,non_flipped,rf,path_strip,3.0,evasion
0.628250752805913,0.42857142857142855,5455,non_flipped,rf,path_strip,3.0,evasion
0.6227758007117438,1.0,8607,non_flipped,rf,path_strip,3.0,evasion
0.5340815767862032,0.6666666666666666,27685,non_flipped,rf,path_strip,3.0,evasion
0.42458253490281966,0.6666666666666666,195529,non_flipped,rf,path_strip,3.0,evasion
0.5926635641938133,0.42857142857142855,74121,non_flipped,rf,path_strip,3.0,evasion
0.6238707911305776,0.42857142857142855,147943,non_flipped,rf,path_strip,3.0,evasion
0.5860936216808104,0.6666666666666666,146644,non_flipped,rf,path_strip,3.0,evasion
0.09608540925266905,0.6666666666666666,193720,non_flipped,rf,path_strip,3.0,evasion
0.2367916780728169,0.6666666666666666,56665,non_flipped,rf,path_strip,3.0,evasion
0.522036682179031,0.6666666666666666,33759,non_flipped,rf,path_strip,3.0,evasion
0.5499589378592937,0.6666666666666666,148616,non_flipped,rf,path_strip,3.0,evasion
0.38023542294004936,0.42857142857142855,72177,non_flipped,rf,path_strip,3.0,evasion
0.5849986312619765,0.6666666666666666,148269,non_flipped,rf,path_strip,3.0,evasion
0.4919244456611006,0.6666666666666666,222192,non_flipped,rf,path_strip,3.0,evasion
0.47878456063509445,0.6666666666666666,31422,non_flipped,rf,path_strip,3.0,evasion
0.3950177935943061,0.42857142857142855,135516,non_flipped,rf,path_strip,3.0,evasion
0.5849986312619765,0.6666666666666666,150625,non_flipped,rf,path_strip,3.0,evasion
0.5915685737749795,0.6666666666666666,125017,non_flipped,rf,path_strip,3.0,evasion
0.3150834930194361,0.42857142857142855,193236,non_flipped,rf,path_strip,3.0,evasion
0.5335340815767863,0.6666666666666666,78627,non_flipped,rf,path_strip,3.0,evasion
0.32493840678894065,0.25,65612,non_flipped,rf,path_strip,3.0,evasion
0.4333424582534903,1.0,47392,non_flipped,rf,path_strip,3.0,evasion
0.5023268546400219,0.6666666666666666,177989,non_flipped,rf,path_strip,3.0,evasion
0.3243909115795237,0.42857142857142855,159235,non_flipped,rf,path_strip,3.0,evasion
-0.010676156583629895,0.42857142857142855,43582,non_flipped,rf,path_strip,3.0,evasion
0.10484533260333974,0.25,219278,non_flipped,rf,path_strip,3.0,evasion
0.33643580618669594,0.6666666666666666,2195,non_flipped,rf,path_strip,3.0,evasion
0.5926635641938133,0.42857142857142855,146068,non_flipped,rf,path_strip,3.0,evasion
0.5926635641938133,0.42857142857142855,214740,non_flipped,rf,path_strip,3.0,evasion
0.4919244456611006,0.42857142857142855,88173,non_flipped,rf,path_strip,3.0,evasion
0.5116342732001096,0.6666666666666666,195052,non_flipped,rf,path_strip,3.0,evasion
0.39556528880372305,0.42857142857142855,134041,non_flipped,rf,path_strip,3.0,evasion
0.5899260881467288,0.42857142857142855,109898,non_flipped,rf,path_strip,3.0,evasion
0.46892964686559,0.6666666666666666,178063,non_flipped,rf,path_strip,3.0,evasion
0.011223651793046812,0.42857142857142855,166815,non_flipped,rf,path_strip,3.0,evasion
0.4262250205310704,0.42857142857142855,121369,non_flipped,rf,path_strip,3.0,evasion
0.40542020257322753,0.6666666666666666,184614,non_flipped,rf,path_strip,3.0,evasion
0.5762387079113058,0.6666666666666666,127586,non_flipped,rf,path_strip,3.0,evasion
0.18477963317820972,0.42857142857142855,109945,non_flipped,rf,path_strip,3.0,evasion
0.5860936216808104,0.42857142857142855,17329,non_flipped,rf,path_strip,3.0,evasion
0.62879824801533,0.42857142857142855,234597,non_flipped,rf,path_strip,3.0,evasion
0.08677799069258145,0.42857142857142855,110599,non_flipped,rf,path_strip,3.0,evasion
0.4990418833835205,0.42857142857142855,173202,non_flipped,rf,path_strip,3.0,evasion
0.5335340815767863,0.42857142857142855,142867,non_flipped,rf,path_strip,3.0,evasion
0.4924719408705174,0.6666666666666666,132870,non_flipped,rf,path_strip,3.0,evasion
0.62879824801533,0.6666666666666666,78341,non_flipped,rf,path_strip,3.0,evasion
0.5926635641938133,0.42857142857142855,170740,non_flipped,rf,path_strip,3.0,evasion
0.3112510265535177,0.42857142857142855,81790,non_flipped,rf,path_strip,3.0,evasion
0.5866411168902272,0.42857142857142855,17861,non_flipped,rf,path_strip,3.0,evasion
-0.02655351765672051,0.6666666666666666,176141,non_flipped,rf,path_strip,3.0,evasion
0.628250752805913,1.0,67915,non_flipped,rf,path_strip,3.0,evasion
0.5630988228852998,0.42857142857142855,146412,non_flipped,rf,path_strip,3.0,evasion
0.6271557623870792,0.6666666666666666,87104,non_flipped,rf,path_strip,3.0,evasion
0.20777443197372025,0.42857142857142855,29040,non_flipped,rf,path_strip,3.0,evasion
0.5450314809745415,0.6666666666666666,70727,non_flipped,rf,path_strip,3.0,evasion
0.40980016424856286,0.6666666666666666,37824,non_flipped,rf,path_strip,3.0,evasion
0.5926635641938133,0.42857142857142855,69427,non_flipped,rf,path_strip,3.0,evasion
0.49301943607993437,0.6666666666666666,28406,non_flipped,rf,path_strip,3.0,evasion
0.4212975636463182,0.42857142857142855,145054,non_flipped,rf,path_strip,3.0,evasion
0.05885573501231865,0.25,42066,non_flipped,rf,path_strip,3.0,evasion
0.6233232959211608,0.6666666666666666,234610,non_flipped,rf,path_strip,3.0,evasion
0.36107309061045717,0.25,185581,non_flipped,rf,path_strip,3.0,evasion
0.3643580618669587,0.6666666666666666,6814,non_flipped,rf,path_strip,3.0,evasion
0.5860936216808104,0.42857142857142855,76178,non_flipped,rf,path_strip,3.0,evasion
0.5910210785655626,0.42857142857142855,36790,non_flipped,rf,path_strip,3.0,evasion
0.4990418833835205,0.42857142857142855,80588,non_flipped,rf,path_strip,3.0,evasion
0.6008759923350672,0.6666666666666666,114583,non_flipped,rf,path_strip,3.0,evasion
0.3123460169723516,0.42857142857142855,187087,non_flipped,rf,path_strip,3.0,evasion
0.07090062961949083,0.6666666666666666,88472,non_flipped,rf,path_strip,3.0,evasion
0.29373117985217634,0.6666666666666666,48725,non_flipped,rf,path_strip,3.0,evasion
0.5510539282781276,0.6666666666666666,115659,non_flipped,rf,path_strip,3.0,evasion
0.5329865863673693,0.42857142857142855,222048,non_flipped,rf,path_strip,3.0,evasion
0.6277032575964961,1.0,179387,non_flipped,rf,path_strip,3.0,evasion
0.5986860114973995,0.42857142857142855,46466,non_flipped,rf,path_strip,3.0,evasion
0.535176567205037,0.42857142857142855,162189,non_flipped,rf,path_strip,3.0,evasion
0.13331508349301946,1.0,104952,non_flipped,rf,path_strip,3.0,evasion
0.5225841773884479,0.6666666666666666,212544,non_flipped,rf,path_strip,3.0,evasion
0.5926635641938133,0.42857142857142855,88047,non_flipped,rf,path_strip,3.0,evasion
0.501231864221188,0.6666666666666666,72378,non_flipped,rf,path_strip,3.0,evasion
0.44867232411716407,0.6666666666666666,4474,non_flipped,rf,path_strip,3.0,evasion
0.5494114426498768,0.42857142857142855,149085,non_flipped,rf,path_strip,3.0,evasion
0.5773336983301396,0.42857142857142855,117441,non_flipped,rf,path_strip,3.0,evasion
0.5105392827812757,0.6666666666666666,192357,non_flipped,rf,path_strip,3.0,evasion
0.09882288529975365,0.42857142857142855,46446,non_flipped,rf,path_strip,3.0,evasion
0.13276758828360252,0.42857142857142855,216591,non_flipped,rf,path_strip,3.0,evasion
0.5986860114973995,0.6666666666666666,134597,non_flipped,rf,path_strip,3.0,evasion
0.5242266630166987,0.42857142857142855,21508,non_flipped,rf,path_strip,3.0,evasion
0.4015877361073091,0.25,192540,non_flipped,rf,path_strip,3.0,evasion
0.4919244456611006,0.42857142857142855,223286,non_flipped,rf,path_strip,3.0,evasion
0.5329865863673693,0.42857142857142855,18103,non_flipped,rf,path_strip,3.0,evasion
0.4426498768135779,0.6666666666666666,36328,non_flipped,rf,path_strip,3.0,evasion
0.4163701067615659,0.6666666666666666,160921,non_flipped,rf,path_strip,3.0,evasion
0.5773336983301396,0.6666666666666666,70578,non_flipped,rf,path_strip,3.0,evasion
0.6266082671776623,1.0,139683,non_flipped,rf,path_strip,3.0,evasion
0.5132767588283604,0.25,70873,non_flipped,rf,path_strip,3.0,evasion
0.6293457432247468,0.42857142857142855,176368,non_flipped,rf,path_strip,3.0,evasion
0.23514919244456614,0.6666666666666666,11043,non_flipped,rf,path_strip,3.0,evasion
0.5335340815767863,0.42857142857142855,111635,non_flipped,rf,path_strip,3.0,evasion
0.4913769504516836,0.42857142857142855,100780,non_flipped,rf,path_strip,3.0,evasion
0.628250752805913,0.42857142857142855,44565,non_flipped,rf,path_strip,3.0,evasion
0.5576238707911307,0.42857142857142855,176524,non_flipped,rf,path_strip,3.0,evasion
0.54174650971804,0.42857142857142855,232340,non_flipped,rf,path_strip,3.0,evasion
0.5324390911579525,0.42857142857142855,198912,non_flipped,rf,path_strip,3.0,evasion
0.2088694223925541,0.6666666666666666,9896,non_flipped,rf,path_strip,3.0,evasion
0.3402682726526143,1.0,140449,non_flipped,rf,path_strip,3.0,evasion
0.36983301396112783,0.42857142857142855,2475,non_flipped,rf,path_strip,3.0,evasion
0.5576238707911307,0.42857142857142855,128095,non_flipped,rf,path_strip,3.0,evasion
0.5926635641938133,0.42857142857142855,102718,non_flipped,rf,path_strip,3.0,evasion
0.5915685737749795,0.42857142857142855,71290,non_flipped,rf,path_strip,3.0,evasion
0.5910210785655626,0.6666666666666666,25195,non_flipped,rf,path_strip,3.0,evasion
0.5609088420476323,0.6666666666666666,69221,non_flipped,rf,path_strip,3.0,evasion
0.588283602518478,0.6666666666666666,170439,non_flipped,rf,path_strip,3.0,evasion
0.39556528880372305,0.42857142857142855,76533,non_flipped,rf,path_strip,3.0,evasion
0.21872433616205864,0.6666666666666666,172270,non_flipped,rf,path_strip,3.0,evasion
0.5926635641938133,0.42857142857142855,118026,non_flipped,rf,path_strip,3.0,evasion
0.6277032575964961,0.42857142857142855,106668,non_flipped,rf,path_strip,3.0,evasion
0.4995893785929374,0.42857142857142855,48369,non_flipped,rf,path_strip,3.0,evasion
0.495209416917602,0.6666666666666666,69837,non_flipped,rf,path_strip,3.0,evasion
0.628250752805913,0.42857142857142855,46832,non_flipped,rf,path_strip,3.0,evasion
0.6162058581987409,0.6666666666666666,155752,non_flipped,rf,path_strip,3.0,evasion
0.39939775526964144,0.42857142857142855,81708,non_flipped,rf,path_strip,3.0,evasion
0.47714207500684375,0.42857142857142855,49738,non_flipped,rf,path_strip,3.0,evasion
0.25650150561182594,0.42857142857142855,43114,non_flipped,rf,path_strip,3.0,evasion
0.6271557623870792,0.42857142857142855,51918,non_flipped,rf,path_strip,3.0,evasion
0.53462907199562,0.6666666666666666,82845,non_flipped,rf,path_strip,3.0,evasion
0.5499589378592937,0.42857142857142855,191998,non_flipped,rf,path_strip,3.0,evasion
0.6260607719682453,0.42857142857142855,147259,non_flipped,rf,path_strip,3.0,evasion
-0.019436079934300576,0.42857142857142855,157222,non_flipped,rf,path_strip,3.0,evasion
-0.014508623049548319,0.42857142857142855,215174,non_flipped,rf,path_strip,3.0,evasion
0.5335340815767863,0.6666666666666666,137544,non_flipped,rf,path_strip,3.0,evasion
0.4163701067615659,1.0,163425,non_flipped,rf,path_strip,3.0,evasion
0.2066794415548864,0.6666666666666666,183703,non_flipped,rf,path_strip,3.0,evasion
0.4804270462633453,0.6666666666666666,14434,non_flipped,rf,path_strip,3.0,evasion
0.1601423487544484,0.42857142857142855,190299,non_flipped,rf,path_strip,3.0,evasion
0.462359704352587,0.42857142857142855,119611,non_flipped,rf,path_strip,3.0,evasion
0.43115247741582263,0.42857142857142855,227438,non_flipped,rf,path_strip,3.0,evasion
0.5735012318642213,0.42857142857142855,206884,non_flipped,rf,path_strip,3.0,evasion
0.13003011223651795,0.42857142857142855,145287,non_flipped,rf,path_strip,3.0,evasion
0.5866411168902272,0.42857142857142855,234623,non_flipped,rf,path_strip,3.0,evasion
0.19408705173829732,0.42857142857142855,38012,non_flipped,rf,path_strip,3.0,evasion
0.4256775253216535,0.6666666666666666,15498,non_flipped,rf,path_strip,3.0,evasion
0.5329865863673693,0.6666666666666666,175018,non_flipped,rf,path_strip,3.0,evasion
0.5844511360525596,0.6666666666666666,79962,non_flipped,rf,path_strip,3.0,evasion
0.62879824801533,1.0,190850,non_flipped,rf,path_strip,3.0,evasion
0.5532439091157952,0.6666666666666666,131444,non_flipped,rf,path_strip,3.0,evasion
0.5740487270736382,0.42857142857142855,151973,non_flipped,rf,path_strip,3.0,evasion
0.6249657815494115,1.0,102326,non_flipped,rf,path_strip,3.0,evasion
0.11743772241992884,0.6666666666666666,195121,non_flipped,rf,path_strip,3.0,evasion
0.5132767588283604,0.42857142857142855,198138,non_flipped,rf,path_strip,3.0,evasion
0.6233232959211608,0.42857142857142855,136791,non_flipped,rf,path_strip,3.0,evasion
0.53462907199562,0.6666666666666666,169541,non_flipped,rf,path_strip,3.0,evasion
0.5625513276758829,1.0,170973,non_flipped,rf,path_strip,3.0,evasion
0.02545852723788667,0.42857142857142855,180627,non_flipped,rf,path_strip,3.0,evasion
0.6271557623870792,0.42857142857142855,228588,non_flipped,rf,path_strip,3.0,evasion
0.5329865863673693,0.6666666666666666,194781,non_flipped,rf,path_strip,3.0,evasion
0.21817684095264167,0.42857142857142855,179957,non_flipped,rf,path_strip,3.0,evasion
0.4634546947714208,0.6666666666666666,36846,non_flipped,rf,path_strip,3.0,evasion
0.5307966055297016,0.6666666666666666,71920,non_flipped,rf,path_strip,3.0,evasion
0.5406515192992062,0.6666666666666666,180794,non_flipped,rf,path_strip,3.0,evasion
0.5127292636189434,0.42857142857142855,144754,non_flipped,rf,path_strip,3.0,evasion
0.6277032575964961,0.6666666666666666,95996,non_flipped,rf,path_strip,3.0,evasion
0.382425403777717,0.6666666666666666,40674,non_flipped,rf,path_strip,3.0,evasion
0.17109225294278677,0.25,81572,non_flipped,rf,path_strip,3.0,evasion
0.5138242540377773,0.42857142857142855,21151,non_flipped,rf,path_strip,3.0,evasion
0.5121817684095266,0.6666666666666666,152687,non_flipped,rf,path_strip,3.0,evasion
0.10867779906925815,0.42857142857142855,24945,non_flipped,rf,path_strip,3.0,evasion
0.13331508349301946,1.0,166922,non_flipped,rf,path_strip,3.0,evasion
0.5915685737749795,0.42857142857142855,163916,non_flipped,rf,path_strip,3.0,evasion
0.54174650971804,0.42857142857142855,217842,non_flipped,rf,path_strip,3.0,evasion
0.20448946071721874,0.25,177666,non_flipped,rf,path_strip,3.0,evasion
0.5209416917601972,0.42857142857142855,136498,non_flipped,rf,path_strip,3.0,evasion
0.535176567205037,0.42857142857142855,215128,non_flipped,rf,path_strip,3.0,evasion
0.4760470845880099,0.6666666666666666,102541,non_flipped,rf,path_strip,3.0,evasion
0.34848070079386806,0.6666666666666666,10692,non_flipped,rf,path_strip,3.0,evasion
0.28332877087325486,0.42857142857142855,5603,non_flipped,rf,path_strip,3.0,evasion
0.5970435258691488,1.0,172703,non_flipped,rf,path_strip,3.0,evasion
0.17109225294278677,0.25,200731,non_flipped,rf,path_strip,3.0,evasion
0.6173008486175747,1.0,95944,non_flipped,rf,path_strip,3.0,evasion
0.6293457432247468,1.0,150358,non_flipped,rf,path_strip,3.0,evasion
0.5034218450588558,0.6666666666666666,68714,non_flipped,rf,path_strip,3.0,evasion
0.5099917875718588,0.6666666666666666,141297,non_flipped,rf,path_strip,3.0,evasion
0.5932110594032303,0.42857142857142855,102092,non_flipped,rf,path_strip,3.0,evasion
0.2707363810566658,0.6666666666666666,191733,non_flipped,rf,path_strip,3.0,evasion
0.5926635641938133,0.42857142857142855,145584,non_flipped,rf,path_strip,3.0,evasion
0.15192992061319463,0.6666666666666666,137894,non_flipped,rf,path_strip,3.0,evasion
0.32493840678894065,0.6666666666666666,161006,non_flipped,rf,path_strip,3.0,evasion
0.6249657815494115,0.6666666666666666,136678,non_flipped,rf,path_strip,3.0,evasion
0.5143717492471942,1.0,161824,non_flipped,rf,path_strip,3.0,evasion
0.42020257322748433,0.6666666666666666,6745,non_flipped,rf,path_strip,3.0,evasion
0.2745688475225842,0.25,184256,non_flipped,rf,path_strip,3.0,evasion
0.6222283055023269,0.42857142857142855,166773,non_flipped,rf,path_strip,3.0,evasion
0.4196550780180674,0.6666666666666666,131144,non_flipped,rf,path_strip,3.0,evasion
0.5411990145086231,0.6666666666666666,34033,non_flipped,rf,path_strip,3.0,evasion
-0.04900082124281412,0.42857142857142855,164198,non_flipped,rf,path_strip,3.0,evasion
0.5302491103202848,0.42857142857142855,196500,non_flipped,rf,path_strip,3.0,evasion
0.5214891869696141,0.6666666666666666,149430,non_flipped,rf,path_strip,3.0,evasion
0.39666027922255687,0.6666666666666666,215081,non_flipped,rf,path_strip,3.0,evasion
0.5926635641938133,0.42857142857142855,27852,non_flipped,rf,path_strip,3.0,evasion
0.5964960306597318,0.42857142857142855,192696,non_flipped,rf,path_strip,3.0,evasion
0.21981932658089245,0.6666666666666666,52319,non_flipped,rf,path_strip,3.0,evasion
0.4919244456611006,0.42857142857142855,140831,non_flipped,rf,path_strip,3.0,evasion
0.5099917875718588,0.6666666666666666,206614,non_flipped,rf,path_strip,3.0,evasion
0.1595948535450315,0.6666666666666666,88777,non_flipped,rf,path_strip,3.0,evasion
0.5225841773884479,0.6666666666666666,67149,non_flipped,rf,path_strip,3.0,evasion
0.010676156583629895,0.42857142857142855,61714,non_flipped,rf,path_strip,3.0,evasion
0.5926635641938133,0.42857142857142855,57109,non_flipped,rf,path_strip,3.0,evasion
0.44155488639474416,0.6666666666666666,11490,non_flipped,rf,path_strip,3.0,evasion
0.12181768409526418,0.6666666666666666,22484,non_flipped,rf,path_strip,3.0,evasion
0.5899260881467288,0.42857142857142855,187955,non_flipped,rf,path_strip,3.0,evasion
0.495209416917602,0.42857142857142855,40466,non_flipped,rf,path_strip,3.0,evasion
0.575143717492472,0.6666666666666666,73604,non_flipped,rf,path_strip,3.0,evasion
0.62879824801533,0.42857142857142855,77585,non_flipped,rf,path_strip,3.0,evasion
0.5849986312619765,0.6666666666666666,198245,non_flipped,rf,path_strip,3.0,evasion
0.6249657815494115,0.6666666666666666,39000,non_flipped,rf,path_strip,3.0,evasion
0.15576238707911308,0.6666666666666666,164537,non_flipped,rf,path_strip,3.0,evasion
0.29975362715576237,0.42857142857142855,82695,non_flipped,rf,path_strip,3.0,evasion
0.18970709006296196,0.6666666666666666,233062,non_flipped,rf,path_strip,3.0,evasion
0.5225841773884479,0.6666666666666666,226654,non_flipped,rf,path_strip,3.0,evasion
0.37366548042704634,0.42857142857142855,100286,non_flipped,rf,path_strip,3.0,evasion
0.588283602518478,0.42857142857142855,20368,non_flipped,rf,path_strip,3.0,evasion
0.0139611278401314,0.25,227810,non_flipped,rf,path_strip,3.0,evasion
0.5926635641938133,0.42857142857142855,108606,non_flipped,rf,path_strip,3.0,evasion
0.4070626882014783,0.42857142857142855,166822,non_flipped,rf,path_strip,3.0,evasion
0.6266082671776623,0.42857142857142855,92111,non_flipped,rf,path_strip,3.0,evasion
0.4875444839857652,0.6666666666666666,234455,non_flipped,rf,path_strip,3.0,evasion
0.5067068163153573,1.0,116677,non_flipped,rf,path_strip,3.0,evasion
0.4880919791951821,0.6666666666666666,32427,non_flipped,rf,path_strip,3.0,evasion
0.3857103750342185,0.42857142857142855,120769,non_flipped,rf,path_strip,3.0,evasion
0.18861209964412814,0.42857142857142855,145091,non_flipped,rf,path_strip,3.0,evasion
0.5981385162879826,0.42857142857142855,110560,non_flipped,rf,path_strip,3.0,evasion
0.47933205584451144,0.6666666666666666,39941,non_flipped,rf,path_strip,3.0,evasion
0.6079934300574871,0.42857142857142855,193172,non_flipped,rf,path_strip,3.0,evasion
0.5926635641938133,0.42857142857142855,28657,non_flipped,rf,path_strip,3.0,evasion
0.45688475225841774,0.42857142857142855,113333,non_flipped,rf,path_strip,3.0,evasion
0.5028743498494389,0.6666666666666666,77141,non_flipped,rf,path_strip,3.0,evasion
0.5455789761839585,1.0,141388,non_flipped,rf,path_strip,3.0,evasion
0.5915685737749795,0.42857142857142855,227495,non_flipped,rf,path_strip,3.0,evasion
0.5275116342732001,0.6666666666666666,102925,non_flipped,rf,path_strip,3.0,evasion
0.628250752805913,0.6666666666666666,184274,non_flipped,rf,path_strip,3.0,evasion
0.535176567205037,0.42857142857142855,189160,non_flipped,rf,path_strip,3.0,evasion
0.2942786750615932,0.6666666666666666,131086,non_flipped,rf,path_strip,3.0,evasion
0.5641938133041337,1.0,76260,non_flipped,rf,path_strip,3.0,evasion
0.5926635641938133,0.42857142857142855,85404,non_flipped,rf,path_strip,3.0,evasion
0.49630440733643577,0.6666666666666666,218425,non_flipped,rf,path_strip,3.0,evasion
0.49301943607993437,0.6666666666666666,175969,non_flipped,rf,path_strip,3.0,evasion
0.5943060498220641,0.42857142857142855,77018,non_flipped,rf,path_strip,3.0,evasion
0.5800711743772243,0.42857142857142855,69322,non_flipped,rf,path_strip,3.0,evasion
0.3950177935943061,0.42857142857142855,77016,non_flipped,rf,path_strip,3.0,evasion
0.5718587462359705,0.6666666666666666,177935,non_flipped,rf,path_strip,3.0,evasion
0.5986860114973995,0.42857142857142855,125700,non_flipped,rf,path_strip,3.0,evasion
0.5789761839583905,0.42857142857142855,117186,non_flipped,rf,path_strip,3.0,evasion
0.5888310977278949,0.42857142857142855,229007,non_flipped,rf,path_strip,3.0,evasion
0.1322200930741856,0.42857142857142855,213068,non_flipped,rf,path_strip,3.0,evasion
0.6293457432247468,0.42857142857142855,16288,non_flipped,rf,path_strip,3.0,evasion
0.3495756912127019,0.6666666666666666,189928,non_flipped,rf,path_strip,3.0,evasion
0.3950177935943061,0.6666666666666666,126284,non_flipped,rf,path_strip,3.0,evasion
0.14535997810019163,0.42857142857142855,92818,non_flipped,rf,path_strip,3.0,evasion
0.501779359430605,0.6666666666666666,46408,non_flipped,rf,path_strip,3.0,evasion
0.5921160689843964,0.6666666666666666,142407,non_flipped,rf,path_strip,3.0,evasion
-0.16233232959211608,0.42857142857142855,81719,non_flipped,rf,path_strip,3.0,evasion
0.5975910210785657,0.42857142857142855,65147,non_flipped,rf,path_strip,3.0,evasion
0.6260607719682453,0.6666666666666666,124774,non_flipped,rf,path_strip,3.0,evasion
0.5926635641938133,0.42857142857142855,39782,non_flipped,rf,path_strip,3.0,evasion
0.6085409252669041,1.0,232425,non_flipped,rf,path_strip,3.0,evasion
0.568573774979469,0.42857142857142855,198772,non_flipped,rf,path_strip,3.0,evasion
0.14590747330960857,0.6666666666666666,200432,non_flipped,rf,path_strip,3.0,evasion
0.5225841773884479,0.6666666666666666,145397,non_flipped,rf,path_strip,3.0,evasion
0.6277032575964961,0.6666666666666666,37586,non_flipped,rf,path_strip,3.0,evasion
0.6260607719682453,0.42857142857142855,12734,non_flipped,rf,path_strip,3.0,evasion
0.4919244456611006,0.42857142857142855,201866,non_flipped,rf,path_strip,3.0,evasion
-0.11470024637284426,0.25,164683,non_flipped,rf,path_strip,3.0,evasion
0.48316452231042983,0.6666666666666666,69216,non_flipped,rf,path_strip,3.0,evasion
0.5329865863673693,0.6666666666666666,89728,non_flipped,rf,path_strip,3.0,evasion
0.2811387900355872,0.6666666666666666,93439,non_flipped,rf,path_strip,3.0,evasion
0.5773336983301396,1.0,183479,non_flipped,rf,path_strip,3.0,evasion
0.06542567752532166,0.6666666666666666,98094,non_flipped,rf,path_strip,3.0,evasion
0.32493840678894065,0.42857142857142855,214556,non_flipped,rf,path_strip,3.0,evasion
0.5225841773884479,0.6666666666666666,81768,non_flipped,rf,path_strip,3.0,evasion
0.628250752805913,0.42857142857142855,228972,non_flipped,rf,path_strip,3.0,evasion
0.5116342732001096,0.6666666666666666,64191,non_flipped,rf,path_strip,3.0,evasion
0.5231316725978649,0.6666666666666666,77992,non_flipped,rf,path_strip,3.0,evasion
0.5795236791678073,0.6666666666666666,184394,non_flipped,rf,path_strip,3.0,evasion
0.5954010402408979,0.42857142857142855,135631,non_flipped,rf,path_strip,3.0,evasion
0.601970982753901,0.42857142857142855,169655,non_flipped,rf,path_strip,3.0,evasion
0.62879824801533,0.42857142857142855,181975,non_flipped,rf,path_strip,3.0,evasion
0.6244182863399946,0.6666666666666666,104732,non_flipped,rf,path_strip,3.0,evasion
0.54174650971804,0.42857142857142855,97706,non_flipped,rf,path_strip,3.0,evasion
0.4990418833835205,0.42857142857142855,70304,non_flipped,rf,path_strip,3.0,evasion
0.5844511360525596,0.42857142857142855,74841,non_flipped,rf,path_strip,3.0,evasion
0.6293457432247468,0.42857142857142855,106515,non_flipped,rf,path_strip,3.0,evasion
0.4990418833835205,0.42857142857142855,195685,non_flipped,rf,path_strip,3.0,evasion
0.4234875444839858,0.6666666666666666,233576,non_flipped,rf,path_strip,3.0,evasion
0.37695045168354785,0.25,233038,non_flipped,rf,path_strip,3.0,evasion
0.5302491103202848,0.42857142857142855,14459,non_flipped,rf,path_strip,3.0,evasion
0.5915685737749795,0.6666666666666666,64195,non_flipped,rf,path_strip,3.0,evasion
0.49356693128935125,0.42857142857142855,116728,non_flipped,rf,path_strip,3.0,evasion
0.22584177388447854,1.0,208827,non_flipped,rf,path_strip,3.0,evasion
0.508349301943608,0.6666666666666666,192209,non_flipped,rf,path_strip,3.0,evasion
0.5910210785655626,0.42857142857142855,85993,non_flipped,rf,path_strip,3.0,evasion
0.4661921708185054,0.42857142857142855,122789,non_flipped,rf,path_strip,3.0,evasion
0.5915685737749795,0.42857142857142855,195181,non_flipped,rf,path_strip,3.0,evasion
0.5225841773884479,0.6666666666666666,91425,non_flipped,rf,path_strip,3.0,evasion
0.03367095537914044,0.6666666666666666,122443,non_flipped,rf,path_strip,3.0,evasion
0.3451957295373666,0.42857142857142855,131955,non_flipped,rf,path_strip,3.0,evasion
0.6277032575964961,0.42857142857142855,15807,non_flipped,rf,path_strip,3.0,evasion
0.5904735833561456,0.42857142857142855,102636,non_flipped,rf,path_strip,3.0,evasion
0.0730906104571585,0.25,61046,non_flipped,rf,path_strip,3.0,evasion
0.07473309608540926,0.42857142857142855,178819,non_flipped,rf,path_strip,3.0,evasion
0.5078018067341911,0.42857142857142855,142516,non_flipped,rf,path_strip,3.0,evasion
0.4990418833835205,0.42857142857142855,180765,non_flipped,rf,path_strip,3.0,evasion
0.588283602518478,0.6666666666666666,214956,non_flipped,rf,path_strip,3.0,evasion
0.4990418833835205,0.42857142857142855,170877,non_flipped,rf,path_strip,3.0,evasion
0.4886394744045991,0.42857142857142855,130650,non_flipped,rf,path_strip,3.0,evasion
0.3271283876266083,0.42857142857142855,175088,non_flipped,rf,path_strip,3.0,evasion
0.5899260881467288,0.42857142857142855,80661,non_flipped,rf,path_strip,3.0,evasion
0.6271557623870792,0.42857142857142855,163702,non_flipped,rf,path_strip,3.0,evasion
0.4919244456611006,0.42857142857142855,125368,non_flipped,rf,path_strip,3.0,evasion
0.5225841773884479,0.6666666666666666,187392,non_flipped,rf,path_strip,3.0,evasion
0.4946619217081851,0.6666666666666666,183317,non_flipped,rf,path_strip,3.0,evasion
0.5242266630166987,0.42857142857142855,80996,non_flipped,rf,path_strip,3.0,evasion
0.5702162606077197,0.6666666666666666,135405,non_flipped,rf,path_strip,3.0,evasion
0.4579797426772516,0.42857142857142855,77608,non_flipped,rf,path_strip,3.0,evasion
0.6271557623870792,0.42857142857142855,31673,non_flipped,rf,path_strip,3.0,evasion
0.6233232959211608,0.42857142857142855,74888,non_flipped,rf,path_strip,3.0,evasion
0.5329865863673693,0.6666666666666666,73560,non_flipped,rf,path_strip,3.0,evasion
0.62879824801533,0.6666666666666666,109861,non_flipped,rf,path_strip,3.0,evasion
0.1902545852723789,0.6666666666666666,85823,non_flipped,rf,path_strip,3.0,evasion
0.39118532712838766,0.42857142857142855,5824,non_flipped,rf,path_strip,3.0,evasion
0.5975910210785657,0.42857142857142855,29117,non_flipped,rf,path_strip,3.0,evasion
0.09444292362441829,0.6666666666666666,212692,non_flipped,rf,path_strip,3.0,evasion
0.522036682179031,0.6666666666666666,178165,non_flipped,rf,path_strip,3.0,evasion
0.14316999726252397,0.6666666666666666,144210,non_flipped,rf,path_strip,3.0,evasion
0.415822611552149,0.6666666666666666,207978,non_flipped,rf,path_strip,3.0,evasion
0.5302491103202848,0.42857142857142855,220761,non_flipped,rf,path_strip,3.0,evasion
0.5926635641938133,0.42857142857142855,69919,non_flipped,rf,path_strip,3.0,evasion
0.05885573501231865,0.25,176532,non_flipped,rf,path_strip,3.0,evasion
0.62879824801533,0.42857142857142855,44344,non_flipped,rf,path_strip,3.0,evasion
0.6277032575964961,0.6666666666666666,183363,non_flipped,rf,path_strip,3.0,evasion
0.45633725704900086,0.6666666666666666,9450,non_flipped,rf,path_strip,3.0,evasion
0.5904735833561456,0.42857142857142855,142422,non_flipped,rf,path_strip,3.0,evasion
0.6211333150834931,0.42857142857142855,19424,non_flipped,rf,path_strip,3.0,evasion
0.5390090336709554,0.42857142857142855,71254,non_flipped,rf,path_strip,3.0,evasion
0.3320558445113606,0.42857142857142855,33639,non_flipped,rf,path_strip,3.0,evasion
0.6227758007117438,0.6666666666666666,135344,non_flipped,rf,path_strip,3.0,evasion
0.4919244456611006,0.42857142857142855,61252,non_flipped,rf,path_strip,3.0,evasion
0.5034218450588558,0.42857142857142855,207373,non_flipped,rf,path_strip,3.0,evasion
0.5877361073090611,0.42857142857142855,127688,non_flipped,rf,path_strip,3.0,evasion
0.6255132767588284,0.6666666666666666,109599,non_flipped,rf,path_strip,3.0,evasion
0.14371749247194088,0.42857142857142855,39269,non_flipped,rf,path_strip,3.0,evasion
0.3550506433068711,0.42857142857142855,150827,non_flipped,rf,path_strip,3.0,evasion
0.4043252121543937,0.42857142857142855,27862,non_flipped,rf,path_strip,3.0,evasion
0.1908020804817958,0.42857142857142855,201533,non_flipped,rf,path_strip,3.0,evasion
0.11853271283876265,0.42857142857142855,149093,non_flipped,rf,path_strip,3.0,evasion
0.4924719408705174,0.42857142857142855,136149,non_flipped,rf,path_strip,3.0,evasion
0.6271557623870792,1.0,110235,non_flipped,rf,path_strip,3.0,evasion
0.6085409252669041,1.0,180032,non_flipped,rf,path_strip,3.0,evasion
0.036408431426225026,0.25,25636,non_flipped,rf,path_strip,3.0,evasion
0.5669312893512183,0.42857142857142855,114128,non_flipped,rf,path_strip,3.0,evasion
0.5778811935395566,0.42857142857142855,57256,non_flipped,rf,path_strip,3.0,evasion
-0.13276758828360252,0.42857142857142855,104381,non_flipped,rf,path_strip,3.0,evasion
0.1004653709280044,0.6666666666666666,118961,non_flipped,rf,path_strip,3.0,evasion
0.5116342732001096,0.6666666666666666,87184,non_flipped,rf,path_strip,3.0,evasion
0.5116342732001096,0.6666666666666666,217069,non_flipped,rf,path_strip,3.0,evasion
0.5926635641938133,0.42857142857142855,152145,non_flipped,rf,path_strip,3.0,evasion
0.38078291814946624,0.6666666666666666,209114,non_flipped,rf,path_strip,3.0,evasion
0.49356693128935125,0.6666666666666666,6482,non_flipped,rf,path_strip,3.0,evasion
0.09991787571858747,0.6666666666666666,141372,non_flipped,rf,path_strip,3.0,evasion
0.3835203941965508,1.0,126514,non_flipped,rf,path_strip,3.0,evasion
0.62879824801533,0.6666666666666666,35574,non_flipped,rf,path_strip,3.0,evasion
0.5340815767862032,0.42857142857142855,73275,non_flipped,rf,path_strip,3.0,evasion
0.555433889953463,0.6666666666666666,40443,non_flipped,rf,path_strip,3.0,evasion
0.5926635641938133,0.42857142857142855,173560,non_flipped,rf,path_strip,3.0,evasion
0.6266082671776623,0.42857142857142855,197367,non_flipped,rf,path_strip,3.0,evasion
0.31563098822885305,0.42857142857142855,189012,non_flipped,rf,path_strip,3.0,evasion
0.495756912127019,0.6666666666666666,130241,non_flipped,rf,path_strip,3.0,evasion
0.5494114426498768,0.42857142857142855,43580,non_flipped,rf,path_strip,3.0,evasion
0.4360799343005749,0.42857142857142855,89335,non_flipped,rf,path_strip,3.0,evasion
0.6277032575964961,0.6666666666666666,32854,non_flipped,rf,path_strip,3.0,evasion
0.6266082671776623,0.42857142857142855,220438,non_flipped,rf,path_strip,3.0,evasion
-0.019436079934300576,0.42857142857142855,140077,non_flipped,rf,path_strip,3.0,evasion
0.5937585546126471,0.42857142857142855,6995,non_flipped,rf,path_strip,3.0,evasion
0.5225841773884479,0.6666666666666666,54088,non_flipped,rf,path_strip,3.0,evasion
0.3665480427046264,0.6666666666666666,166610,non_flipped,rf,path_strip,3.0,evasion
0.335888310977279,0.6666666666666666,60870,non_flipped,rf,path_strip,3.0,evasion
0.5329865863673693,0.6666666666666666,47783,non_flipped,rf,path_strip,3.0,evasion
0.29099370380509176,0.6666666666666666,198738,non_flipped,rf,path_strip,3.0,evasion
0.38899534629071997,0.6666666666666666,230562,non_flipped,rf,path_strip,3.0,evasion
0.6129208869422393,0.6666666666666666,164528,non_flipped,rf,path_strip,3.0,evasion
0.4185600875992336,0.6666666666666666,221891,non_flipped,rf,path_strip,3.0,evasion
0.49356693128935125,0.6666666666666666,85349,non_flipped,rf,path_strip,3.0,evasion
0.28989871338625794,0.6666666666666666,222701,non_flipped,rf,path_strip,3.0,evasion
0.10484533260333974,0.25,132713,non_flipped,rf,path_strip,3.0,evasion
0.3983027648508076,0.25,228364,non_flipped,rf,path_strip,3.0,evasion
0.5225841773884479,0.6666666666666666,218381,non_flipped,rf,path_strip,3.0,evasion
0.13057760744593486,0.6666666666666666,79599,non_flipped,rf,path_strip,3.0,evasion
0.5926635641938133,0.42857142857142855,51953,non_flipped,rf,path_strip,3.0,evasion
0.5943060498220641,0.42857142857142855,23645,non_flipped,rf,path_strip,3.0,evasion
0.5915685737749795,0.42857142857142855,72068,non_flipped,rf,path_strip,3.0,evasion
0.27292636189433345,0.6666666666666666,82781,non_flipped,rf,path_strip,3.0,evasion
0.48097454147276225,0.42857142857142855,112954,non_flipped,rf,path_strip,3.0,evasion
0.05173829728989872,0.42857142857142855,28347,non_flipped,rf,path_strip,3.0,evasion
0.5822611552148919,0.42857142857142855,113175,non_flipped,rf,path_strip,3.0,evasion
0.06706816315357243,0.6666666666666666,174158,non_flipped,rf,path_strip,3.0,evasion
0.22638926909389542,0.6666666666666666,219494,non_flipped,rf,path_strip,3.0,evasion
0.5986860114973995,0.42857142857142855,155088,non_flipped,rf,path_strip,3.0,evasion
0.548316452231043,0.6666666666666666,70256,non_flipped,rf,path_strip,3.0,evasion
0.5225841773884479,0.6666666666666666,161385,non_flipped,rf,path_strip,3.0,evasion
0.5767862031207228,0.6666666666666666,94766,non_flipped,rf,path_strip,3.0,evasion
0.6255132767588284,0.42857142857142855,137552,non_flipped,rf,path_strip,3.0,evasion
0.5855461264713934,0.6666666666666666,119827,non_flipped,rf,path_strip,3.0,evasion
0.5762387079113058,0.6666666666666666,43304,non_flipped,rf,path_strip,3.0,evasion
0.19189707090062966,0.42857142857142855,145021,non_flipped,rf,path_strip,3.0,evasion
0.6189433342458254,0.6666666666666666,18121,non_flipped,rf,path_strip,3.0,evasion
0.5297016151108678,0.25,111776,non_flipped,rf,path_strip,3.0,evasion
0.53462907199562,0.42857142857142855,91248,non_flipped,rf,path_strip,3.0,evasion
0.5926635641938133,0.42857142857142855,85637,non_flipped,rf,path_strip,3.0,evasion
0.5138242540377773,1.0,98548,non_flipped,rf,path_strip,3.0,evasion
0.6222283055023269,0.6666666666666666,148531,non_flipped,rf,path_strip,3.0,evasion
0.4108951546673967,0.6666666666666666,19139,non_flipped,rf,path_strip,3.0,evasion
0.4278675061593212,0.6666666666666666,14686,non_flipped,rf,path_strip,3.0,evasion
0.5340815767862032,0.6666666666666666,190895,non_flipped,rf,path_strip,3.0,evasion
0.13933753079660555,0.6666666666666666,154555,non_flipped,rf,path_strip,3.0,evasion
0.4880919791951821,0.6666666666666666,113440,non_flipped,rf,path_strip,3.0,evasion
0.2811387900355872,0.6666666666666666,150857,non_flipped,rf,path_strip,3.0,evasion
0.14262250205310703,0.42857142857142855,188800,non_flipped,rf,path_strip,3.0,evasion
0.5444839857651246,1.0,165750,non_flipped,rf,path_strip,3.0,evasion
0.4990418833835205,0.42857142857142855,30587,non_flipped,rf,path_strip,3.0,evasion
0.4185600875992336,0.42857142857142855,68166,non_flipped,rf,path_strip,3.0,evasion
0.5499589378592937,0.42857142857142855,201033,non_flipped,rf,path_strip,3.0,evasion
0.6266082671776623,0.42857142857142855,135651,non_flipped,rf,path_strip,3.0,evasion
0.5559813851628799,1.0,98196,non_flipped,rf,path_strip,3.0,evasion
0.5329865863673693,0.6666666666666666,164204,non_flipped,rf,path_strip,3.0,evasion
0.628250752805913,0.42857142857142855,231502,non_flipped,rf,path_strip,3.0,evasion
0.22200930741856012,0.6666666666666666,182396,non_flipped,rf,path_strip,3.0,evasion
0.6249657815494115,0.6666666666666666,179710,non_flipped,rf,path_strip,3.0,evasion
0.39118532712838766,0.6666666666666666,53496,non_flipped,rf,path_strip,3.0,evasion
0.1382425403777717,0.25,223884,non_flipped,rf,path_strip,3.0,evasion
0.62879824801533,0.42857142857142855,25355,non_flipped,rf,path_strip,3.0,evasion
0.5926635641938133,0.42857142857142855,98743,non_flipped,rf,path_strip,3.0,evasion
0.5926635641938133,0.42857142857142855,140940,non_flipped,rf,path_strip,3.0,evasion
0.17930468108404055,0.6666666666666666,56536,non_flipped,rf,path_strip,3.0,evasion
0.4574322474678347,0.6666666666666666,57626,non_flipped,rf,path_strip,3.0,evasion
0.3917328223378046,0.6666666666666666,151647,non_flipped,rf,path_strip,3.0,evasion
0.5521489186969614,1.0,56559,non_flipped,rf,path_strip,3.0,evasion
0.6255132767588284,0.6666666666666666,228703,non_flipped,rf,path_strip,3.0,evasion
0.62879824801533,0.6666666666666666,26195,non_flipped,rf,path_strip,3.0,evasion
0.5921160689843964,0.6666666666666666,59878,non_flipped,rf,path_strip,3.0,evasion
0.5132767588283604,1.0,121829,non_flipped,rf,path_strip,3.0,evasion
0.5718587462359705,1.0,180181,non_flipped,rf,path_strip,3.0,evasion
0.5127292636189434,0.6666666666666666,112732,non_flipped,rf,path_strip,3.0,evasion
0.5614563372570491,0.42857142857142855,26175,non_flipped,rf,path_strip,3.0,evasion
0.38023542294004936,0.42857142857142855,91083,non_flipped,rf,path_strip,3.0,evasion
0.38406788940596776,0.42857142857142855,114706,non_flipped,rf,path_strip,3.0,evasion
0.5926635641938133,0.42857142857142855,201060,non_flipped,rf,path_strip,3.0,evasion
0.4990418833835205,0.42857142857142855,67989,non_flipped,rf,path_strip,3.0,evasion
0.12127018888584726,0.25,9843,non_flipped,rf,path_strip,3.0,evasion
0.3003011223651793,0.42857142857142855,26126,non_flipped,rf,path_strip,3.0,evasion
0.6277032575964961,0.42857142857142855,896,non_flipped,rf,path_strip,3.0,evasion
0.5390090336709554,0.42857142857142855,6046,non_flipped,rf,path_strip,3.0,evasion
0.1502874349849439,0.42857142857142855,193429,non_flipped,rf,path_strip,3.0,evasion
0.5975910210785657,1.0,87629,non_flipped,rf,path_strip,3.0,evasion
0.6277032575964961,0.42857142857142855,117406,non_flipped,rf,path_strip,3.0,evasion
0.5488639474404599,0.42857142857142855,33859,non_flipped,rf,path_strip,3.0,evasion
0.5756912127018889,0.42857142857142855,210693,non_flipped,rf,path_strip,3.0,evasion
0.601970982753901,0.42857142857142855,184374,non_flipped,rf,path_strip,3.0,evasion
0.4913769504516836,0.42857142857142855,200924,non_flipped,rf,path_strip,3.0,evasion
0.628250752805913,0.42857142857142855,171657,non_flipped,rf,path_strip,3.0,evasion
0.548316452231043,0.6666666666666666,53618,non_flipped,rf,path_strip,3.0,evasion
0.5762387079113058,0.42857142857142855,154649,non_flipped,rf,path_strip,3.0,evasion
0.31891595948535456,0.25,73729,non_flipped,rf,path_strip,3.0,evasion
0.6266082671776623,0.6666666666666666,104927,non_flipped,rf,path_strip,3.0,evasion
0.5225841773884479,0.6666666666666666,220747,non_flipped,rf,path_strip,3.0,evasion
0.6255132767588284,0.42857142857142855,77046,non_flipped,rf,path_strip,3.0,evasion
0.3895428415001369,0.25,105031,non_flipped,rf,path_strip,3.0,evasion
0.547768957021626,0.6666666666666666,25858,non_flipped,rf,path_strip,3.0,evasion
0.5860936216808104,0.42857142857142855,192313,non_flipped,rf,path_strip,3.0,evasion
0.5242266630166987,0.6666666666666666,168800,non_flipped,rf,path_strip,3.0,evasion
0.17382972898987134,0.6666666666666666,42652,non_flipped,rf,path_strip,3.0,evasion
0.31891595948535456,0.42857142857142855,79953,non_flipped,rf,path_strip,3.0,evasion
0.302491103202847,0.6666666666666666,90215,non_flipped,rf,path_strip,3.0,evasion
0.5981385162879826,0.42857142857142855,72844,non_flipped,rf,path_strip,3.0,evasion
0.4798795510539284,0.42857142857142855,87677,non_flipped,rf,path_strip,3.0,evasion
0.5242266630166987,0.42857142857142855,87004,non_flipped,rf,path_strip,3.0,evasion
0.37695045168354785,0.25,146925,non_flipped,rf,path_strip,3.0,evasion
0.43060498220640575,0.6666666666666666,127640,non_flipped,rf,path_strip,3.0,evasion
0.057213249384067896,0.6666666666666666,80762,non_flipped,rf,path_strip,3.0,evasion
0.5340815767862032,0.6666666666666666,96081,non_flipped,rf,path_strip,3.0,evasion
0.3479332055844511,0.6666666666666666,124562,non_flipped,rf,path_strip,3.0,evasion
0.6266082671776623,0.42857142857142855,220929,non_flipped,rf,path_strip,3.0,evasion
0.5899260881467288,0.42857142857142855,176287,non_flipped,rf,path_strip,3.0,evasion
0.0035587188612099647,0.25,17754,non_flipped,rf,path_strip,3.0,evasion
0.6271557623870792,0.42857142857142855,155728,non_flipped,rf,path_strip,3.0,evasion
0.628250752805913,0.42857142857142855,111610,non_flipped,rf,path_strip,3.0,evasion
0.5784286887489735,0.6666666666666666,224419,non_flipped,rf,path_strip,3.0,evasion
0.5078018067341911,0.42857142857142855,231110,non_flipped,rf,path_strip,3.0,evasion
0.5214891869696141,0.42857142857142855,65621,non_flipped,rf,path_strip,3.0,evasion
0.62879824801533,0.6666666666666666,205759,non_flipped,rf,path_strip,3.0,evasion
0.5565288803722969,0.42857142857142855,35684,non_flipped,rf,path_strip,3.0,evasion
0.49356693128935125,0.42857142857142855,204088,non_flipped,rf,path_strip,3.0,evasion
0.5357240624144539,0.42857142857142855,63526,non_flipped,rf,path_strip,3.0,evasion
0.37038050917054477,0.6666666666666666,146556,non_flipped,rf,path_strip,3.0,evasion
0.4875444839857652,0.42857142857142855,105271,non_flipped,rf,path_strip,3.0,evasion
0.4081576786203121,0.42857142857142855,66682,non_flipped,rf,path_strip,3.0,evasion
0.14864494935669315,0.6666666666666666,222438,non_flipped,rf,path_strip,3.0,evasion
0.5192992061319465,0.42857142857142855,92330,non_flipped,rf,path_strip,3.0,evasion
0.5187517109225295,0.6666666666666666,178301,non_flipped,rf,path_strip,3.0,evasion
0.40377771694497677,0.42857142857142855,135788,non_flipped,rf,path_strip,3.0,evasion
-0.11251026553517658,0.42857142857142855,230224,non_flipped,rf,path_strip,3.0,evasion
0.5767862031207228,0.42857142857142855,53237,non_flipped,rf,path_strip,3.0,evasion
0.5926635641938133,0.42857142857142855,200475,non_flipped,rf,path_strip,3.0,evasion
0.4919244456611006,0.6666666666666666,143551,non_flipped,rf,path_strip,3.0,evasion
0.2570490008212429,0.6666666666666666,61018,non_flipped,rf,path_strip,3.0,evasion
0.594853545031481,0.42857142857142855,123643,non_flipped,rf,path_strip,3.0,evasion
0.4869969887763482,0.42857142857142855,193197,non_flipped,rf,path_strip,3.0,evasion
0.6266082671776623,0.6666666666666666,214313,non_flipped,rf,path_strip,3.0,evasion
0.5986860114973995,0.42857142857142855,178813,non_flipped,rf,path_strip,3.0,evasion
0.2083219271831372,0.42857142857142855,194496,non_flipped,rf,path_strip,3.0,evasion
0.10101286613742132,0.6666666666666666,75615,non_flipped,rf,path_strip,3.0,evasion
0.5970435258691488,0.42857142857142855,96232,non_flipped,rf,path_strip,3.0,evasion
-0.18258965234054203,0.42857142857142855,221468,non_flipped,rf,path_strip,3.0,evasion
0.3709280043799617,0.42857142857142855,203606,non_flipped,rf,path_strip,3.0,evasion
0.5926635641938133,0.42857142857142855,25046,non_flipped,rf,path_strip,3.0,evasion
0.6271557623870792,0.42857142857142855,97048,non_flipped,rf,path_strip,3.0,evasion
0.3977552696413907,0.42857142857142855,122859,non_flipped,rf,path_strip,3.0,evasion
0.05447577333698331,1.0,88476,non_flipped,rf,path_strip,3.0,evasion
0.4360799343005749,0.6666666666666666,65873,non_flipped,rf,path_strip,3.0,evasion
0.44812482890774713,0.6666666666666666,41531,non_flipped,rf,path_strip,3.0,evasion
0.462359704352587,0.42857142857142855,70807,non_flipped,rf,path_strip,3.0,evasion
0.5614563372570491,0.6666666666666666,16176,non_flipped,rf,path_strip,3.0,evasion
0.47330960854092535,0.42857142857142855,149437,non_flipped,rf,path_strip,3.0,evasion
0.5915685737749795,0.42857142857142855,21460,non_flipped,rf,path_strip,3.0,evasion
0.35833561456337265,0.6666666666666666,171888,non_flipped,rf,path_strip,3.0,evasion
0.5992335067068165,0.6666666666666666,227188,non_flipped,rf,path_strip,3.0,evasion
0.5630988228852998,0.42857142857142855,27243,non_flipped,rf,path_strip,3.0,evasion
0.6260607719682453,1.0,49313,non_flipped,rf,path_strip,3.0,evasion
0.5329865863673693,0.6666666666666666,109418,non_flipped,rf,path_strip,3.0,evasion
0.5778811935395566,0.6666666666666666,5846,non_flipped,rf,path_strip,3.0,evasion
0.2400766493293184,0.6666666666666666,116183,non_flipped,rf,path_strip,3.0,evasion
0.4990418833835205,0.42857142857142855,218338,non_flipped,rf,path_strip,3.0,evasion
0.11360525595401041,0.42857142857142855,2009,non_flipped,rf,path_strip,3.0,evasion
0.628250752805913,0.42857142857142855,233321,non_flipped,rf,path_strip,3.0,evasion
0.6293457432247468,0.42857142857142855,11714,non_flipped,rf,path_strip,3.0,evasion
0.4557897618395839,1.0,52820,non_flipped,rf,path_strip,3.0,evasion
0.5926635641938133,0.42857142857142855,221355,non_flipped,rf,path_strip,3.0,evasion
0.5986860114973995,0.6666666666666666,114310,non_flipped,rf,path_strip,3.0,evasion
0.12400766493293187,0.6666666666666666,80608,non_flipped,rf,path_strip,3.0,evasion
0.5849986312619765,0.42857142857142855,94116,non_flipped,rf,path_strip,3.0,evasion
0.5641938133041337,0.6666666666666666,194184,non_flipped,rf,path_strip,3.0,evasion
0.29701615110867785,0.42857142857142855,186982,non_flipped,rf,path_strip,3.0,evasion
0.16780728168628528,0.42857142857142855,183818,non_flipped,rf,path_strip,3.0,evasion
0.5904735833561456,0.42857142857142855,198373,non_flipped,rf,path_strip,3.0,evasion
0.13003011223651795,0.42857142857142855,231025,non_flipped,rf,path_strip,3.0,evasion
0.5302491103202848,0.42857142857142855,127441,non_flipped,rf,path_strip,3.0,evasion
0.07035313441007392,0.6666666666666666,219023,non_flipped,rf,path_strip,3.0,evasion
0.5839036408431427,0.6666666666666666,58439,non_flipped,rf,path_strip,3.0,evasion
0.6277032575964961,0.42857142857142855,166478,non_flipped,rf,path_strip,3.0,evasion
0.53462907199562,0.42857142857142855,99881,non_flipped,rf,path_strip,3.0,evasion
0.5828086504243088,0.42857142857142855,184450,non_flipped,rf,path_strip,3.0,evasion
0.22693676430331236,0.42857142857142855,4814,non_flipped,rf,path_strip,3.0,evasion
0.6293457432247468,0.42857142857142855,175139,non_flipped,rf,path_strip,3.0,evasion
0.282781275663838,0.42857142857142855,110670,non_flipped,rf,path_strip,3.0,evasion
0.5362715576238709,0.42857142857142855,231038,non_flipped,rf,path_strip,3.0,evasion
0.15849986312619765,0.42857142857142855,107813,non_flipped,rf,path_strip,3.0,evasion
0.6233232959211608,0.42857142857142855,196394,non_flipped,rf,path_strip,3.0,evasion
0.1601423487544484,0.42857142857142855,12934,non_flipped,rf,path_strip,3.0,evasion
0.3419107582808651,0.42857142857142855,115912,non_flipped,rf,path_strip,3.0,evasion
0.5926635641938133,0.42857142857142855,180432,non_flipped,rf,path_strip,3.0,evasion
0.40323022173555984,0.25,38419,non_flipped,rf,path_strip,3.0,evasion
0.3616205858198741,0.42857142857142855,23287,non_flipped,rf,path_strip,3.0,evasion
0.42020257322748433,0.6666666666666666,36889,non_flipped,rf,path_strip,3.0,evasion
0.035313441007391186,0.42857142857142855,225681,non_flipped,rf,path_strip,3.0,evasion
0.628250752805913,0.42857142857142855,56710,non_flipped,rf,path_strip,3.0,evasion
0.5225841773884479,0.6666666666666666,160853,non_flipped,rf,path_strip,3.0,evasion
0.5713112510265536,0.6666666666666666,127414,non_flipped,rf,path_strip,3.0,evasion
0.5921160689843964,0.42857142857142855,108711,non_flipped,rf,path_strip,3.0,evasion
0.5975910210785657,0.42857142857142855,181436,non_flipped,rf,path_strip,3.0,evasion
0.5915685737749795,0.42857142857142855,97203,non_flipped,rf,path_strip,3.0,evasion
0.12674514098001646,0.6666666666666666,14149,non_flipped,rf,path_strip,3.0,evasion
0.5926635641938133,0.42857142857142855,213170,non_flipped,rf,path_strip,3.0,evasion
0.30906104571585,0.42857142857142855,43234,non_flipped,rf,path_strip,3.0,evasion
0.5450314809745415,0.42857142857142855,140729,non_flipped,rf,path_strip,3.0,evasion
0.13003011223651795,0.42857142857142855,77330,non_flipped,rf,path_strip,3.0,evasion
0.5411990145086231,0.42857142857142855,40876,non_flipped,rf,path_strip,3.0,evasion
0.5625513276758829,0.42857142857142855,127932,non_flipped,rf,path_strip,3.0,evasion
0.5915685737749795,0.42857142857142855,208644,non_flipped,rf,path_strip,3.0,evasion
0.349028196003285,0.42857142857142855,188200,non_flipped,rf,path_strip,3.0,evasion
0.5767862031207228,0.6666666666666666,213861,non_flipped,rf,path_strip,3.0,evasion
0.5499589378592937,0.42857142857142855,11460,non_flipped,rf,path_strip,3.0,evasion
0.5904735833561456,0.42857142857142855,202356,non_flipped,rf,path_strip,3.0,evasion
0.4147276211333151,0.6666666666666666,197365,non_flipped,rf,path_strip,3.0,evasion
0.3293183684642759,0.42857142857142855,41799,non_flipped,rf,path_strip,3.0,evasion
0.5899260881467288,0.42857142857142855,105096,non_flipped,rf,path_strip,3.0,evasion
-0.13003011223651795,0.42857142857142855,140044,non_flipped,rf,path_strip,3.0,evasion
0.5767862031207228,0.42857142857142855,225560,non_flipped,rf,path_strip,3.0,evasion
0.5023268546400219,0.42857142857142855,147235,non_flipped,rf,path_strip,3.0,evasion
0.3254859019983576,0.6666666666666666,216586,non_flipped,rf,path_strip,3.0,evasion
0.5406515192992062,0.42857142857142855,131696,non_flipped,rf,path_strip,3.0,evasion
0.5833561456337257,0.42857142857142855,174908,non_flipped,rf,path_strip,3.0,evasion
0.5570763755817137,0.6666666666666666,179255,non_flipped,rf,path_strip,3.0,evasion
0.5510539282781276,0.42857142857142855,178694,non_flipped,rf,path_strip,3.0,evasion
0.5116342732001096,0.42857142857142855,100378,non_flipped,rf,path_strip,3.0,evasion
0.5866411168902272,0.42857142857142855,167657,non_flipped,rf,path_strip,3.0,evasion
0.62168081029291,0.42857142857142855,30502,non_flipped,rf,path_strip,3.0,evasion
0.6036134683821517,0.6666666666666666,91231,non_flipped,rf,path_strip,3.0,evasion
0.40104024089789225,0.42857142857142855,71628,non_flipped,rf,path_strip,3.0,evasion
0.1869696140158774,0.42857142857142855,42910,non_flipped,rf,path_strip,3.0,evasion
0.5242266630166987,0.25,210530,non_flipped,rf,path_strip,3.0,evasion
0.4262250205310704,0.42857142857142855,39701,non_flipped,rf,path_strip,3.0,evasion
0.6200383246646592,0.6666666666666666,145821,non_flipped,rf,path_strip,3.0,evasion
0.3742129756364632,0.42857142857142855,111038,non_flipped,rf,path_strip,3.0,evasion
0.28989871338625794,0.6666666666666666,115933,non_flipped,rf,path_strip,3.0,evasion
0.48480700793868065,0.6666666666666666,225172,non_flipped,rf,path_strip,3.0,evasion
0.04626334519572954,0.42857142857142855,133050,non_flipped,rf,path_strip,3.0,evasion
0.4869969887763482,0.42857142857142855,66051,non_flipped,rf,path_strip,3.0,evasion
0.535176567205037,0.42857142857142855,220606,non_flipped,rf,path_strip,3.0,evasion
0.5466739666027923,0.6666666666666666,14112,non_flipped,rf,path_strip,3.0,evasion
0.09991787571858747,0.42857142857142855,129692,non_flipped,rf,path_strip,3.0,evasion
0.3785929373117986,0.42857142857142855,193218,non_flipped,rf,path_strip,3.0,evasion
0.628250752805913,0.42857142857142855,33739,non_flipped,rf,path_strip,3.0,evasion
0.4240350396934027,0.6666666666666666,114035,non_flipped,rf,path_strip,3.0,evasion
0.4744045989597591,0.42857142857142855,109974,non_flipped,rf,path_strip,3.0,evasion
0.5724062414453874,0.42857142857142855,3174,non_flipped,rf,path_strip,3.0,evasion
0.628250752805913,0.42857142857142855,13669,non_flipped,rf,path_strip,3.0,evasion
0.3977552696413907,1.0,87771,non_flipped,rf,path_strip,3.0,evasion
0.5970435258691488,1.0,21609,non_flipped,rf,path_strip,3.0,evasion
-0.07692307692307693,0.6666666666666666,140192,non_flipped,rf,path_strip,3.0,evasion
0.1382425403777717,0.25,227488,non_flipped,rf,path_strip,3.0,evasion
0.475499589378593,1.0,85802,non_flipped,rf,path_strip,3.0,evasion
0.5871886120996442,0.42857142857142855,227348,non_flipped,rf,path_strip,3.0,evasion
0.3074185600875992,0.42857142857142855,22173,non_flipped,rf,path_strip,3.0,evasion
0.4886394744045991,0.42857142857142855,218905,non_flipped,rf,path_strip,3.0,evasion
0.6255132767588284,0.6666666666666666,184850,non_flipped,rf,path_strip,3.0,evasion
-0.001368738023542294,0.42857142857142855,177851,non_flipped,rf,path_strip,3.0,evasion
0.49794689296468664,0.42857142857142855,8748,non_flipped,rf,path_strip,3.0,evasion
0.5718587462359705,1.0,190152,non_flipped,rf,path_strip,3.0,evasion
0.4169176019709828,0.6666666666666666,3531,non_flipped,rf,path_strip,3.0,evasion
0.6293457432247468,0.6666666666666666,162342,non_flipped,rf,path_strip,3.0,evasion
0.4760470845880099,0.6666666666666666,43182,non_flipped,rf,path_strip,3.0,evasion
0.2723788666849165,0.6666666666666666,212005,non_flipped,rf,path_strip,3.0,evasion
0.5214891869696141,0.42857142857142855,94941,non_flipped,rf,path_strip,3.0,evasion
0.5926635641938133,0.42857142857142855,37426,non_flipped,rf,path_strip,3.0,evasion
0.21324938406788943,0.42857142857142855,161085,non_flipped,rf,path_strip,3.0,evasion
0.5494114426498768,0.42857142857142855,60509,non_flipped,rf,path_strip,3.0,evasion
0.47495209416917605,0.42857142857142855,195003,non_flipped,rf,path_strip,3.0,evasion
0.5910210785655626,0.6666666666666666,4313,non_flipped,rf,path_strip,3.0,evasion
0.5828086504243088,0.42857142857142855,204351,non_flipped,rf,path_strip,3.0,evasion
0.5214891869696141,0.42857142857142855,175820,non_flipped,rf,path_strip,3.0,evasion
0.37530796605529704,0.6666666666666666,6094,non_flipped,rf,path_strip,3.0,evasion
0.5866411168902272,1.0,215006,non_flipped,rf,path_strip,3.0,evasion
0.5970435258691488,0.42857142857142855,28101,non_flipped,rf,path_strip,3.0,evasion
0.2088694223925541,0.6666666666666666,131256,non_flipped,rf,path_strip,3.0,evasion
0.4760470845880099,0.6666666666666666,154381,non_flipped,rf,path_strip,3.0,evasion
0.5926635641938133,0.42857142857142855,197554,non_flipped,rf,path_strip,3.0,evasion
0.628250752805913,0.42857142857142855,53784,non_flipped,rf,path_strip,3.0,evasion
0.5964960306597318,0.42857142857142855,149349,non_flipped,rf,path_strip,3.0,evasion
0.5105392827812757,0.25,162172,non_flipped,rf,path_strip,3.0,evasion
0.6255132767588284,1.0,190801,non_flipped,rf,path_strip,3.0,evasion
0.5986860114973995,0.6666666666666666,44379,non_flipped,rf,path_strip,3.0,evasion
0.5910210785655626,0.42857142857142855,172741,non_flipped,rf,path_strip,3.0,evasion
0.4650971803996716,0.6666666666666666,49250,non_flipped,rf,path_strip,3.0,evasion
0.5505064330687107,0.6666666666666666,19734,non_flipped,rf,path_strip,3.0,evasion
0.35067068163153575,0.25,162017,non_flipped,rf,path_strip,3.0,evasion
0.37038050917054477,0.42857142857142855,64533,non_flipped,rf,path_strip,3.0,evasion
0.4333424582534903,0.42857142857142855,135310,non_flipped,rf,path_strip,3.0,evasion
0.5839036408431427,0.42857142857142855,58582,non_flipped,rf,path_strip,3.0,evasion
0.05940323022173556,0.6666666666666666,193356,non_flipped,rf,path_strip,3.0,evasion
0.4470298384889133,0.6666666666666666,122926,non_flipped,rf,path_strip,3.0,evasion
0.27402135231316727,0.42857142857142855,87625,non_flipped,rf,path_strip,3.0,evasion
0.5565288803722969,0.6666666666666666,220595,non_flipped,rf,path_strip,3.0,evasion
0.3660005474952095,0.42857142857142855,156719,non_flipped,rf,path_strip,3.0,evasion
0.3796879277306324,0.6666666666666666,86244,non_flipped,rf,path_strip,3.0,evasion
0.6255132767588284,0.42857142857142855,40277,non_flipped,rf,path_strip,3.0,evasion
0.2619764577059951,0.42857142857142855,108406,non_flipped,rf,path_strip,3.0,evasion
0.22200930741856012,0.6666666666666666,17881,non_flipped,rf,path_strip,3.0,evasion
0.4212975636463182,0.6666666666666666,184408,non_flipped,rf,path_strip,3.0,evasion
0.5329865863673693,0.6666666666666666,59527,non_flipped,rf,path_strip,3.0,evasion
0.501231864221188,1.0,153966,non_flipped,rf,path_strip,3.0,evasion
0.5778811935395566,0.42857142857142855,30970,non_flipped,rf,path_strip,3.0,evasion
0.38187790856830006,0.42857142857142855,228368,non_flipped,rf,path_strip,3.0,evasion
0.38187790856830006,0.42857142857142855,192876,non_flipped,rf,path_strip,3.0,evasion
0.18915959485354505,0.42857142857142855,130840,non_flipped,rf,path_strip,3.0,evasion
0.5088967971530249,0.42857142857142855,43201,non_flipped,rf,path_strip,3.0,evasion
0.5565288803722969,1.0,187053,non_flipped,rf,path_strip,3.0,evasion
0.6244182863399946,1.0,108053,non_flipped,rf,path_strip,3.0,evasion
-0.12291267451409803,0.42857142857142855,36943,non_flipped,rf,path_strip,3.0,evasion
0.5926635641938133,0.42857142857142855,210425,non_flipped,rf,path_strip,3.0,evasion
0.49356693128935125,0.25,85037,non_flipped,rf,path_strip,3.0,evasion
0.11086777990692584,0.42857142857142855,209145,non_flipped,rf,path_strip,3.0,evasion
-0.1716397481522037,0.6666666666666666,66016,non_flipped,rf,path_strip,3.0,evasion
0.36107309061045717,0.42857142857142855,65908,non_flipped,rf,path_strip,3.0,evasion
0.25759649603065976,0.42857142857142855,25830,non_flipped,rf,path_strip,3.0,evasion
0.501231864221188,0.42857142857142855,141170,non_flipped,rf,path_strip,3.0,evasion
0.5395565288803724,0.42857142857142855,59660,non_flipped,rf,path_strip,3.0,evasion
0.41253764029564743,0.6666666666666666,143101,non_flipped,rf,path_strip,3.0,evasion
0.6233232959211608,0.42857142857142855,100990,non_flipped,rf,path_strip,3.0,evasion
0.4995893785929374,0.42857142857142855,84342,non_flipped,rf,path_strip,3.0,evasion
-0.06433068710648782,0.42857142857142855,55992,non_flipped,rf,path_strip,3.0,evasion
0.5943060498220641,0.42857142857142855,107120,non_flipped,rf,path_strip,3.0,evasion
0.2066794415548864,0.42857142857142855,138476,non_flipped,rf,path_strip,3.0,evasion
0.5975910210785657,1.0,77389,non_flipped,rf,path_strip,3.0,evasion
0.4919244456611006,0.42857142857142855,83947,non_flipped,rf,path_strip,3.0,evasion
0.6293457432247468,0.42857142857142855,120768,non_flipped,rf,path_strip,3.0,evasion
0.628250752805913,0.6666666666666666,162675,non_flipped,rf,path_strip,3.0,evasion
0.5132767588283604,0.6666666666666666,61379,non_flipped,rf,path_strip,3.0,evasion
0.0385984122638927,0.6666666666666666,109174,non_flipped,rf,path_strip,3.0,evasion
0.5329865863673693,0.6666666666666666,200081,non_flipped,rf,path_strip,3.0,evasion
0.5603613468382153,0.6666666666666666,152357,non_flipped,rf,path_strip,3.0,evasion
0.5839036408431427,0.42857142857142855,78671,non_flipped,rf,path_strip,3.0,evasion
0.5981385162879826,0.42857142857142855,82548,non_flipped,rf,path_strip,3.0,evasion
0.4984943881741035,0.6666666666666666,213585,non_flipped,rf,path_strip,3.0,evasion
0.48644949356693135,0.6666666666666666,231427,non_flipped,rf,path_strip,3.0,evasion
0.5910210785655626,0.42857142857142855,62849,non_flipped,rf,path_strip,3.0,evasion
0.5849986312619765,0.6666666666666666,66262,non_flipped,rf,path_strip,3.0,evasion
0.3419107582808651,0.42857142857142855,74477,non_flipped,rf,path_strip,3.0,evasion
0.628250752805913,0.6666666666666666,165674,non_flipped,rf,path_strip,3.0,evasion
0.149739939775527,0.6666666666666666,161805,non_flipped,rf,path_strip,3.0,evasion
0.6298932384341637,1.0,41583,non_flipped,rf,path_strip,3.0,evasion
0.501779359430605,0.6666666666666666,160972,non_flipped,rf,path_strip,3.0,evasion
0.3731179852176294,0.42857142857142855,62572,non_flipped,rf,path_strip,3.0,evasion
0.5127292636189434,0.6666666666666666,152780,non_flipped,rf,path_strip,3.0,evasion
0.6266082671776623,0.42857142857142855,138292,non_flipped,rf,path_strip,3.0,evasion
0.5094442923624418,0.6666666666666666,98335,non_flipped,rf,path_strip,3.0,evasion
0.5335340815767863,0.6666666666666666,61244,non_flipped,rf,path_strip,3.0,evasion
0.33041335888310985,0.6666666666666666,59649,non_flipped,rf,path_strip,3.0,evasion
0.5225841773884479,0.6666666666666666,6546,non_flipped,rf,path_strip,3.0,evasion
0.6260607719682453,0.6666666666666666,46966,non_flipped,rf,path_strip,3.0,evasion
0.5926635641938133,0.42857142857142855,232980,non_flipped,rf,path_strip,3.0,evasion
0.522036682179031,0.42857142857142855,225753,non_flipped,rf,path_strip,3.0,evasion
0.5313441007391186,0.42857142857142855,226419,non_flipped,rf,path_strip,3.0,evasion
0.5926635641938133,0.42857142857142855,109131,non_flipped,rf,path_strip,3.0,evasion
0.5975910210785657,0.42857142857142855,155966,non_flipped,rf,path_strip,3.0,evasion
0.05447577333698331,0.6666666666666666,4819,non_flipped,rf,path_strip,3.0,evasion
0.5926635641938133,0.42857142857142855,203828,non_flipped,rf,path_strip,3.0,evasion
0.5915685737749795,0.6666666666666666,65119,non_flipped,rf,path_strip,3.0,evasion
0.5789761839583905,0.42857142857142855,108275,non_flipped,rf,path_strip,3.0,evasion
-0.001368738023542294,0.42857142857142855,59772,non_flipped,rf,path_strip,3.0,evasion
0.4464823432794964,0.6666666666666666,177255,non_flipped,rf,path_strip,3.0,evasion
0.3599781001916234,0.42857142857142855,217989,non_flipped,rf,path_strip,3.0,evasion
0.3320558445113606,0.6666666666666666,123663,non_flipped,rf,path_strip,3.0,evasion
0.6162058581987409,1.0,55458,non_flipped,rf,path_strip,3.0,evasion
0.5691212701888859,0.6666666666666666,180935,non_flipped,rf,path_strip,3.0,evasion
0.12619764577059953,0.6666666666666666,117376,non_flipped,rf,path_strip,3.0,evasion
0.6266082671776623,0.6666666666666666,144683,non_flipped,rf,path_strip,3.0,evasion
0.49301943607993437,0.6666666666666666,44247,non_flipped,rf,path_strip,3.0,evasion
0.11360525595401041,0.42857142857142855,182480,non_flipped,rf,path_strip,3.0,evasion
0.23350670681631538,0.6666666666666666,44679,non_flipped,rf,path_strip,3.0,evasion
0.5209416917601972,0.6666666666666666,65343,non_flipped,rf,path_strip,3.0,evasion
0.5340815767862032,0.6666666666666666,123590,non_flipped,rf,path_strip,3.0,evasion
0.6260607719682453,0.42857142857142855,196053,non_flipped,rf,path_strip,3.0,evasion
0.5926635641938133,0.42857142857142855,186679,non_flipped,rf,path_strip,3.0,evasion
0.23350670681631538,1.0,96692,non_flipped,rf,path_strip,3.0,evasion
0.4886394744045991,0.42857142857142855,81628,non_flipped,rf,path_strip,3.0,evasion
0.1322200930741856,1.0,56046,non_flipped,rf,path_strip,3.0,evasion
0.38680536545305233,0.42857142857142855,44827,non_flipped,rf,path_strip,3.0,evasion
0.09115795236791678,0.42857142857142855,150247,non_flipped,rf,path_strip,3.0,evasion
0.17054475773336986,0.6666666666666666,47559,non_flipped,rf,path_strip,3.0,evasion
0.5329865863673693,0.6666666666666666,51447,non_flipped,rf,path_strip,3.0,evasion
0.5981385162879826,1.0,50479,non_flipped,rf,path_strip,3.0,evasion
0.08951546673966604,0.6666666666666666,129323,non_flipped,rf,path_strip,3.0,evasion
0.5198467013413633,0.42857142857142855,195843,non_flipped,rf,path_strip,3.0,evasion
0.5921160689843964,0.42857142857142855,72549,non_flipped,rf,path_strip,3.0,evasion
0.5455789761839585,0.6666666666666666,22923,non_flipped,rf,path_strip,3.0,evasion
0.5116342732001096,0.6666666666666666,90156,non_flipped,rf,path_strip,3.0,evasion
0.5050643306871065,0.6666666666666666,173875,non_flipped,rf,path_strip,3.0,evasion
0.4508623049548317,0.6666666666666666,194966,non_flipped,rf,path_strip,3.0,evasion
0.5921160689843964,0.42857142857142855,123073,non_flipped,rf,path_strip,3.0,evasion
0.5505064330687107,0.42857142857142855,133236,non_flipped,rf,path_strip,3.0,evasion
0.49301943607993437,0.6666666666666666,53056,non_flipped,rf,path_strip,3.0,evasion
0.5411990145086231,0.6666666666666666,231375,non_flipped,rf,path_strip,3.0,evasion
0.5061593211059404,0.42857142857142855,62444,non_flipped,rf,path_strip,3.0,evasion
0.5329865863673693,0.6666666666666666,178742,non_flipped,rf,path_strip,3.0,evasion
0.3550506433068711,0.6666666666666666,79816,non_flipped,rf,path_strip,3.0,evasion
0.628250752805913,0.42857142857142855,14842,non_flipped,rf,path_strip,3.0,evasion
0.5915685737749795,0.42857142857142855,39293,non_flipped,rf,path_strip,3.0,evasion
0.34574322474678354,0.42857142857142855,59948,non_flipped,rf,path_strip,3.0,evasion
-0.0046537092800438,0.42857142857142855,215209,non_flipped,rf,path_strip,3.0,evasion
0.3605255954010403,0.42857142857142855,52611,non_flipped,rf,path_strip,3.0,evasion
0.1754722146181221,0.42857142857142855,35937,non_flipped,rf,path_strip,3.0,evasion
0.4798795510539284,0.42857142857142855,193872,non_flipped,rf,path_strip,3.0,evasion
0.5926635641938133,0.42857142857142855,25188,non_flipped,rf,path_strip,3.0,evasion
0.62879824801533,0.42857142857142855,75464,non_flipped,rf,path_strip,3.0,evasion
0.5439364905557077,0.6666666666666666,94014,non_flipped,rf,path_strip,3.0,evasion
0.09444292362441829,0.6666666666666666,176127,non_flipped,rf,path_strip,3.0,evasion
0.5209416917601972,0.42857142857142855,116812,non_flipped,rf,path_strip,3.0,evasion
0.5581713660005476,0.6666666666666666,98056,non_flipped,rf,path_strip,3.0,evasion
0.6277032575964961,0.42857142857142855,41334,non_flipped,rf,path_strip,3.0,evasion
0.5926635641938133,0.42857142857142855,232462,non_flipped,rf,path_strip,3.0,evasion
0.5225841773884479,0.6666666666666666,127519,non_flipped,rf,path_strip,3.0,evasion
0.4990418833835205,0.42857142857142855,1115,non_flipped,rf,path_strip,3.0,evasion
0.5926635641938133,0.42857142857142855,193566,non_flipped,rf,path_strip,3.0,evasion
0.4875444839857652,0.6666666666666666,148361,non_flipped,rf,path_strip,3.0,evasion
0.6266082671776623,0.42857142857142855,114834,non_flipped,rf,path_strip,3.0,evasion
0.33260333972077755,0.6666666666666666,234221,non_flipped,rf,path_strip,3.0,evasion
0.5335340815767863,0.42857142857142855,34259,non_flipped,rf,path_strip,3.0,evasion
0.4163701067615659,0.6666666666666666,198708,non_flipped,rf,path_strip,3.0,evasion
0.501779359430605,0.42857142857142855,150171,non_flipped,rf,path_strip,3.0,evasion
0.5910210785655626,0.42857142857142855,78144,non_flipped,rf,path_strip,3.0,evasion
0.62879824801533,0.6666666666666666,83065,non_flipped,rf,path_strip,3.0,evasion
0.28989871338625794,0.6666666666666666,154491,non_flipped,rf,path_strip,3.0,evasion
0.5433889953462908,0.42857142857142855,164248,non_flipped,rf,path_strip,3.0,evasion
0.5981385162879826,0.42857142857142855,22349,non_flipped,rf,path_strip,3.0,evasion
0.4404598959759103,0.6666666666666666,145753,non_flipped,rf,path_strip,3.0,evasion
0.4590747330960855,0.6666666666666666,115956,non_flipped,rf,path_strip,3.0,evasion
0.5242266630166987,0.42857142857142855,36766,non_flipped,rf,path_strip,3.0,evasion
0.5932110594032303,1.0,34279,non_flipped,rf,path_strip,3.0,evasion
0.5926635641938133,0.42857142857142855,37561,non_flipped,rf,path_strip,3.0,evasion
0.5702162606077197,1.0,15459,non_flipped,rf,path_strip,3.0,evasion
-0.2510265535176568,0.25,227603,non_flipped,rf,path_strip,3.0,evasion
0.45031480974541477,0.42857142857142855,196183,non_flipped,rf,path_strip,3.0,evasion
0.5444839857651246,0.42857142857142855,72497,non_flipped,rf,path_strip,3.0,evasion
0.5088967971530249,0.42857142857142855,63200,non_flipped,rf,path_strip,3.0,evasion
0.48261702710101295,0.6666666666666666,72910,non_flipped,rf,path_strip,3.0,evasion
0.5401040240897893,1.0,91953,non_flipped,rf,path_strip,3.0,evasion
0.5926635641938133,0.42857142857142855,5144,non_flipped,rf,path_strip,3.0,evasion
-0.0358609362168081,0.42857142857142855,142446,non_flipped,rf,path_strip,3.0,evasion
0.5242266630166987,0.42857142857142855,229411,non_flipped,rf,path_strip,3.0,evasion
0.5329865863673693,0.6666666666666666,201770,non_flipped,rf,path_strip,3.0,evasion
0.4404598959759103,1.0,155041,non_flipped,rf,path_strip,3.0,evasion
0.6112784013139886,0.6666666666666666,138731,non_flipped,rf,path_strip,3.0,evasion
0.4081576786203121,0.6666666666666666,163387,non_flipped,rf,path_strip,3.0,evasion
0.5904735833561456,0.42857142857142855,76198,non_flipped,rf,path_strip,3.0,evasion
0.628250752805913,0.42857142857142855,179181,non_flipped,rf,path_strip,3.0,evasion
0.6260607719682453,0.42857142857142855,103118,non_flipped,rf,path_strip,3.0,evasion
0.3742129756364632,0.6666666666666666,60440,non_flipped,rf,path_strip,3.0,evasion
0.5860936216808104,0.42857142857142855,205442,non_flipped,rf,path_strip,3.0,evasion
0.5745962222830551,1.0,99926,non_flipped,rf,path_strip,3.0,evasion
0.2460990966329045,0.25,44233,non_flipped,rf,path_strip,3.0,evasion
0.4886394744045991,0.6666666666666666,123331,non_flipped,rf,path_strip,3.0,evasion
0.48480700793868065,0.6666666666666666,226342,non_flipped,rf,path_strip,3.0,evasion
0.4541472762113332,0.6666666666666666,6198,non_flipped,rf,path_strip,3.0,evasion
0.26471393375307967,0.6666666666666666,150665,non_flipped,rf,path_strip,3.0,evasion
0.3796879277306324,0.42857142857142855,207435,non_flipped,rf,path_strip,3.0,evasion
0.14371749247194088,0.6666666666666666,122417,non_flipped,rf,path_strip,3.0,evasion
0.6244182863399946,1.0,185003,non_flipped,rf,path_strip,3.0,evasion
0.5247741582261156,0.25,78355,non_flipped,rf,path_strip,3.0,evasion
0.4514098001642486,0.6666666666666666,35208,non_flipped,rf,path_strip,3.0,evasion
0.6227758007117438,0.42857142857142855,117047,non_flipped,rf,path_strip,3.0,evasion
0.5548863947440461,0.42857142857142855,180319,non_flipped,rf,path_strip,3.0,evasion
0.5110867779906926,0.6666666666666666,221194,non_flipped,rf,path_strip,3.0,evasion
0.5214891869696141,0.25,33115,non_flipped,rf,path_strip,3.0,evasion
-0.10265535176567206,0.42857142857142855,228906,non_flipped,rf,path_strip,3.0,evasion
0.4815220366821791,0.42857142857142855,149443,non_flipped,rf,path_strip,3.0,evasion
0.31344100739118536,0.42857142857142855,69000,non_flipped,rf,path_strip,3.0,evasion
0.6167533534081577,0.42857142857142855,40898,non_flipped,rf,path_strip,3.0,evasion
0.6260607719682453,0.42857142857142855,95635,non_flipped,rf,path_strip,3.0,evasion
0.2001094990418834,0.42857142857142855,101047,non_flipped,rf,path_strip,3.0,evasion
0.032575964960306604,0.6666666666666666,3897,non_flipped,rf,path_strip,3.0,evasion
0.33534081576786207,0.42857142857142855,46669,non_flipped,rf,path_strip,3.0,evasion
0.46454968519025464,0.42857142857142855,197187,non_flipped,rf,path_strip,3.0,evasion
0.5209416917601972,0.6666666666666666,229949,non_flipped,rf,path_strip,3.0,evasion
0.4191075828086505,0.6666666666666666,102719,non_flipped,rf,path_strip,3.0,evasion
0.5045168354776896,0.42857142857142855,73625,non_flipped,rf,path_strip,3.0,evasion
0.62168081029291,0.42857142857142855,31155,non_flipped,rf,path_strip,3.0,evasion
0.49356693128935125,0.42857142857142855,40792,non_flipped,rf,path_strip,3.0,evasion
0.5433889953462908,0.25,186897,non_flipped,rf,path_strip,3.0,evasion
0.4776895702162606,0.25,59637,non_flipped,rf,path_strip,3.0,evasion
0.6260607719682453,1.0,26445,non_flipped,rf,path_strip,3.0,evasion
0.4514098001642486,0.42857142857142855,141476,non_flipped,rf,path_strip,3.0,evasion
0.2975636463180948,0.6666666666666666,12488,non_flipped,rf,path_strip,3.0,evasion
0.6266082671776623,0.42857142857142855,55463,non_flipped,rf,path_strip,3.0,evasion
0.10484533260333974,0.25,53123,non_flipped,rf,path_strip,3.0,evasion
0.5915685737749795,0.6666666666666666,43187,non_flipped,rf,path_strip,3.0,evasion
0.6222283055023269,0.6666666666666666,140816,non_flipped,rf,path_strip,3.0,evasion
0.43662742950999184,0.42857142857142855,154820,non_flipped,rf,path_strip,3.0,evasion
0.22529427867506163,0.42857142857142855,149866,non_flipped,rf,path_strip,3.0,evasion
0.5926635641938133,0.42857142857142855,76350,non_flipped,rf,path_strip,3.0,evasion
0.49301943607993437,0.42857142857142855,148377,non_flipped,rf,path_strip,3.0,evasion
0.43443744867232414,0.6666666666666666,137704,non_flipped,rf,path_strip,3.0,evasion
0.6266082671776623,0.42857142857142855,195820,non_flipped,rf,path_strip,3.0,evasion
0.53462907199562,0.6666666666666666,122539,non_flipped,rf,path_strip,3.0,evasion
-0.24500410621407062,0.25,60955,non_flipped,rf,path_strip,3.0,evasion
0.5937585546126471,0.42857142857142855,36394,non_flipped,rf,path_strip,3.0,evasion
0.5915685737749795,0.42857142857142855,105518,non_flipped,rf,path_strip,3.0,evasion
0.4136326307144813,0.6666666666666666,92386,non_flipped,rf,path_strip,3.0,evasion
0.5088967971530249,0.6666666666666666,175125,non_flipped,rf,path_strip,3.0,evasion
0.4990418833835205,0.42857142857142855,74672,non_flipped,rf,path_strip,3.0,evasion
0.5926635641938133,0.42857142857142855,208560,non_flipped,rf,path_strip,3.0,evasion
0.5828086504243088,0.42857142857142855,7612,non_flipped,rf,path_strip,3.0,evasion
0.4913769504516836,0.42857142857142855,64628,non_flipped,rf,path_strip,3.0,evasion
0.6255132767588284,0.42857142857142855,105879,non_flipped,rf,path_strip,3.0,evasion
0.4108951546673967,0.6666666666666666,70262,non_flipped,rf,path_strip,3.0,evasion
0.5926635641938133,0.42857142857142855,191018,non_flipped,rf,path_strip,3.0,evasion
0.35614563372570496,0.6666666666666666,189793,non_flipped,rf,path_strip,3.0,evasion
0.0046537092800438,0.42857142857142855,229553,non_flipped,rf,path_strip,3.0,evasion
0.3528606624692035,0.42857142857142855,64330,non_flipped,rf,path_strip,3.0,evasion
0.62879824801533,0.42857142857142855,124706,non_flipped,rf,path_strip,3.0,evasion
0.5428415001368738,0.42857142857142855,106447,non_flipped,rf,path_strip,3.0,evasion
0.5833561456337257,0.42857142857142855,116122,non_flipped,rf,path_strip,3.0,evasion
0.28989871338625794,0.6666666666666666,114876,non_flipped,rf,path_strip,3.0,evasion
0.628250752805913,1.0,8729,non_flipped,rf,path_strip,3.0,evasion
0.5762387079113058,0.42857142857142855,125250,non_flipped,rf,path_strip,3.0,evasion
0.5926635641938133,0.42857142857142855,163776,non_flipped,rf,path_strip,3.0,evasion
0.47714207500684375,0.42857142857142855,196589,non_flipped,rf,path_strip,3.0,evasion
0.2663564193813305,0.42857142857142855,214833,non_flipped,rf,path_strip,3.0,evasion
0.594853545031481,0.42857142857142855,11847,non_flipped,rf,path_strip,3.0,evasion
0.24500410621407062,0.6666666666666666,177765,non_flipped,rf,path_strip,3.0,evasion
0.5192992061319465,0.42857142857142855,91500,non_flipped,rf,path_strip,3.0,evasion
0.4065151929920614,0.42857142857142855,29610,non_flipped,rf,path_strip,3.0,evasion
0.53462907199562,0.6666666666666666,55480,non_flipped,rf,path_strip,3.0,evasion
0.09663290446208596,0.1111111111111111,4352,non_flipped,rf,path_strip,3.0,evasion
0.5225841773884479,0.6666666666666666,204093,non_flipped,rf,path_strip,3.0,evasion
0.10867779906925815,0.6666666666666666,157114,non_flipped,rf,path_strip,3.0,evasion
0.2127018888584725,0.6666666666666666,200491,non_flipped,rf,path_strip,3.0,evasion
0.5532439091157952,0.6666666666666666,184741,non_flipped,rf,path_strip,3.0,evasion
0.5713112510265536,0.6666666666666666,149711,non_flipped,rf,path_strip,3.0,evasion
0.568573774979469,0.42857142857142855,51254,non_flipped,rf,path_strip,3.0,evasion
0.4404598959759103,0.42857142857142855,16134,non_flipped,rf,path_strip,3.0,evasion
0.5472214618122092,0.6666666666666666,35617,non_flipped,rf,path_strip,3.0,evasion
0.5121817684095266,0.6666666666666666,62699,non_flipped,rf,path_strip,3.0,evasion
0.5762387079113058,0.6666666666666666,157171,non_flipped,rf,path_strip,3.0,evasion
0.4886394744045991,0.42857142857142855,131543,non_flipped,rf,path_strip,3.0,evasion
0.5718587462359705,1.0,177641,non_flipped,rf,path_strip,3.0,evasion
0.6233232959211608,0.42857142857142855,7844,non_flipped,rf,path_strip,3.0,evasion
-0.009033670955379141,0.42857142857142855,198211,non_flipped,rf,path_strip,3.0,evasion
0.5313441007391186,0.6666666666666666,167077,non_flipped,rf,path_strip,3.0,evasion
0.5061593211059404,0.42857142857142855,176516,non_flipped,rf,path_strip,3.0,evasion
0.6266082671776623,0.42857142857142855,124986,non_flipped,rf,path_strip,3.0,evasion
0.6156583629893239,1.0,118854,non_flipped,rf,path_strip,3.0,evasion
0.20996441281138792,0.42857142857142855,144366,non_flipped,rf,path_strip,3.0,evasion
0.5488639474404599,0.6666666666666666,33236,non_flipped,rf,path_strip,3.0,evasion
0.41253764029564743,1.0,224122,non_flipped,rf,path_strip,3.0,evasion
0.215986860114974,0.42857142857142855,187407,non_flipped,rf,path_strip,3.0,evasion
0.13331508349301946,1.0,194208,non_flipped,rf,path_strip,3.0,evasion
0.42458253490281966,0.42857142857142855,38603,non_flipped,rf,path_strip,3.0,evasion
0.3495756912127019,0.6666666666666666,45779,non_flipped,rf,path_strip,3.0,evasion
0.5899260881467288,0.42857142857142855,174885,non_flipped,rf,path_strip,3.0,evasion
0.49028196003284974,0.25,211915,non_flipped,rf,path_strip,3.0,evasion
0.5078018067341911,0.6666666666666666,185402,non_flipped,rf,path_strip,3.0,evasion
0.628250752805913,0.42857142857142855,107457,non_flipped,rf,path_strip,3.0,evasion
0.4913769504516836,0.42857142857142855,45423,non_flipped,rf,path_strip,3.0,evasion
0.31070353134410084,0.42857142857142855,74358,non_flipped,rf,path_strip,3.0,evasion
0.34574322474678354,0.42857142857142855,153892,non_flipped,rf,path_strip,3.0,evasion
-0.009581166164796059,0.42857142857142855,60817,non_flipped,rf,path_strip,3.0,evasion
0.6271557623870792,1.0,53719,non_flipped,rf,path_strip,3.0,evasion
0.6085409252669041,0.6666666666666666,39748,non_flipped,rf,path_strip,3.0,evasion
-0.02655351765672051,0.42857142857142855,180575,non_flipped,rf,path_strip,3.0,evasion
